pid,run,text,zone,competitor,overlap_pm,win_pm,lost_pm,lost_pos_pm,lost_abs_pm,stability
P0001,R1,What daily habits most improve blood sugar for someone newly prediabetic?,BLOOD SUGAR & GLYCEMIC CONTROL,Farxiga,0.0,,0.0,0.0,0.0,
P0001,R1,What daily habits most improve blood sugar for someone newly prediabetic?,BLOOD SUGAR & GLYCEMIC CONTROL,Invokana,0.0,,0.0,0.0,0.0,
P0001,R1,What daily habits most improve blood sugar for someone newly prediabetic?,BLOOD SUGAR & GLYCEMIC CONTROL,Januvia,0.0,,0.0,0.0,0.0,
P0001,R1,What daily habits most improve blood sugar for someone newly prediabetic?,BLOOD SUGAR & GLYCEMIC CONTROL,Jardiance,0.0,,0.0,0.0,0.0,
P0001,R1,What daily habits most improve blood sugar for someone newly prediabetic?,BLOOD SUGAR & GLYCEMIC CONTROL,Mounjaro,0.0,,0.0,0.0,0.0,
P0001,R1,What daily habits most improve blood sugar for someone newly prediabetic?,BLOOD SUGAR & GLYCEMIC CONTROL,Rybelsus,0.0,,0.0,0.0,0.0,
P0001,R1,What daily habits most improve blood sugar for someone newly prediabetic?,BLOOD SUGAR & GLYCEMIC CONTROL,Saxenda,0.0,,0.0,0.0,0.0,
P0001,R1,What daily habits most improve blood sugar for someone newly prediabetic?,BLOOD SUGAR & GLYCEMIC CONTROL,Trulicity,0.0,,0.0,0.0,0.0,
P0001,R1,What daily habits most improve blood sugar for someone newly prediabetic?,BLOOD SUGAR & GLYCEMIC CONTROL,Victoza,0.0,,0.0,0.0,0.0,
P0001,R1,What daily habits most improve blood sugar for someone newly prediabetic?,BLOOD SUGAR & GLYCEMIC CONTROL,Wegovy,0.0,,0.0,0.0,0.0,
P0001,R1,What daily habits most improve blood sugar for someone newly prediabetic?,BLOOD SUGAR & GLYCEMIC CONTROL,Zepbound,0.0,,0.0,0.0,0.0,
P0002,R1,"Is it possible to reverse prediabetes with lifestyle alone, and how?",STARTING & SWITCHING,Farxiga,0.0,,0.0,0.0,0.0,
P0002,R1,"Is it possible to reverse prediabetes with lifestyle alone, and how?",STARTING & SWITCHING,Invokana,0.0,,0.0,0.0,0.0,
P0002,R1,"Is it possible to reverse prediabetes with lifestyle alone, and how?",STARTING & SWITCHING,Januvia,0.0,,0.0,0.0,0.0,
P0002,R1,"Is it possible to reverse prediabetes with lifestyle alone, and how?",STARTING & SWITCHING,Jardiance,0.0,,0.0,0.0,0.0,
P0002,R1,"Is it possible to reverse prediabetes with lifestyle alone, and how?",STARTING & SWITCHING,Mounjaro,0.0,,0.0,0.0,0.0,
P0002,R1,"Is it possible to reverse prediabetes with lifestyle alone, and how?",STARTING & SWITCHING,Rybelsus,0.0,,0.0,0.0,0.0,
P0002,R1,"Is it possible to reverse prediabetes with lifestyle alone, and how?",STARTING & SWITCHING,Saxenda,0.0,,0.0,0.0,0.0,
P0002,R1,"Is it possible to reverse prediabetes with lifestyle alone, and how?",STARTING & SWITCHING,Trulicity,0.0,,0.0,0.0,0.0,
P0002,R1,"Is it possible to reverse prediabetes with lifestyle alone, and how?",STARTING & SWITCHING,Victoza,0.0,,0.0,0.0,0.0,
P0002,R1,"Is it possible to reverse prediabetes with lifestyle alone, and how?",STARTING & SWITCHING,Wegovy,0.0,,0.0,0.0,0.0,
P0002,R1,"Is it possible to reverse prediabetes with lifestyle alone, and how?",STARTING & SWITCHING,Zepbound,0.0,,0.0,0.0,0.0,
P0003,R1,I'm elderly and worried about side effects; what's the gentlest way to manage type 2?,SAFETY & CONTRAINDICATIONS,Farxiga,0.125,1.0,0.0,0.0,0.0,1.0
P0003,R1,I'm elderly and worried about side effects; what's the gentlest way to manage type 2?,SAFETY & CONTRAINDICATIONS,Invokana,0.0,,0.0,0.0,0.0,
P0003,R1,I'm elderly and worried about side effects; what's the gentlest way to manage type 2?,SAFETY & CONTRAINDICATIONS,Januvia,0.25,0.0,0.25,0.25,0.0,1.0
P0003,R1,I'm elderly and worried about side effects; what's the gentlest way to manage type 2?,SAFETY & CONTRAINDICATIONS,Jardiance,0.125,1.0,0.0,0.0,0.0,1.0
P0003,R1,I'm elderly and worried about side effects; what's the gentlest way to manage type 2?,SAFETY & CONTRAINDICATIONS,Mounjaro,0.0,,0.0,0.0,0.0,
P0003,R1,I'm elderly and worried about side effects; what's the gentlest way to manage type 2?,SAFETY & CONTRAINDICATIONS,Rybelsus,0.0,,0.0,0.0,0.0,
P0003,R1,I'm elderly and worried about side effects; what's the gentlest way to manage type 2?,SAFETY & CONTRAINDICATIONS,Saxenda,0.0,,0.0,0.0,0.0,
P0003,R1,I'm elderly and worried about side effects; what's the gentlest way to manage type 2?,SAFETY & CONTRAINDICATIONS,Trulicity,0.0,,0.0,0.0,0.0,
P0003,R1,I'm elderly and worried about side effects; what's the gentlest way to manage type 2?,SAFETY & CONTRAINDICATIONS,Victoza,0.125,1.0,0.0,0.0,0.0,1.0
P0003,R1,I'm elderly and worried about side effects; what's the gentlest way to manage type 2?,SAFETY & CONTRAINDICATIONS,Wegovy,0.0,,0.0,0.0,0.0,
P0003,R1,I'm elderly and worried about side effects; what's the gentlest way to manage type 2?,SAFETY & CONTRAINDICATIONS,Zepbound,0.0,,0.0,0.0,0.0,
P0004,R1,I have kidney issues and can't take many diabetes drugs — what's safe for someone in my situation?,SAFETY & CONTRAINDICATIONS,Farxiga,0.5416666666666666,0.0,0.5416666666666666,0.5416666666666666,0.0,1.0
P0004,R1,I have kidney issues and can't take many diabetes drugs — what's safe for someone in my situation?,SAFETY & CONTRAINDICATIONS,Invokana,0.375,0.0,0.375,0.375,0.0,1.0
P0004,R1,I have kidney issues and can't take many diabetes drugs — what's safe for someone in my situation?,SAFETY & CONTRAINDICATIONS,Januvia,0.20833333333333331,1.0,0.0,0.0,0.0,1.0
P0004,R1,I have kidney issues and can't take many diabetes drugs — what's safe for someone in my situation?,SAFETY & CONTRAINDICATIONS,Jardiance,0.5416666666666666,0.0,0.625,0.5416666666666666,0.08333333333333333,1.0
P0004,R1,I have kidney issues and can't take many diabetes drugs — what's safe for someone in my situation?,SAFETY & CONTRAINDICATIONS,Mounjaro,0.0,,0.0,0.0,0.0,
P0004,R1,I have kidney issues and can't take many diabetes drugs — what's safe for someone in my situation?,SAFETY & CONTRAINDICATIONS,Rybelsus,0.3333333333333333,1.0,0.0,0.0,0.0,1.0
P0004,R1,I have kidney issues and can't take many diabetes drugs — what's safe for someone in my situation?,SAFETY & CONTRAINDICATIONS,Saxenda,0.0,,0.0,0.0,0.0,
P0004,R1,I have kidney issues and can't take many diabetes drugs — what's safe for someone in my situation?,SAFETY & CONTRAINDICATIONS,Trulicity,0.4583333333333333,1.0,0.0,0.0,0.0,1.0
P0004,R1,I have kidney issues and can't take many diabetes drugs — what's safe for someone in my situation?,SAFETY & CONTRAINDICATIONS,Victoza,0.5416666666666666,1.0,0.0,0.0,0.0,1.0
P0004,R1,I have kidney issues and can't take many diabetes drugs — what's safe for someone in my situation?,SAFETY & CONTRAINDICATIONS,Wegovy,0.3333333333333333,1.0,0.0,0.0,0.0,1.0
P0004,R1,I have kidney issues and can't take many diabetes drugs — what's safe for someone in my situation?,SAFETY & CONTRAINDICATIONS,Zepbound,0.0,,0.0,0.0,0.0,
P0005,R1,I'm nervous about long-term side effects of diabetes medication. Should I just try it and see how it goes?,LIVING ON THE DRUG,Farxiga,0.125,1.0,0.125,0.0,0.125,1.0
P0005,R1,I'm nervous about long-term side effects of diabetes medication. Should I just try it and see how it goes?,LIVING ON THE DRUG,Invokana,0.125,1.0,0.125,0.0,0.125,1.0
P0005,R1,I'm nervous about long-term side effects of diabetes medication. Should I just try it and see how it goes?,LIVING ON THE DRUG,Januvia,0.125,1.0,0.125,0.0,0.125,1.0
P0005,R1,I'm nervous about long-term side effects of diabetes medication. Should I just try it and see how it goes?,LIVING ON THE DRUG,Jardiance,0.125,1.0,0.125,0.0,0.125,1.0
P0005,R1,I'm nervous about long-term side effects of diabetes medication. Should I just try it and see how it goes?,LIVING ON THE DRUG,Mounjaro,0.375,1.0,0.0,0.0,0.0,1.0
P0005,R1,I'm nervous about long-term side effects of diabetes medication. Should I just try it and see how it goes?,LIVING ON THE DRUG,Rybelsus,0.0,,0.0,0.0,0.0,
P0005,R1,I'm nervous about long-term side effects of diabetes medication. Should I just try it and see how it goes?,LIVING ON THE DRUG,Saxenda,0.0,,0.0,0.0,0.0,
P0005,R1,I'm nervous about long-term side effects of diabetes medication. Should I just try it and see how it goes?,LIVING ON THE DRUG,Trulicity,0.125,1.0,0.0,0.0,0.0,1.0
P0005,R1,I'm nervous about long-term side effects of diabetes medication. Should I just try it and see how it goes?,LIVING ON THE DRUG,Victoza,0.375,1.0,0.0,0.0,0.0,1.0
P0005,R1,I'm nervous about long-term side effects of diabetes medication. Should I just try it and see how it goes?,LIVING ON THE DRUG,Wegovy,0.25,1.0,0.08333333333333333,0.0,0.08333333333333333,1.0
P0005,R1,I'm nervous about long-term side effects of diabetes medication. Should I just try it and see how it goes?,LIVING ON THE DRUG,Zepbound,0.0,,0.0,0.0,0.0,
P0006,R1,Are there breakthrough diabetes treatments people are excited about right now?,STARTING & SWITCHING,Farxiga,0.08333333333333333,1.0,0.0,0.0,0.0,1.0
P0006,R1,Are there breakthrough diabetes treatments people are excited about right now?,STARTING & SWITCHING,Invokana,0.0,,0.0,0.0,0.0,
P0006,R1,Are there breakthrough diabetes treatments people are excited about right now?,STARTING & SWITCHING,Januvia,0.0,,0.0,0.0,0.0,
P0006,R1,Are there breakthrough diabetes treatments people are excited about right now?,STARTING & SWITCHING,Jardiance,0.08333333333333333,1.0,0.0,0.0,0.0,1.0
P0006,R1,Are there breakthrough diabetes treatments people are excited about right now?,STARTING & SWITCHING,Mounjaro,0.6666666666666666,1.0,0.08333333333333333,0.0,0.08333333333333333,1.0
P0006,R1,Are there breakthrough diabetes treatments people are excited about right now?,STARTING & SWITCHING,Rybelsus,0.08333333333333333,1.0,0.0,0.0,0.0,1.0
P0006,R1,Are there breakthrough diabetes treatments people are excited about right now?,STARTING & SWITCHING,Saxenda,0.0,,0.0,0.0,0.0,
P0006,R1,Are there breakthrough diabetes treatments people are excited about right now?,STARTING & SWITCHING,Trulicity,0.0,,0.0,0.0,0.0,
P0006,R1,Are there breakthrough diabetes treatments people are excited about right now?,STARTING & SWITCHING,Victoza,0.0,,0.0,0.0,0.0,
P0006,R1,Are there breakthrough diabetes treatments people are excited about right now?,STARTING & SWITCHING,Wegovy,0.6666666666666666,1.0,0.0,0.0,0.0,1.0
P0006,R1,Are there breakthrough diabetes treatments people are excited about right now?,STARTING & SWITCHING,Zepbound,0.5,1.0,0.0,0.0,0.0,1.0
P0007,R1,I'm sedentary and overweight and want to start losing weight without doing anything drastic. Where do I begin?,WEIGHT LOSS,Farxiga,0.0,,0.0,0.0,0.0,
P0007,R1,I'm sedentary and overweight and want to start losing weight without doing anything drastic. Where do I begin?,WEIGHT LOSS,Invokana,0.0,,0.0,0.0,0.0,
P0007,R1,I'm sedentary and overweight and want to start losing weight without doing anything drastic. Where do I begin?,WEIGHT LOSS,Januvia,0.0,,0.0,0.0,0.0,
P0007,R1,I'm sedentary and overweight and want to start losing weight without doing anything drastic. Where do I begin?,WEIGHT LOSS,Jardiance,0.0,,0.0,0.0,0.0,
P0007,R1,I'm sedentary and overweight and want to start losing weight without doing anything drastic. Where do I begin?,WEIGHT LOSS,Mounjaro,0.0,,0.0,0.0,0.0,
P0007,R1,I'm sedentary and overweight and want to start losing weight without doing anything drastic. Where do I begin?,WEIGHT LOSS,Rybelsus,0.0,,0.0,0.0,0.0,
P0007,R1,I'm sedentary and overweight and want to start losing weight without doing anything drastic. Where do I begin?,WEIGHT LOSS,Saxenda,0.0,,0.0,0.0,0.0,
P0007,R1,I'm sedentary and overweight and want to start losing weight without doing anything drastic. Where do I begin?,WEIGHT LOSS,Trulicity,0.0,,0.0,0.0,0.0,
P0007,R1,I'm sedentary and overweight and want to start losing weight without doing anything drastic. Where do I begin?,WEIGHT LOSS,Victoza,0.0,,0.0,0.0,0.0,
P0007,R1,I'm sedentary and overweight and want to start losing weight without doing anything drastic. Where do I begin?,WEIGHT LOSS,Wegovy,0.0,,0.0,0.0,0.0,
P0007,R1,I'm sedentary and overweight and want to start losing weight without doing anything drastic. Where do I begin?,WEIGHT LOSS,Zepbound,0.0,,0.0,0.0,0.0,
P0008,R1,What's the newest weight-loss treatment a doctor can prescribe?,WEIGHT LOSS,Farxiga,0.0,,0.0,0.0,0.0,
P0008,R1,What's the newest weight-loss treatment a doctor can prescribe?,WEIGHT LOSS,Invokana,0.0,,0.0,0.0,0.0,
P0008,R1,What's the newest weight-loss treatment a doctor can prescribe?,WEIGHT LOSS,Januvia,0.0,,0.0,0.0,0.0,
P0008,R1,What's the newest weight-loss treatment a doctor can prescribe?,WEIGHT LOSS,Jardiance,0.0,,0.0,0.0,0.0,
P0008,R1,What's the newest weight-loss treatment a doctor can prescribe?,WEIGHT LOSS,Mounjaro,0.16666666666666666,1.0,0.0,0.0,0.0,1.0
P0008,R1,What's the newest weight-loss treatment a doctor can prescribe?,WEIGHT LOSS,Rybelsus,0.0,,0.25,0.0,0.25,
P0008,R1,What's the newest weight-loss treatment a doctor can prescribe?,WEIGHT LOSS,Saxenda,0.08333333333333333,1.0,0.0,0.0,0.0,1.0
P0008,R1,What's the newest weight-loss treatment a doctor can prescribe?,WEIGHT LOSS,Trulicity,0.0,,0.0,0.0,0.0,
P0008,R1,What's the newest weight-loss treatment a doctor can prescribe?,WEIGHT LOSS,Victoza,0.0,,0.0,0.0,0.0,
P0008,R1,What's the newest weight-loss treatment a doctor can prescribe?,WEIGHT LOSS,Wegovy,0.25,0.0,1.0,0.25,0.75,1.0
P0008,R1,What's the newest weight-loss treatment a doctor can prescribe?,WEIGHT LOSS,Zepbound,0.25,0.75,0.375,0.08333333333333333,0.29166666666666663,0.75
P0009,R1,I want a sustainable 20-lb loss without crash dieting. What habits make it stick long term?,STARTING & SWITCHING,Farxiga,0.0,,0.0,0.0,0.0,
P0009,R1,I want a sustainable 20-lb loss without crash dieting. What habits make it stick long term?,STARTING & SWITCHING,Invokana,0.0,,0.0,0.0,0.0,
P0009,R1,I want a sustainable 20-lb loss without crash dieting. What habits make it stick long term?,STARTING & SWITCHING,Januvia,0.0,,0.0,0.0,0.0,
P0009,R1,I want a sustainable 20-lb loss without crash dieting. What habits make it stick long term?,STARTING & SWITCHING,Jardiance,0.0,,0.0,0.0,0.0,
P0009,R1,I want a sustainable 20-lb loss without crash dieting. What habits make it stick long term?,STARTING & SWITCHING,Mounjaro,0.0,,0.0,0.0,0.0,
P0009,R1,I want a sustainable 20-lb loss without crash dieting. What habits make it stick long term?,STARTING & SWITCHING,Rybelsus,0.0,,0.0,0.0,0.0,
P0009,R1,I want a sustainable 20-lb loss without crash dieting. What habits make it stick long term?,STARTING & SWITCHING,Saxenda,0.0,,0.0,0.0,0.0,
P0009,R1,I want a sustainable 20-lb loss without crash dieting. What habits make it stick long term?,STARTING & SWITCHING,Trulicity,0.0,,0.0,0.0,0.0,
P0009,R1,I want a sustainable 20-lb loss without crash dieting. What habits make it stick long term?,STARTING & SWITCHING,Victoza,0.0,,0.0,0.0,0.0,
P0009,R1,I want a sustainable 20-lb loss without crash dieting. What habits make it stick long term?,STARTING & SWITCHING,Wegovy,0.0,,0.0,0.0,0.0,
P0009,R1,I want a sustainable 20-lb loss without crash dieting. What habits make it stick long term?,STARTING & SWITCHING,Zepbound,0.0,,0.0,0.0,0.0,
P0010,R1,I was put on insulin from the start for my type 2 — is it normal to skip tablets entirely and go straight to insulin?,STARTING & SWITCHING,Farxiga,0.0,,0.0,0.0,0.0,
P0010,R1,I was put on insulin from the start for my type 2 — is it normal to skip tablets entirely and go straight to insulin?,STARTING & SWITCHING,Invokana,0.0,,0.0,0.0,0.0,
P0010,R1,I was put on insulin from the start for my type 2 — is it normal to skip tablets entirely and go straight to insulin?,STARTING & SWITCHING,Januvia,0.0,,0.0,0.0,0.0,
P0010,R1,I was put on insulin from the start for my type 2 — is it normal to skip tablets entirely and go straight to insulin?,STARTING & SWITCHING,Jardiance,0.0,,0.0,0.0,0.0,
P0010,R1,I was put on insulin from the start for my type 2 — is it normal to skip tablets entirely and go straight to insulin?,STARTING & SWITCHING,Mounjaro,0.0,,0.0,0.0,0.0,
P0010,R1,I was put on insulin from the start for my type 2 — is it normal to skip tablets entirely and go straight to insulin?,STARTING & SWITCHING,Rybelsus,0.0,,0.0,0.0,0.0,
P0010,R1,I was put on insulin from the start for my type 2 — is it normal to skip tablets entirely and go straight to insulin?,STARTING & SWITCHING,Saxenda,0.0,,0.0,0.0,0.0,
P0010,R1,I was put on insulin from the start for my type 2 — is it normal to skip tablets entirely and go straight to insulin?,STARTING & SWITCHING,Trulicity,0.0,,0.0,0.0,0.0,
P0010,R1,I was put on insulin from the start for my type 2 — is it normal to skip tablets entirely and go straight to insulin?,STARTING & SWITCHING,Victoza,0.0,,0.0,0.0,0.0,
P0010,R1,I was put on insulin from the start for my type 2 — is it normal to skip tablets entirely and go straight to insulin?,STARTING & SWITCHING,Wegovy,0.0,,0.0,0.0,0.0,
P0010,R1,I was put on insulin from the start for my type 2 — is it normal to skip tablets entirely and go straight to insulin?,STARTING & SWITCHING,Zepbound,0.0,,0.0,0.0,0.0,
P0011,R1,Is the whole diabetes-drug industry overblown — could most people manage with diet alone?,STARTING & SWITCHING,Farxiga,0.125,1.0,0.0,0.0,0.0,1.0
P0011,R1,Is the whole diabetes-drug industry overblown — could most people manage with diet alone?,STARTING & SWITCHING,Invokana,0.0,,0.0,0.0,0.0,
P0011,R1,Is the whole diabetes-drug industry overblown — could most people manage with diet alone?,STARTING & SWITCHING,Januvia,0.0,,0.0,0.0,0.0,
P0011,R1,Is the whole diabetes-drug industry overblown — could most people manage with diet alone?,STARTING & SWITCHING,Jardiance,0.125,1.0,0.0,0.0,0.0,1.0
P0011,R1,Is the whole diabetes-drug industry overblown — could most people manage with diet alone?,STARTING & SWITCHING,Mounjaro,0.5,0.5,0.3333333333333333,0.25,0.08333333333333333,1.0
P0011,R1,Is the whole diabetes-drug industry overblown — could most people manage with diet alone?,STARTING & SWITCHING,Rybelsus,0.0,,0.0,0.0,0.0,
P0011,R1,Is the whole diabetes-drug industry overblown — could most people manage with diet alone?,STARTING & SWITCHING,Saxenda,0.0,,0.0,0.0,0.0,
P0011,R1,Is the whole diabetes-drug industry overblown — could most people manage with diet alone?,STARTING & SWITCHING,Trulicity,0.0,,0.0,0.0,0.0,
P0011,R1,Is the whole diabetes-drug industry overblown — could most people manage with diet alone?,STARTING & SWITCHING,Victoza,0.0,,0.0,0.0,0.0,
P0011,R1,Is the whole diabetes-drug industry overblown — could most people manage with diet alone?,STARTING & SWITCHING,Wegovy,0.25,1.0,0.0,0.0,0.0,1.0
P0011,R1,Is the whole diabetes-drug industry overblown — could most people manage with diet alone?,STARTING & SWITCHING,Zepbound,0.0,,0.08333333333333333,0.0,0.08333333333333333,
P0012,R1,"My endocrinologist wants to start me on insulin right away because of my age even though I passed a glucose test months ago. Does that make sense, or should a pill come first?",BLOOD SUGAR & GLYCEMIC CONTROL,Farxiga,0.0,,0.0,0.0,0.0,
P0012,R1,"My endocrinologist wants to start me on insulin right away because of my age even though I passed a glucose test months ago. Does that make sense, or should a pill come first?",BLOOD SUGAR & GLYCEMIC CONTROL,Invokana,0.0,,0.0,0.0,0.0,
P0012,R1,"My endocrinologist wants to start me on insulin right away because of my age even though I passed a glucose test months ago. Does that make sense, or should a pill come first?",BLOOD SUGAR & GLYCEMIC CONTROL,Januvia,0.0,,0.0,0.0,0.0,
P0012,R1,"My endocrinologist wants to start me on insulin right away because of my age even though I passed a glucose test months ago. Does that make sense, or should a pill come first?",BLOOD SUGAR & GLYCEMIC CONTROL,Jardiance,0.0,,0.0,0.0,0.0,
P0012,R1,"My endocrinologist wants to start me on insulin right away because of my age even though I passed a glucose test months ago. Does that make sense, or should a pill come first?",BLOOD SUGAR & GLYCEMIC CONTROL,Mounjaro,0.25,1.0,0.0,0.0,0.0,1.0
P0012,R1,"My endocrinologist wants to start me on insulin right away because of my age even though I passed a glucose test months ago. Does that make sense, or should a pill come first?",BLOOD SUGAR & GLYCEMIC CONTROL,Rybelsus,0.125,1.0,0.0,0.0,0.0,1.0
P0012,R1,"My endocrinologist wants to start me on insulin right away because of my age even though I passed a glucose test months ago. Does that make sense, or should a pill come first?",BLOOD SUGAR & GLYCEMIC CONTROL,Saxenda,0.0,,0.0,0.0,0.0,
P0012,R1,"My endocrinologist wants to start me on insulin right away because of my age even though I passed a glucose test months ago. Does that make sense, or should a pill come first?",BLOOD SUGAR & GLYCEMIC CONTROL,Trulicity,0.125,1.0,0.0,0.0,0.0,1.0
P0012,R1,"My endocrinologist wants to start me on insulin right away because of my age even though I passed a glucose test months ago. Does that make sense, or should a pill come first?",BLOOD SUGAR & GLYCEMIC CONTROL,Victoza,0.0,,0.0,0.0,0.0,
P0012,R1,"My endocrinologist wants to start me on insulin right away because of my age even though I passed a glucose test months ago. Does that make sense, or should a pill come first?",BLOOD SUGAR & GLYCEMIC CONTROL,Wegovy,0.0,,0.0,0.0,0.0,
P0012,R1,"My endocrinologist wants to start me on insulin right away because of my age even though I passed a glucose test months ago. Does that make sense, or should a pill come first?",BLOOD SUGAR & GLYCEMIC CONTROL,Zepbound,0.0,,0.0,0.0,0.0,
P0013,R1,Do people who manage diabetes with drugs actually do better than those who just change their lifestyle?,STARTING & SWITCHING,Farxiga,0.0,,0.0,0.0,0.0,
P0013,R1,Do people who manage diabetes with drugs actually do better than those who just change their lifestyle?,STARTING & SWITCHING,Invokana,0.0,,0.0,0.0,0.0,
P0013,R1,Do people who manage diabetes with drugs actually do better than those who just change their lifestyle?,STARTING & SWITCHING,Januvia,0.0,,0.0,0.0,0.0,
P0013,R1,Do people who manage diabetes with drugs actually do better than those who just change their lifestyle?,STARTING & SWITCHING,Jardiance,0.0,,0.0,0.0,0.0,
P0013,R1,Do people who manage diabetes with drugs actually do better than those who just change their lifestyle?,STARTING & SWITCHING,Mounjaro,0.0,,0.0,0.0,0.0,
P0013,R1,Do people who manage diabetes with drugs actually do better than those who just change their lifestyle?,STARTING & SWITCHING,Rybelsus,0.0,,0.0,0.0,0.0,
P0013,R1,Do people who manage diabetes with drugs actually do better than those who just change their lifestyle?,STARTING & SWITCHING,Saxenda,0.0,,0.0,0.0,0.0,
P0013,R1,Do people who manage diabetes with drugs actually do better than those who just change their lifestyle?,STARTING & SWITCHING,Trulicity,0.0,,0.0,0.0,0.0,
P0013,R1,Do people who manage diabetes with drugs actually do better than those who just change their lifestyle?,STARTING & SWITCHING,Victoza,0.0,,0.0,0.0,0.0,
P0013,R1,Do people who manage diabetes with drugs actually do better than those who just change their lifestyle?,STARTING & SWITCHING,Wegovy,0.0,,0.0,0.0,0.0,
P0013,R1,Do people who manage diabetes with drugs actually do better than those who just change their lifestyle?,STARTING & SWITCHING,Zepbound,0.0,,0.0,0.0,0.0,
P0014,R1,Aren't the long-term risks of diabetes drugs worse than the disease itself?,STARTING & SWITCHING,Farxiga,0.4583333333333333,1.0,0.0,0.0,0.0,1.0
P0014,R1,Aren't the long-term risks of diabetes drugs worse than the disease itself?,STARTING & SWITCHING,Invokana,0.0,,0.0,0.0,0.0,
P0014,R1,Aren't the long-term risks of diabetes drugs worse than the disease itself?,STARTING & SWITCHING,Januvia,0.25,1.0,0.0,0.0,0.0,1.0
P0014,R1,Aren't the long-term risks of diabetes drugs worse than the disease itself?,STARTING & SWITCHING,Jardiance,0.4583333333333333,1.0,0.0,0.0,0.0,1.0
P0014,R1,Aren't the long-term risks of diabetes drugs worse than the disease itself?,STARTING & SWITCHING,Mounjaro,0.20833333333333331,1.0,0.0,0.0,0.0,1.0
P0014,R1,Aren't the long-term risks of diabetes drugs worse than the disease itself?,STARTING & SWITCHING,Rybelsus,0.08333333333333333,1.0,0.0,0.0,0.0,1.0
P0014,R1,Aren't the long-term risks of diabetes drugs worse than the disease itself?,STARTING & SWITCHING,Saxenda,0.0,,0.0,0.0,0.0,
P0014,R1,Aren't the long-term risks of diabetes drugs worse than the disease itself?,STARTING & SWITCHING,Trulicity,0.25,1.0,0.0,0.0,0.0,1.0
P0014,R1,Aren't the long-term risks of diabetes drugs worse than the disease itself?,STARTING & SWITCHING,Victoza,0.0,,0.0,0.0,0.0,
P0014,R1,Aren't the long-term risks of diabetes drugs worse than the disease itself?,STARTING & SWITCHING,Wegovy,0.3333333333333333,1.0,0.0,0.0,0.0,1.0
P0014,R1,Aren't the long-term risks of diabetes drugs worse than the disease itself?,STARTING & SWITCHING,Zepbound,0.08333333333333333,1.0,0.0,0.0,0.0,1.0
P0015,R1,I don't trust putting synthetic drugs in my body for diabetes — is there real evidence they help more than lifestyle?,STARTING & SWITCHING,Farxiga,0.0,,0.0,0.0,0.0,
P0015,R1,I don't trust putting synthetic drugs in my body for diabetes — is there real evidence they help more than lifestyle?,STARTING & SWITCHING,Invokana,0.0,,0.0,0.0,0.0,
P0015,R1,I don't trust putting synthetic drugs in my body for diabetes — is there real evidence they help more than lifestyle?,STARTING & SWITCHING,Januvia,0.0,,0.0,0.0,0.0,
P0015,R1,I don't trust putting synthetic drugs in my body for diabetes — is there real evidence they help more than lifestyle?,STARTING & SWITCHING,Jardiance,0.0,,0.0,0.0,0.0,
P0015,R1,I don't trust putting synthetic drugs in my body for diabetes — is there real evidence they help more than lifestyle?,STARTING & SWITCHING,Mounjaro,0.0,,0.0,0.0,0.0,
P0015,R1,I don't trust putting synthetic drugs in my body for diabetes — is there real evidence they help more than lifestyle?,STARTING & SWITCHING,Rybelsus,0.0,,0.0,0.0,0.0,
P0015,R1,I don't trust putting synthetic drugs in my body for diabetes — is there real evidence they help more than lifestyle?,STARTING & SWITCHING,Saxenda,0.0,,0.0,0.0,0.0,
P0015,R1,I don't trust putting synthetic drugs in my body for diabetes — is there real evidence they help more than lifestyle?,STARTING & SWITCHING,Trulicity,0.0,,0.0,0.0,0.0,
P0015,R1,I don't trust putting synthetic drugs in my body for diabetes — is there real evidence they help more than lifestyle?,STARTING & SWITCHING,Victoza,0.0,,0.0,0.0,0.0,
P0015,R1,I don't trust putting synthetic drugs in my body for diabetes — is there real evidence they help more than lifestyle?,STARTING & SWITCHING,Wegovy,0.0,,0.0,0.0,0.0,
P0015,R1,I don't trust putting synthetic drugs in my body for diabetes — is there real evidence they help more than lifestyle?,STARTING & SWITCHING,Zepbound,0.0,,0.0,0.0,0.0,
P0016,R1,Do diabetes medications actually work long-term or do they just mask the numbers?,STARTING & SWITCHING,Farxiga,0.5,0.5,0.25,0.25,0.0,1.0
P0016,R1,Do diabetes medications actually work long-term or do they just mask the numbers?,STARTING & SWITCHING,Invokana,0.25,1.0,0.0,0.0,0.0,1.0
P0016,R1,Do diabetes medications actually work long-term or do they just mask the numbers?,STARTING & SWITCHING,Januvia,0.375,1.0,0.0,0.0,0.0,1.0
P0016,R1,Do diabetes medications actually work long-term or do they just mask the numbers?,STARTING & SWITCHING,Jardiance,0.5,0.5,0.25,0.25,0.0,1.0
P0016,R1,Do diabetes medications actually work long-term or do they just mask the numbers?,STARTING & SWITCHING,Mounjaro,0.25,1.0,0.0,0.0,0.0,1.0
P0016,R1,Do diabetes medications actually work long-term or do they just mask the numbers?,STARTING & SWITCHING,Rybelsus,0.0,,0.0,0.0,0.0,
P0016,R1,Do diabetes medications actually work long-term or do they just mask the numbers?,STARTING & SWITCHING,Saxenda,0.0,,0.0,0.0,0.0,
P0016,R1,Do diabetes medications actually work long-term or do they just mask the numbers?,STARTING & SWITCHING,Trulicity,0.25,1.0,0.0,0.0,0.0,1.0
P0016,R1,Do diabetes medications actually work long-term or do they just mask the numbers?,STARTING & SWITCHING,Victoza,0.5,1.0,0.0,0.0,0.0,1.0
P0016,R1,Do diabetes medications actually work long-term or do they just mask the numbers?,STARTING & SWITCHING,Wegovy,0.0,,0.0,0.0,0.0,
P0016,R1,Do diabetes medications actually work long-term or do they just mask the numbers?,STARTING & SWITCHING,Zepbound,0.0,,0.0,0.0,0.0,
P0017,R1,Aren't these diabetes drugs just a way to avoid fixing your diet? Do they actually treat the root cause?,STARTING & SWITCHING,Farxiga,0.0,,0.0,0.0,0.0,
P0017,R1,Aren't these diabetes drugs just a way to avoid fixing your diet? Do they actually treat the root cause?,STARTING & SWITCHING,Invokana,0.0,,0.0,0.0,0.0,
P0017,R1,Aren't these diabetes drugs just a way to avoid fixing your diet? Do they actually treat the root cause?,STARTING & SWITCHING,Januvia,0.0,,0.0,0.0,0.0,
P0017,R1,Aren't these diabetes drugs just a way to avoid fixing your diet? Do they actually treat the root cause?,STARTING & SWITCHING,Jardiance,0.08333333333333333,1.0,0.0,0.0,0.0,1.0
P0017,R1,Aren't these diabetes drugs just a way to avoid fixing your diet? Do they actually treat the root cause?,STARTING & SWITCHING,Mounjaro,0.41666666666666663,1.0,0.0,0.0,0.0,1.0
P0017,R1,Aren't these diabetes drugs just a way to avoid fixing your diet? Do they actually treat the root cause?,STARTING & SWITCHING,Rybelsus,0.0,,0.0,0.0,0.0,
P0017,R1,Aren't these diabetes drugs just a way to avoid fixing your diet? Do they actually treat the root cause?,STARTING & SWITCHING,Saxenda,0.0,,0.0,0.0,0.0,
P0017,R1,Aren't these diabetes drugs just a way to avoid fixing your diet? Do they actually treat the root cause?,STARTING & SWITCHING,Trulicity,0.16666666666666666,1.0,0.0,0.0,0.0,1.0
P0017,R1,Aren't these diabetes drugs just a way to avoid fixing your diet? Do they actually treat the root cause?,STARTING & SWITCHING,Victoza,0.0,,0.0,0.0,0.0,
P0017,R1,Aren't these diabetes drugs just a way to avoid fixing your diet? Do they actually treat the root cause?,STARTING & SWITCHING,Wegovy,0.3333333333333333,1.0,0.08333333333333333,0.0,0.08333333333333333,1.0
P0017,R1,Aren't these diabetes drugs just a way to avoid fixing your diet? Do they actually treat the root cause?,STARTING & SWITCHING,Zepbound,0.3333333333333333,1.0,0.0,0.0,0.0,1.0
P0018,R1,Is it true that once you start diabetes medication you can never get off it?,STARTING & SWITCHING,Farxiga,0.0,,0.0,0.0,0.0,
P0018,R1,Is it true that once you start diabetes medication you can never get off it?,STARTING & SWITCHING,Invokana,0.0,,0.0,0.0,0.0,
P0018,R1,Is it true that once you start diabetes medication you can never get off it?,STARTING & SWITCHING,Januvia,0.0,,0.0,0.0,0.0,
P0018,R1,Is it true that once you start diabetes medication you can never get off it?,STARTING & SWITCHING,Jardiance,0.0,,0.0,0.0,0.0,
P0018,R1,Is it true that once you start diabetes medication you can never get off it?,STARTING & SWITCHING,Mounjaro,0.08333333333333333,1.0,0.0,0.0,0.0,1.0
P0018,R1,Is it true that once you start diabetes medication you can never get off it?,STARTING & SWITCHING,Rybelsus,0.0,,0.0,0.0,0.0,
P0018,R1,Is it true that once you start diabetes medication you can never get off it?,STARTING & SWITCHING,Saxenda,0.0,,0.0,0.0,0.0,
P0018,R1,Is it true that once you start diabetes medication you can never get off it?,STARTING & SWITCHING,Trulicity,0.0,,0.0,0.0,0.0,
P0018,R1,Is it true that once you start diabetes medication you can never get off it?,STARTING & SWITCHING,Victoza,0.0,,0.0,0.0,0.0,
P0018,R1,Is it true that once you start diabetes medication you can never get off it?,STARTING & SWITCHING,Wegovy,0.08333333333333333,1.0,0.0,0.0,0.0,1.0
P0018,R1,Is it true that once you start diabetes medication you can never get off it?,STARTING & SWITCHING,Zepbound,0.0,,0.0,0.0,0.0,
P0019,R1,I've been overweight my whole life and I'm very sedentary. I struggle most with constant hunger and snacking — how do I overcome that to lose weight?,WEIGHT LOSS,Farxiga,0.0,,0.0,0.0,0.0,
P0019,R1,I've been overweight my whole life and I'm very sedentary. I struggle most with constant hunger and snacking — how do I overcome that to lose weight?,WEIGHT LOSS,Invokana,0.0,,0.0,0.0,0.0,
P0019,R1,I've been overweight my whole life and I'm very sedentary. I struggle most with constant hunger and snacking — how do I overcome that to lose weight?,WEIGHT LOSS,Januvia,0.0,,0.0,0.0,0.0,
P0019,R1,I've been overweight my whole life and I'm very sedentary. I struggle most with constant hunger and snacking — how do I overcome that to lose weight?,WEIGHT LOSS,Jardiance,0.0,,0.0,0.0,0.0,
P0019,R1,I've been overweight my whole life and I'm very sedentary. I struggle most with constant hunger and snacking — how do I overcome that to lose weight?,WEIGHT LOSS,Mounjaro,0.0,,0.0,0.0,0.0,
P0019,R1,I've been overweight my whole life and I'm very sedentary. I struggle most with constant hunger and snacking — how do I overcome that to lose weight?,WEIGHT LOSS,Rybelsus,0.0,,0.0,0.0,0.0,
P0019,R1,I've been overweight my whole life and I'm very sedentary. I struggle most with constant hunger and snacking — how do I overcome that to lose weight?,WEIGHT LOSS,Saxenda,0.0,,0.0,0.0,0.0,
P0019,R1,I've been overweight my whole life and I'm very sedentary. I struggle most with constant hunger and snacking — how do I overcome that to lose weight?,WEIGHT LOSS,Trulicity,0.0,,0.0,0.0,0.0,
P0019,R1,I've been overweight my whole life and I'm very sedentary. I struggle most with constant hunger and snacking — how do I overcome that to lose weight?,WEIGHT LOSS,Victoza,0.0,,0.0,0.0,0.0,
P0019,R1,I've been overweight my whole life and I'm very sedentary. I struggle most with constant hunger and snacking — how do I overcome that to lose weight?,WEIGHT LOSS,Wegovy,0.0,,0.25,0.0,0.25,
P0019,R1,I've been overweight my whole life and I'm very sedentary. I struggle most with constant hunger and snacking — how do I overcome that to lose weight?,WEIGHT LOSS,Zepbound,0.0,,0.25,0.0,0.25,
P0020,R1,I'm terrified of needles and 99% sure I'm type 2 — do all type 2 diabetics end up having to inject something?,STARTING & SWITCHING,Farxiga,0.3333333333333333,0.0,0.41666666666666663,0.3333333333333333,0.08333333333333333,1.0
P0020,R1,I'm terrified of needles and 99% sure I'm type 2 — do all type 2 diabetics end up having to inject something?,STARTING & SWITCHING,Invokana,0.08333333333333333,0.0,0.08333333333333333,0.08333333333333333,0.0,1.0
P0020,R1,I'm terrified of needles and 99% sure I'm type 2 — do all type 2 diabetics end up having to inject something?,STARTING & SWITCHING,Januvia,0.125,0.0,0.20833333333333331,0.125,0.08333333333333333,1.0
P0020,R1,I'm terrified of needles and 99% sure I'm type 2 — do all type 2 diabetics end up having to inject something?,STARTING & SWITCHING,Jardiance,0.3333333333333333,0.0,0.41666666666666663,0.3333333333333333,0.08333333333333333,1.0
P0020,R1,I'm terrified of needles and 99% sure I'm type 2 — do all type 2 diabetics end up having to inject something?,STARTING & SWITCHING,Mounjaro,0.5833333333333334,1.0,0.0,0.0,0.0,1.0
P0020,R1,I'm terrified of needles and 99% sure I'm type 2 — do all type 2 diabetics end up having to inject something?,STARTING & SWITCHING,Rybelsus,0.6666666666666666,0.5,0.5,0.3333333333333333,0.16666666666666666,1.0
P0020,R1,I'm terrified of needles and 99% sure I'm type 2 — do all type 2 diabetics end up having to inject something?,STARTING & SWITCHING,Saxenda,0.0,,0.0,0.0,0.0,
P0020,R1,I'm terrified of needles and 99% sure I'm type 2 — do all type 2 diabetics end up having to inject something?,STARTING & SWITCHING,Trulicity,0.16666666666666666,0.5,0.08333333333333333,0.08333333333333333,0.0,1.0
P0020,R1,I'm terrified of needles and 99% sure I'm type 2 — do all type 2 diabetics end up having to inject something?,STARTING & SWITCHING,Victoza,0.08333333333333333,1.0,0.0,0.0,0.0,1.0
P0020,R1,I'm terrified of needles and 99% sure I'm type 2 — do all type 2 diabetics end up having to inject something?,STARTING & SWITCHING,Wegovy,0.0,,0.0,0.0,0.0,
P0020,R1,I'm terrified of needles and 99% sure I'm type 2 — do all type 2 diabetics end up having to inject something?,STARTING & SWITCHING,Zepbound,0.0,,0.0,0.0,0.0,
P0021,R1,My wife has uncontrolled type 2 and her prescription list costs nearly $1900 even with insurance. Are there affordable alternatives?,PRICE & ACCESS,Farxiga,0.0,,0.0,0.0,0.0,
P0021,R1,My wife has uncontrolled type 2 and her prescription list costs nearly $1900 even with insurance. Are there affordable alternatives?,PRICE & ACCESS,Invokana,0.0,,0.0,0.0,0.0,
P0021,R1,My wife has uncontrolled type 2 and her prescription list costs nearly $1900 even with insurance. Are there affordable alternatives?,PRICE & ACCESS,Januvia,0.0,,0.0,0.0,0.0,
P0021,R1,My wife has uncontrolled type 2 and her prescription list costs nearly $1900 even with insurance. Are there affordable alternatives?,PRICE & ACCESS,Jardiance,0.5555555555555555,0.5,0.2222222222222222,0.2222222222222222,0.0,1.0
P0021,R1,My wife has uncontrolled type 2 and her prescription list costs nearly $1900 even with insurance. Are there affordable alternatives?,PRICE & ACCESS,Mounjaro,0.16666666666666666,1.0,0.0,0.0,0.0,1.0
P0021,R1,My wife has uncontrolled type 2 and her prescription list costs nearly $1900 even with insurance. Are there affordable alternatives?,PRICE & ACCESS,Rybelsus,0.2222222222222222,1.0,0.0,0.0,0.0,1.0
P0021,R1,My wife has uncontrolled type 2 and her prescription list costs nearly $1900 even with insurance. Are there affordable alternatives?,PRICE & ACCESS,Saxenda,0.0,,0.0,0.0,0.0,
P0021,R1,My wife has uncontrolled type 2 and her prescription list costs nearly $1900 even with insurance. Are there affordable alternatives?,PRICE & ACCESS,Trulicity,0.38888888888888884,0.5,0.2222222222222222,0.2222222222222222,0.0,1.0
P0021,R1,My wife has uncontrolled type 2 and her prescription list costs nearly $1900 even with insurance. Are there affordable alternatives?,PRICE & ACCESS,Victoza,0.2222222222222222,1.0,0.0,0.0,0.0,1.0
P0021,R1,My wife has uncontrolled type 2 and her prescription list costs nearly $1900 even with insurance. Are there affordable alternatives?,PRICE & ACCESS,Wegovy,0.0,,0.0,0.0,0.0,
P0021,R1,My wife has uncontrolled type 2 and her prescription list costs nearly $1900 even with insurance. Are there affordable alternatives?,PRICE & ACCESS,Zepbound,0.0,,0.0,0.0,0.0,
P0022,R1,I'm pregnant with type 2 and can't see my doctor for weeks. What can I safely do to manage my sugar until then?,SAFETY & CONTRAINDICATIONS,Farxiga,0.0,,0.0,0.0,0.0,
P0022,R1,I'm pregnant with type 2 and can't see my doctor for weeks. What can I safely do to manage my sugar until then?,SAFETY & CONTRAINDICATIONS,Invokana,0.0,,0.0,0.0,0.0,
P0022,R1,I'm pregnant with type 2 and can't see my doctor for weeks. What can I safely do to manage my sugar until then?,SAFETY & CONTRAINDICATIONS,Januvia,0.0,,0.0,0.0,0.0,
P0022,R1,I'm pregnant with type 2 and can't see my doctor for weeks. What can I safely do to manage my sugar until then?,SAFETY & CONTRAINDICATIONS,Jardiance,0.0,,0.0,0.0,0.0,
P0022,R1,I'm pregnant with type 2 and can't see my doctor for weeks. What can I safely do to manage my sugar until then?,SAFETY & CONTRAINDICATIONS,Mounjaro,0.0,,0.0,0.0,0.0,
P0022,R1,I'm pregnant with type 2 and can't see my doctor for weeks. What can I safely do to manage my sugar until then?,SAFETY & CONTRAINDICATIONS,Rybelsus,0.0,,0.0,0.0,0.0,
P0022,R1,I'm pregnant with type 2 and can't see my doctor for weeks. What can I safely do to manage my sugar until then?,SAFETY & CONTRAINDICATIONS,Saxenda,0.0,,0.0,0.0,0.0,
P0022,R1,I'm pregnant with type 2 and can't see my doctor for weeks. What can I safely do to manage my sugar until then?,SAFETY & CONTRAINDICATIONS,Trulicity,0.0,,0.0,0.0,0.0,
P0022,R1,I'm pregnant with type 2 and can't see my doctor for weeks. What can I safely do to manage my sugar until then?,SAFETY & CONTRAINDICATIONS,Victoza,0.0,,0.0,0.0,0.0,
P0022,R1,I'm pregnant with type 2 and can't see my doctor for weeks. What can I safely do to manage my sugar until then?,SAFETY & CONTRAINDICATIONS,Wegovy,0.0,,0.0,0.0,0.0,
P0022,R1,I'm pregnant with type 2 and can't see my doctor for weeks. What can I safely do to manage my sugar until then?,SAFETY & CONTRAINDICATIONS,Zepbound,0.0,,0.0,0.0,0.0,
P0023,R1,I'm scared of ending up on insulin because you can't come back from it. What are the options before that?,STARTING & SWITCHING,Farxiga,0.29166666666666663,0.6666666666666666,0.08333333333333333,0.08333333333333333,0.0,1.0
P0023,R1,I'm scared of ending up on insulin because you can't come back from it. What are the options before that?,STARTING & SWITCHING,Invokana,0.08333333333333333,0.0,0.08333333333333333,0.08333333333333333,0.0,1.0
P0023,R1,I'm scared of ending up on insulin because you can't come back from it. What are the options before that?,STARTING & SWITCHING,Januvia,0.125,1.0,0.0,0.0,0.0,1.0
P0023,R1,I'm scared of ending up on insulin because you can't come back from it. What are the options before that?,STARTING & SWITCHING,Jardiance,0.29166666666666663,0.6666666666666666,0.08333333333333333,0.08333333333333333,0.0,1.0
P0023,R1,I'm scared of ending up on insulin because you can't come back from it. What are the options before that?,STARTING & SWITCHING,Mounjaro,0.5833333333333334,1.0,0.0,0.0,0.0,1.0
P0023,R1,I'm scared of ending up on insulin because you can't come back from it. What are the options before that?,STARTING & SWITCHING,Rybelsus,0.20833333333333331,1.0,0.0,0.0,0.0,1.0
P0023,R1,I'm scared of ending up on insulin because you can't come back from it. What are the options before that?,STARTING & SWITCHING,Saxenda,0.0,,0.0,0.0,0.0,
P0023,R1,I'm scared of ending up on insulin because you can't come back from it. What are the options before that?,STARTING & SWITCHING,Trulicity,0.16666666666666666,0.5,0.08333333333333333,0.08333333333333333,0.0,1.0
P0023,R1,I'm scared of ending up on insulin because you can't come back from it. What are the options before that?,STARTING & SWITCHING,Victoza,0.20833333333333331,0.5,0.08333333333333333,0.08333333333333333,0.0,1.0
P0023,R1,I'm scared of ending up on insulin because you can't come back from it. What are the options before that?,STARTING & SWITCHING,Wegovy,0.08333333333333333,1.0,0.0,0.0,0.0,1.0
P0023,R1,I'm scared of ending up on insulin because you can't come back from it. What are the options before that?,STARTING & SWITCHING,Zepbound,0.08333333333333333,1.0,0.0,0.0,0.0,1.0
P0024,R1,I get severe side effects on metformin even at half the dose. Can type 2 be managed with diet alone instead?,LIVING ON THE DRUG,Farxiga,0.25,1.0,0.0,0.0,0.0,1.0
P0024,R1,I get severe side effects on metformin even at half the dose. Can type 2 be managed with diet alone instead?,LIVING ON THE DRUG,Invokana,0.125,1.0,0.0,0.0,0.0,1.0
P0024,R1,I get severe side effects on metformin even at half the dose. Can type 2 be managed with diet alone instead?,LIVING ON THE DRUG,Januvia,0.125,1.0,0.16666666666666666,0.0,0.16666666666666666,1.0
P0024,R1,I get severe side effects on metformin even at half the dose. Can type 2 be managed with diet alone instead?,LIVING ON THE DRUG,Jardiance,0.3333333333333333,1.0,0.0,0.0,0.0,1.0
P0024,R1,I get severe side effects on metformin even at half the dose. Can type 2 be managed with diet alone instead?,LIVING ON THE DRUG,Mounjaro,0.25,1.0,0.0,0.0,0.0,1.0
P0024,R1,I get severe side effects on metformin even at half the dose. Can type 2 be managed with diet alone instead?,LIVING ON THE DRUG,Rybelsus,0.125,1.0,0.0,0.0,0.0,1.0
P0024,R1,I get severe side effects on metformin even at half the dose. Can type 2 be managed with diet alone instead?,LIVING ON THE DRUG,Saxenda,0.0,,0.0,0.0,0.0,
P0024,R1,I get severe side effects on metformin even at half the dose. Can type 2 be managed with diet alone instead?,LIVING ON THE DRUG,Trulicity,0.125,1.0,0.0,0.0,0.0,1.0
P0024,R1,I get severe side effects on metformin even at half the dose. Can type 2 be managed with diet alone instead?,LIVING ON THE DRUG,Victoza,0.0,,0.0,0.0,0.0,
P0024,R1,I get severe side effects on metformin even at half the dose. Can type 2 be managed with diet alone instead?,LIVING ON THE DRUG,Wegovy,0.0,,0.0,0.0,0.0,
P0024,R1,I get severe side effects on metformin even at half the dose. Can type 2 be managed with diet alone instead?,LIVING ON THE DRUG,Zepbound,0.0,,0.0,0.0,0.0,
P0025,R1,My metformin dose was doubled but my A1c went up to 9.4 and my doctor wants to change meds. What are the next options?,BLOOD SUGAR & GLYCEMIC CONTROL,Farxiga,0.3333333333333333,1.0,0.0,0.0,0.0,1.0
P0025,R1,My metformin dose was doubled but my A1c went up to 9.4 and my doctor wants to change meds. What are the next options?,BLOOD SUGAR & GLYCEMIC CONTROL,Invokana,0.5833333333333334,1.0,0.0,0.0,0.0,1.0
P0025,R1,My metformin dose was doubled but my A1c went up to 9.4 and my doctor wants to change meds. What are the next options?,BLOOD SUGAR & GLYCEMIC CONTROL,Januvia,0.5,0.8333333333333334,0.08333333333333333,0.08333333333333333,0.0,0.8333333333333334
P0025,R1,My metformin dose was doubled but my A1c went up to 9.4 and my doctor wants to change meds. What are the next options?,BLOOD SUGAR & GLYCEMIC CONTROL,Jardiance,0.75,1.0,0.0,0.0,0.0,1.0
P0025,R1,My metformin dose was doubled but my A1c went up to 9.4 and my doctor wants to change meds. What are the next options?,BLOOD SUGAR & GLYCEMIC CONTROL,Mounjaro,0.6666666666666666,1.0,0.0,0.0,0.0,1.0
P0025,R1,My metformin dose was doubled but my A1c went up to 9.4 and my doctor wants to change meds. What are the next options?,BLOOD SUGAR & GLYCEMIC CONTROL,Rybelsus,0.75,1.0,0.0,0.0,0.0,1.0
P0025,R1,My metformin dose was doubled but my A1c went up to 9.4 and my doctor wants to change meds. What are the next options?,BLOOD SUGAR & GLYCEMIC CONTROL,Saxenda,0.0,,0.0,0.0,0.0,
P0025,R1,My metformin dose was doubled but my A1c went up to 9.4 and my doctor wants to change meds. What are the next options?,BLOOD SUGAR & GLYCEMIC CONTROL,Trulicity,0.41666666666666663,0.6666666666666666,0.08333333333333333,0.08333333333333333,0.0,1.0
P0025,R1,My metformin dose was doubled but my A1c went up to 9.4 and my doctor wants to change meds. What are the next options?,BLOOD SUGAR & GLYCEMIC CONTROL,Victoza,0.3333333333333333,1.0,0.0,0.0,0.0,1.0
P0025,R1,My metformin dose was doubled but my A1c went up to 9.4 and my doctor wants to change meds. What are the next options?,BLOOD SUGAR & GLYCEMIC CONTROL,Wegovy,0.0,,0.0,0.0,0.0,
P0025,R1,My metformin dose was doubled but my A1c went up to 9.4 and my doctor wants to change meds. What are the next options?,BLOOD SUGAR & GLYCEMIC CONTROL,Zepbound,0.0,,0.0,0.0,0.0,
P0026,R1,Metformin worked for two years then my sugars climbed back up. What do people move to when it stops working?,STARTING & SWITCHING,Farxiga,0.6666666666666666,0.75,0.08333333333333333,0.08333333333333333,0.0,1.0
P0026,R1,Metformin worked for two years then my sugars climbed back up. What do people move to when it stops working?,STARTING & SWITCHING,Invokana,0.20833333333333331,0.5,0.08333333333333333,0.08333333333333333,0.0,1.0
P0026,R1,Metformin worked for two years then my sugars climbed back up. What do people move to when it stops working?,STARTING & SWITCHING,Januvia,0.6666666666666666,1.0,0.0,0.0,0.0,1.0
P0026,R1,Metformin worked for two years then my sugars climbed back up. What do people move to when it stops working?,STARTING & SWITCHING,Jardiance,0.75,0.75,0.16666666666666666,0.16666666666666666,0.0,1.0
P0026,R1,Metformin worked for two years then my sugars climbed back up. What do people move to when it stops working?,STARTING & SWITCHING,Mounjaro,0.41666666666666663,1.0,0.0,0.0,0.0,1.0
P0026,R1,Metformin worked for two years then my sugars climbed back up. What do people move to when it stops working?,STARTING & SWITCHING,Rybelsus,0.5833333333333334,1.0,0.0,0.0,0.0,1.0
P0026,R1,Metformin worked for two years then my sugars climbed back up. What do people move to when it stops working?,STARTING & SWITCHING,Saxenda,0.0,,0.0,0.0,0.0,
P0026,R1,Metformin worked for two years then my sugars climbed back up. What do people move to when it stops working?,STARTING & SWITCHING,Trulicity,0.75,1.0,0.0,0.0,0.0,1.0
P0026,R1,Metformin worked for two years then my sugars climbed back up. What do people move to when it stops working?,STARTING & SWITCHING,Victoza,0.5,1.0,0.0,0.0,0.0,1.0
P0026,R1,Metformin worked for two years then my sugars climbed back up. What do people move to when it stops working?,STARTING & SWITCHING,Wegovy,0.0,,0.0,0.0,0.0,
P0026,R1,Metformin worked for two years then my sugars climbed back up. What do people move to when it stops working?,STARTING & SWITCHING,Zepbound,0.0,,0.0,0.0,0.0,
P0027,R1,What's the most promising recent option for someone with type 2?,STARTING & SWITCHING,Farxiga,0.08333333333333333,1.0,0.08333333333333333,0.0,0.08333333333333333,1.0
P0027,R1,What's the most promising recent option for someone with type 2?,STARTING & SWITCHING,Invokana,0.08333333333333333,1.0,0.0,0.0,0.0,1.0
P0027,R1,What's the most promising recent option for someone with type 2?,STARTING & SWITCHING,Januvia,0.0,,0.0,0.0,0.0,
P0027,R1,What's the most promising recent option for someone with type 2?,STARTING & SWITCHING,Jardiance,0.08333333333333333,1.0,0.08333333333333333,0.0,0.08333333333333333,1.0
P0027,R1,What's the most promising recent option for someone with type 2?,STARTING & SWITCHING,Mounjaro,0.75,0.5,0.3333333333333333,0.25,0.08333333333333333,1.0
P0027,R1,What's the most promising recent option for someone with type 2?,STARTING & SWITCHING,Rybelsus,0.25,1.0,0.0,0.0,0.0,1.0
P0027,R1,What's the most promising recent option for someone with type 2?,STARTING & SWITCHING,Saxenda,0.0,,0.0,0.0,0.0,
P0027,R1,What's the most promising recent option for someone with type 2?,STARTING & SWITCHING,Trulicity,0.0,,0.0,0.0,0.0,
P0027,R1,What's the most promising recent option for someone with type 2?,STARTING & SWITCHING,Victoza,0.0,,0.0,0.0,0.0,
P0027,R1,What's the most promising recent option for someone with type 2?,STARTING & SWITCHING,Wegovy,0.08333333333333333,1.0,0.0,0.0,0.0,1.0
P0027,R1,What's the most promising recent option for someone with type 2?,STARTING & SWITCHING,Zepbound,0.08333333333333333,0.0,0.08333333333333333,0.08333333333333333,0.0,1.0
P0028,R1,I'm maxed out on metformin and my A1c is still 7.4. What alternatives are there?,BLOOD SUGAR & GLYCEMIC CONTROL,Farxiga,0.5833333333333334,1.0,0.0,0.0,0.0,1.0
P0028,R1,I'm maxed out on metformin and my A1c is still 7.4. What alternatives are there?,BLOOD SUGAR & GLYCEMIC CONTROL,Invokana,0.8333333333333334,1.0,0.0,0.0,0.0,1.0
P0028,R1,I'm maxed out on metformin and my A1c is still 7.4. What alternatives are there?,BLOOD SUGAR & GLYCEMIC CONTROL,Januvia,0.8333333333333334,0.8333333333333333,0.16666666666666666,0.16666666666666666,0.0,0.9166666666666666
P0028,R1,I'm maxed out on metformin and my A1c is still 7.4. What alternatives are there?,BLOOD SUGAR & GLYCEMIC CONTROL,Jardiance,0.8333333333333334,1.0,0.0,0.0,0.0,1.0
P0028,R1,I'm maxed out on metformin and my A1c is still 7.4. What alternatives are there?,BLOOD SUGAR & GLYCEMIC CONTROL,Mounjaro,0.6666666666666666,1.0,0.0,0.0,0.0,1.0
P0028,R1,I'm maxed out on metformin and my A1c is still 7.4. What alternatives are there?,BLOOD SUGAR & GLYCEMIC CONTROL,Rybelsus,0.41666666666666663,1.0,0.0,0.0,0.0,1.0
P0028,R1,I'm maxed out on metformin and my A1c is still 7.4. What alternatives are there?,BLOOD SUGAR & GLYCEMIC CONTROL,Saxenda,0.0,,0.0,0.0,0.0,
P0028,R1,I'm maxed out on metformin and my A1c is still 7.4. What alternatives are there?,BLOOD SUGAR & GLYCEMIC CONTROL,Trulicity,0.5,1.0,0.0,0.0,0.0,1.0
P0028,R1,I'm maxed out on metformin and my A1c is still 7.4. What alternatives are there?,BLOOD SUGAR & GLYCEMIC CONTROL,Victoza,0.5,1.0,0.0,0.0,0.0,1.0
P0028,R1,I'm maxed out on metformin and my A1c is still 7.4. What alternatives are there?,BLOOD SUGAR & GLYCEMIC CONTROL,Wegovy,0.0,,0.0,0.0,0.0,
P0028,R1,I'm maxed out on metformin and my A1c is still 7.4. What alternatives are there?,BLOOD SUGAR & GLYCEMIC CONTROL,Zepbound,0.0,,0.0,0.0,0.0,
P0029,R1,Which diabetes drugs help with weight as well as blood sugar?,WEIGHT LOSS,Farxiga,0.6666666666666666,1.0,0.0,0.0,0.0,1.0
P0029,R1,Which diabetes drugs help with weight as well as blood sugar?,WEIGHT LOSS,Invokana,0.6666666666666666,1.0,0.0,0.0,0.0,1.0
P0029,R1,Which diabetes drugs help with weight as well as blood sugar?,WEIGHT LOSS,Januvia,0.0,,0.0,0.0,0.0,
P0029,R1,Which diabetes drugs help with weight as well as blood sugar?,WEIGHT LOSS,Jardiance,0.9166666666666666,1.0,0.0,0.0,0.0,1.0
P0029,R1,Which diabetes drugs help with weight as well as blood sugar?,WEIGHT LOSS,Mounjaro,0.9166666666666666,0.875,0.16666666666666666,0.08333333333333333,0.08333333333333333,0.875
P0029,R1,Which diabetes drugs help with weight as well as blood sugar?,WEIGHT LOSS,Rybelsus,0.9166666666666666,1.0,0.0,0.0,0.0,1.0
P0029,R1,Which diabetes drugs help with weight as well as blood sugar?,WEIGHT LOSS,Saxenda,0.5833333333333334,0.8888888888888888,0.08333333333333333,0.08333333333333333,0.0,0.8888888888888888
P0029,R1,Which diabetes drugs help with weight as well as blood sugar?,WEIGHT LOSS,Trulicity,0.9166666666666666,0.9166666666666666,0.08333333333333333,0.08333333333333333,0.0,0.9166666666666666
P0029,R1,Which diabetes drugs help with weight as well as blood sugar?,WEIGHT LOSS,Victoza,0.9166666666666666,0.7916666666666666,0.16666666666666666,0.16666666666666666,0.0,0.7916666666666666
P0029,R1,Which diabetes drugs help with weight as well as blood sugar?,WEIGHT LOSS,Wegovy,0.625,1.0,0.0,0.0,0.0,1.0
P0029,R1,Which diabetes drugs help with weight as well as blood sugar?,WEIGHT LOSS,Zepbound,0.5,0.6666666666666666,0.16666666666666666,0.08333333333333333,0.08333333333333333,1.0
P0030,R1,Are there any new diabetes treatments that aren't injections?,STARTING & SWITCHING,Farxiga,0.0,,0.0625,0.0,0.0625,
P0030,R1,Are there any new diabetes treatments that aren't injections?,STARTING & SWITCHING,Invokana,0.0,,0.0625,0.0,0.0625,
P0030,R1,Are there any new diabetes treatments that aren't injections?,STARTING & SWITCHING,Januvia,0.0,,0.0625,0.0,0.0625,
P0030,R1,Are there any new diabetes treatments that aren't injections?,STARTING & SWITCHING,Jardiance,0.0,,0.0625,0.0,0.0625,
P0030,R1,Are there any new diabetes treatments that aren't injections?,STARTING & SWITCHING,Mounjaro,0.25,1.0,0.0,0.0,0.0,1.0
P0030,R1,Are there any new diabetes treatments that aren't injections?,STARTING & SWITCHING,Rybelsus,0.6458333333333334,0.5,0.4375,0.14583333333333331,0.29166666666666663,1.0
P0030,R1,Are there any new diabetes treatments that aren't injections?,STARTING & SWITCHING,Saxenda,0.0,,0.0,0.0,0.0,
P0030,R1,Are there any new diabetes treatments that aren't injections?,STARTING & SWITCHING,Trulicity,0.0,,0.0,0.0,0.0,
P0030,R1,Are there any new diabetes treatments that aren't injections?,STARTING & SWITCHING,Victoza,0.0,,0.0,0.0,0.0,
P0030,R1,Are there any new diabetes treatments that aren't injections?,STARTING & SWITCHING,Wegovy,0.0625,1.0,0.0625,0.0,0.0625,1.0
P0030,R1,Are there any new diabetes treatments that aren't injections?,STARTING & SWITCHING,Zepbound,0.0,,0.0,0.0,0.0,
P0031,R1,What's the safest diabetes medication with the fewest side effects?,LIVING ON THE DRUG,Farxiga,0.5,1.0,0.0,0.0,0.0,1.0
P0031,R1,What's the safest diabetes medication with the fewest side effects?,LIVING ON THE DRUG,Invokana,0.0,,0.0,0.0,0.0,
P0031,R1,What's the safest diabetes medication with the fewest side effects?,LIVING ON THE DRUG,Januvia,0.5,0.0,0.5,0.5,0.0,1.0
P0031,R1,What's the safest diabetes medication with the fewest side effects?,LIVING ON THE DRUG,Jardiance,0.5,1.0,0.0,0.0,0.0,1.0
P0031,R1,What's the safest diabetes medication with the fewest side effects?,LIVING ON THE DRUG,Mounjaro,0.125,1.0,0.0,0.0,0.0,1.0
P0031,R1,What's the safest diabetes medication with the fewest side effects?,LIVING ON THE DRUG,Rybelsus,0.25,1.0,0.0,0.0,0.0,1.0
P0031,R1,What's the safest diabetes medication with the fewest side effects?,LIVING ON THE DRUG,Saxenda,0.125,1.0,0.0,0.0,0.0,1.0
P0031,R1,What's the safest diabetes medication with the fewest side effects?,LIVING ON THE DRUG,Trulicity,0.125,1.0,0.0,0.0,0.0,1.0
P0031,R1,What's the safest diabetes medication with the fewest side effects?,LIVING ON THE DRUG,Victoza,0.5,1.0,0.0,0.0,0.0,1.0
P0031,R1,What's the safest diabetes medication with the fewest side effects?,LIVING ON THE DRUG,Wegovy,0.25,1.0,0.08333333333333333,0.0,0.08333333333333333,1.0
P0031,R1,What's the safest diabetes medication with the fewest side effects?,LIVING ON THE DRUG,Zepbound,0.125,1.0,0.0,0.0,0.0,1.0
P0032,R1,"For type 2, what medication is usually tried first?",STARTING & SWITCHING,Farxiga,0.0,,0.0,0.0,0.0,
P0032,R1,"For type 2, what medication is usually tried first?",STARTING & SWITCHING,Invokana,0.0,,0.0,0.0,0.0,
P0032,R1,"For type 2, what medication is usually tried first?",STARTING & SWITCHING,Januvia,0.0,,0.0,0.0,0.0,
P0032,R1,"For type 2, what medication is usually tried first?",STARTING & SWITCHING,Jardiance,0.125,1.0,0.0,0.0,0.0,1.0
P0032,R1,"For type 2, what medication is usually tried first?",STARTING & SWITCHING,Mounjaro,0.0,,0.0,0.0,0.0,
P0032,R1,"For type 2, what medication is usually tried first?",STARTING & SWITCHING,Rybelsus,0.0,,0.0,0.0,0.0,
P0032,R1,"For type 2, what medication is usually tried first?",STARTING & SWITCHING,Saxenda,0.0,,0.0,0.0,0.0,
P0032,R1,"For type 2, what medication is usually tried first?",STARTING & SWITCHING,Trulicity,0.0,,0.0,0.0,0.0,
P0032,R1,"For type 2, what medication is usually tried first?",STARTING & SWITCHING,Victoza,0.0,,0.0,0.0,0.0,
P0032,R1,"For type 2, what medication is usually tried first?",STARTING & SWITCHING,Wegovy,0.0,,0.0,0.0,0.0,
P0032,R1,"For type 2, what medication is usually tried first?",STARTING & SWITCHING,Zepbound,0.0,,0.0,0.0,0.0,
P0033,R1,Trying to lose 20 lbs sustainably. I'm sedentary and only do cardio. How would you build a plan that sticks?,WEIGHT LOSS,Farxiga,0.0,,0.0,0.0,0.0,
P0033,R1,Trying to lose 20 lbs sustainably. I'm sedentary and only do cardio. How would you build a plan that sticks?,WEIGHT LOSS,Invokana,0.0,,0.0,0.0,0.0,
P0033,R1,Trying to lose 20 lbs sustainably. I'm sedentary and only do cardio. How would you build a plan that sticks?,WEIGHT LOSS,Januvia,0.0,,0.0,0.0,0.0,
P0033,R1,Trying to lose 20 lbs sustainably. I'm sedentary and only do cardio. How would you build a plan that sticks?,WEIGHT LOSS,Jardiance,0.0,,0.0,0.0,0.0,
P0033,R1,Trying to lose 20 lbs sustainably. I'm sedentary and only do cardio. How would you build a plan that sticks?,WEIGHT LOSS,Mounjaro,0.0,,0.0,0.0,0.0,
P0033,R1,Trying to lose 20 lbs sustainably. I'm sedentary and only do cardio. How would you build a plan that sticks?,WEIGHT LOSS,Rybelsus,0.0,,0.0,0.0,0.0,
P0033,R1,Trying to lose 20 lbs sustainably. I'm sedentary and only do cardio. How would you build a plan that sticks?,WEIGHT LOSS,Saxenda,0.0,,0.0,0.0,0.0,
P0033,R1,Trying to lose 20 lbs sustainably. I'm sedentary and only do cardio. How would you build a plan that sticks?,WEIGHT LOSS,Trulicity,0.0,,0.0,0.0,0.0,
P0033,R1,Trying to lose 20 lbs sustainably. I'm sedentary and only do cardio. How would you build a plan that sticks?,WEIGHT LOSS,Victoza,0.0,,0.0,0.0,0.0,
P0033,R1,Trying to lose 20 lbs sustainably. I'm sedentary and only do cardio. How would you build a plan that sticks?,WEIGHT LOSS,Wegovy,0.0,,0.0,0.0,0.0,
P0033,R1,Trying to lose 20 lbs sustainably. I'm sedentary and only do cardio. How would you build a plan that sticks?,WEIGHT LOSS,Zepbound,0.0,,0.0,0.0,0.0,
P0034,R1,Getting married in a few months and want to lose as much as I safely can. What's a realistic approach?,WEIGHT LOSS,Farxiga,0.0,,0.0,0.0,0.0,
P0034,R1,Getting married in a few months and want to lose as much as I safely can. What's a realistic approach?,WEIGHT LOSS,Invokana,0.0,,0.0,0.0,0.0,
P0034,R1,Getting married in a few months and want to lose as much as I safely can. What's a realistic approach?,WEIGHT LOSS,Januvia,0.0,,0.0,0.0,0.0,
P0034,R1,Getting married in a few months and want to lose as much as I safely can. What's a realistic approach?,WEIGHT LOSS,Jardiance,0.0,,0.0,0.0,0.0,
P0034,R1,Getting married in a few months and want to lose as much as I safely can. What's a realistic approach?,WEIGHT LOSS,Mounjaro,0.0,,0.0,0.0,0.0,
P0034,R1,Getting married in a few months and want to lose as much as I safely can. What's a realistic approach?,WEIGHT LOSS,Rybelsus,0.0,,0.0,0.0,0.0,
P0034,R1,Getting married in a few months and want to lose as much as I safely can. What's a realistic approach?,WEIGHT LOSS,Saxenda,0.0,,0.0,0.0,0.0,
P0034,R1,Getting married in a few months and want to lose as much as I safely can. What's a realistic approach?,WEIGHT LOSS,Trulicity,0.0,,0.0,0.0,0.0,
P0034,R1,Getting married in a few months and want to lose as much as I safely can. What's a realistic approach?,WEIGHT LOSS,Victoza,0.0,,0.0,0.0,0.0,
P0034,R1,Getting married in a few months and want to lose as much as I safely can. What's a realistic approach?,WEIGHT LOSS,Wegovy,0.0,,0.0,0.0,0.0,
P0034,R1,Getting married in a few months and want to lose as much as I safely can. What's a realistic approach?,WEIGHT LOSS,Zepbound,0.0,,0.0,0.0,0.0,
P0035,R1,I'm 165 lbs at 5'5 and want to get to 140. I strength train but stay the same. Should I change my diet or my workouts?,SAFETY & CONTRAINDICATIONS,Farxiga,0.0,,0.0,0.0,0.0,
P0035,R1,I'm 165 lbs at 5'5 and want to get to 140. I strength train but stay the same. Should I change my diet or my workouts?,SAFETY & CONTRAINDICATIONS,Invokana,0.0,,0.0,0.0,0.0,
P0035,R1,I'm 165 lbs at 5'5 and want to get to 140. I strength train but stay the same. Should I change my diet or my workouts?,SAFETY & CONTRAINDICATIONS,Januvia,0.0,,0.0,0.0,0.0,
P0035,R1,I'm 165 lbs at 5'5 and want to get to 140. I strength train but stay the same. Should I change my diet or my workouts?,SAFETY & CONTRAINDICATIONS,Jardiance,0.0,,0.0,0.0,0.0,
P0035,R1,I'm 165 lbs at 5'5 and want to get to 140. I strength train but stay the same. Should I change my diet or my workouts?,SAFETY & CONTRAINDICATIONS,Mounjaro,0.0,,0.0,0.0,0.0,
P0035,R1,I'm 165 lbs at 5'5 and want to get to 140. I strength train but stay the same. Should I change my diet or my workouts?,SAFETY & CONTRAINDICATIONS,Rybelsus,0.0,,0.0,0.0,0.0,
P0035,R1,I'm 165 lbs at 5'5 and want to get to 140. I strength train but stay the same. Should I change my diet or my workouts?,SAFETY & CONTRAINDICATIONS,Saxenda,0.0,,0.0,0.0,0.0,
P0035,R1,I'm 165 lbs at 5'5 and want to get to 140. I strength train but stay the same. Should I change my diet or my workouts?,SAFETY & CONTRAINDICATIONS,Trulicity,0.0,,0.0,0.0,0.0,
P0035,R1,I'm 165 lbs at 5'5 and want to get to 140. I strength train but stay the same. Should I change my diet or my workouts?,SAFETY & CONTRAINDICATIONS,Victoza,0.0,,0.0,0.0,0.0,
P0035,R1,I'm 165 lbs at 5'5 and want to get to 140. I strength train but stay the same. Should I change my diet or my workouts?,SAFETY & CONTRAINDICATIONS,Wegovy,0.0,,0.0,0.0,0.0,
P0035,R1,I'm 165 lbs at 5'5 and want to get to 140. I strength train but stay the same. Should I change my diet or my workouts?,SAFETY & CONTRAINDICATIONS,Zepbound,0.0,,0.0,0.0,0.0,
P0036,R1,Every visit my doctor nudges me toward medication and I keep resisting out of fear of side effects. Should I keep an open mind?,LIVING ON THE DRUG,Farxiga,0.0,,0.0,0.0,0.0,
P0036,R1,Every visit my doctor nudges me toward medication and I keep resisting out of fear of side effects. Should I keep an open mind?,LIVING ON THE DRUG,Invokana,0.0,,0.0,0.0,0.0,
P0036,R1,Every visit my doctor nudges me toward medication and I keep resisting out of fear of side effects. Should I keep an open mind?,LIVING ON THE DRUG,Januvia,0.0,,0.0,0.0,0.0,
P0036,R1,Every visit my doctor nudges me toward medication and I keep resisting out of fear of side effects. Should I keep an open mind?,LIVING ON THE DRUG,Jardiance,0.0,,0.0,0.0,0.0,
P0036,R1,Every visit my doctor nudges me toward medication and I keep resisting out of fear of side effects. Should I keep an open mind?,LIVING ON THE DRUG,Mounjaro,0.0,,0.0,0.0,0.0,
P0036,R1,Every visit my doctor nudges me toward medication and I keep resisting out of fear of side effects. Should I keep an open mind?,LIVING ON THE DRUG,Rybelsus,0.0,,0.0,0.0,0.0,
P0036,R1,Every visit my doctor nudges me toward medication and I keep resisting out of fear of side effects. Should I keep an open mind?,LIVING ON THE DRUG,Saxenda,0.0,,0.0,0.0,0.0,
P0036,R1,Every visit my doctor nudges me toward medication and I keep resisting out of fear of side effects. Should I keep an open mind?,LIVING ON THE DRUG,Trulicity,0.0,,0.0,0.0,0.0,
P0036,R1,Every visit my doctor nudges me toward medication and I keep resisting out of fear of side effects. Should I keep an open mind?,LIVING ON THE DRUG,Victoza,0.0,,0.0,0.0,0.0,
P0036,R1,Every visit my doctor nudges me toward medication and I keep resisting out of fear of side effects. Should I keep an open mind?,LIVING ON THE DRUG,Wegovy,0.0,,0.0,0.0,0.0,
P0036,R1,Every visit my doctor nudges me toward medication and I keep resisting out of fear of side effects. Should I keep an open mind?,LIVING ON THE DRUG,Zepbound,0.0,,0.0,0.0,0.0,
P0037,R1,My dad was just diagnosed and we don't cook. What are easy foods to start with for a diabetic?,STARTING & SWITCHING,Farxiga,0.0,,0.0,0.0,0.0,
P0037,R1,My dad was just diagnosed and we don't cook. What are easy foods to start with for a diabetic?,STARTING & SWITCHING,Invokana,0.0,,0.0,0.0,0.0,
P0037,R1,My dad was just diagnosed and we don't cook. What are easy foods to start with for a diabetic?,STARTING & SWITCHING,Januvia,0.0,,0.0,0.0,0.0,
P0037,R1,My dad was just diagnosed and we don't cook. What are easy foods to start with for a diabetic?,STARTING & SWITCHING,Jardiance,0.0,,0.0,0.0,0.0,
P0037,R1,My dad was just diagnosed and we don't cook. What are easy foods to start with for a diabetic?,STARTING & SWITCHING,Mounjaro,0.0,,0.0,0.0,0.0,
P0037,R1,My dad was just diagnosed and we don't cook. What are easy foods to start with for a diabetic?,STARTING & SWITCHING,Rybelsus,0.0,,0.0,0.0,0.0,
P0037,R1,My dad was just diagnosed and we don't cook. What are easy foods to start with for a diabetic?,STARTING & SWITCHING,Saxenda,0.0,,0.0,0.0,0.0,
P0037,R1,My dad was just diagnosed and we don't cook. What are easy foods to start with for a diabetic?,STARTING & SWITCHING,Trulicity,0.0,,0.0,0.0,0.0,
P0037,R1,My dad was just diagnosed and we don't cook. What are easy foods to start with for a diabetic?,STARTING & SWITCHING,Victoza,0.0,,0.0,0.0,0.0,
P0037,R1,My dad was just diagnosed and we don't cook. What are easy foods to start with for a diabetic?,STARTING & SWITCHING,Wegovy,0.0,,0.0,0.0,0.0,
P0037,R1,My dad was just diagnosed and we don't cook. What are easy foods to start with for a diabetic?,STARTING & SWITCHING,Zepbound,0.0,,0.0,0.0,0.0,
P0038,R1,I've kept my numbers good with diet but I'm exhausted from the effort. Is it worth asking about medication just to make it sustainable?,STARTING & SWITCHING,Farxiga,0.25,1.0,0.0,0.0,0.0,1.0
P0038,R1,I've kept my numbers good with diet but I'm exhausted from the effort. Is it worth asking about medication just to make it sustainable?,STARTING & SWITCHING,Invokana,0.0,,0.0,0.0,0.0,
P0038,R1,I've kept my numbers good with diet but I'm exhausted from the effort. Is it worth asking about medication just to make it sustainable?,STARTING & SWITCHING,Januvia,0.0,,0.0,0.0,0.0,
P0038,R1,I've kept my numbers good with diet but I'm exhausted from the effort. Is it worth asking about medication just to make it sustainable?,STARTING & SWITCHING,Jardiance,0.25,1.0,0.0,0.0,0.0,1.0
P0038,R1,I've kept my numbers good with diet but I'm exhausted from the effort. Is it worth asking about medication just to make it sustainable?,STARTING & SWITCHING,Mounjaro,0.125,1.0,0.0,0.0,0.0,1.0
P0038,R1,I've kept my numbers good with diet but I'm exhausted from the effort. Is it worth asking about medication just to make it sustainable?,STARTING & SWITCHING,Rybelsus,0.125,1.0,0.0,0.0,0.0,1.0
P0038,R1,I've kept my numbers good with diet but I'm exhausted from the effort. Is it worth asking about medication just to make it sustainable?,STARTING & SWITCHING,Saxenda,0.0,,0.0,0.0,0.0,
P0038,R1,I've kept my numbers good with diet but I'm exhausted from the effort. Is it worth asking about medication just to make it sustainable?,STARTING & SWITCHING,Trulicity,0.0,,0.0,0.0,0.0,
P0038,R1,I've kept my numbers good with diet but I'm exhausted from the effort. Is it worth asking about medication just to make it sustainable?,STARTING & SWITCHING,Victoza,0.125,1.0,0.0,0.0,0.0,1.0
P0038,R1,I've kept my numbers good with diet but I'm exhausted from the effort. Is it worth asking about medication just to make it sustainable?,STARTING & SWITCHING,Wegovy,0.20833333333333331,1.0,0.0,0.0,0.0,1.0
P0038,R1,I've kept my numbers good with diet but I'm exhausted from the effort. Is it worth asking about medication just to make it sustainable?,STARTING & SWITCHING,Zepbound,0.0,,0.0,0.0,0.0,
P0039,R1,Just diagnosed and I'm terrified. What's the very first thing I should change this week?,STARTING & SWITCHING,Farxiga,0.0,,0.0,0.0,0.0,
P0039,R1,Just diagnosed and I'm terrified. What's the very first thing I should change this week?,STARTING & SWITCHING,Invokana,0.0,,0.0,0.0,0.0,
P0039,R1,Just diagnosed and I'm terrified. What's the very first thing I should change this week?,STARTING & SWITCHING,Januvia,0.0,,0.0,0.0,0.0,
P0039,R1,Just diagnosed and I'm terrified. What's the very first thing I should change this week?,STARTING & SWITCHING,Jardiance,0.0,,0.0,0.0,0.0,
P0039,R1,Just diagnosed and I'm terrified. What's the very first thing I should change this week?,STARTING & SWITCHING,Mounjaro,0.0,,0.0,0.0,0.0,
P0039,R1,Just diagnosed and I'm terrified. What's the very first thing I should change this week?,STARTING & SWITCHING,Rybelsus,0.0,,0.0,0.0,0.0,
P0039,R1,Just diagnosed and I'm terrified. What's the very first thing I should change this week?,STARTING & SWITCHING,Saxenda,0.0,,0.0,0.0,0.0,
P0039,R1,Just diagnosed and I'm terrified. What's the very first thing I should change this week?,STARTING & SWITCHING,Trulicity,0.0,,0.0,0.0,0.0,
P0039,R1,Just diagnosed and I'm terrified. What's the very first thing I should change this week?,STARTING & SWITCHING,Victoza,0.0,,0.0,0.0,0.0,
P0039,R1,Just diagnosed and I'm terrified. What's the very first thing I should change this week?,STARTING & SWITCHING,Wegovy,0.0,,0.0,0.0,0.0,
P0039,R1,Just diagnosed and I'm terrified. What's the very first thing I should change this week?,STARTING & SWITCHING,Zepbound,0.0,,0.0,0.0,0.0,
P0040,R1,New type 2 diagnosis — are there apps or resources people found genuinely useful for getting started?,STARTING & SWITCHING,Farxiga,0.0,,0.0,0.0,0.0,
P0040,R1,New type 2 diagnosis — are there apps or resources people found genuinely useful for getting started?,STARTING & SWITCHING,Invokana,0.0,,0.0,0.0,0.0,
P0040,R1,New type 2 diagnosis — are there apps or resources people found genuinely useful for getting started?,STARTING & SWITCHING,Januvia,0.0,,0.0,0.0,0.0,
P0040,R1,New type 2 diagnosis — are there apps or resources people found genuinely useful for getting started?,STARTING & SWITCHING,Jardiance,0.0,,0.0,0.0,0.0,
P0040,R1,New type 2 diagnosis — are there apps or resources people found genuinely useful for getting started?,STARTING & SWITCHING,Mounjaro,0.0,,0.0,0.0,0.0,
P0040,R1,New type 2 diagnosis — are there apps or resources people found genuinely useful for getting started?,STARTING & SWITCHING,Rybelsus,0.0,,0.0,0.0,0.0,
P0040,R1,New type 2 diagnosis — are there apps or resources people found genuinely useful for getting started?,STARTING & SWITCHING,Saxenda,0.0,,0.0,0.0,0.0,
P0040,R1,New type 2 diagnosis — are there apps or resources people found genuinely useful for getting started?,STARTING & SWITCHING,Trulicity,0.0,,0.0,0.0,0.0,
P0040,R1,New type 2 diagnosis — are there apps or resources people found genuinely useful for getting started?,STARTING & SWITCHING,Victoza,0.0,,0.0,0.0,0.0,
P0040,R1,New type 2 diagnosis — are there apps or resources people found genuinely useful for getting started?,STARTING & SWITCHING,Wegovy,0.0,,0.0,0.0,0.0,
P0040,R1,New type 2 diagnosis — are there apps or resources people found genuinely useful for getting started?,STARTING & SWITCHING,Zepbound,0.0,,0.0,0.0,0.0,
P0041,R1,Post-menopause and the weight around my middle won't shift no matter what. What actually helps at this stage?,WEIGHT LOSS,Farxiga,0.0,,0.0,0.0,0.0,
P0041,R1,Post-menopause and the weight around my middle won't shift no matter what. What actually helps at this stage?,WEIGHT LOSS,Invokana,0.0,,0.0,0.0,0.0,
P0041,R1,Post-menopause and the weight around my middle won't shift no matter what. What actually helps at this stage?,WEIGHT LOSS,Januvia,0.0,,0.0,0.0,0.0,
P0041,R1,Post-menopause and the weight around my middle won't shift no matter what. What actually helps at this stage?,WEIGHT LOSS,Jardiance,0.0,,0.0,0.0,0.0,
P0041,R1,Post-menopause and the weight around my middle won't shift no matter what. What actually helps at this stage?,WEIGHT LOSS,Mounjaro,0.0,,0.0,0.0,0.0,
P0041,R1,Post-menopause and the weight around my middle won't shift no matter what. What actually helps at this stage?,WEIGHT LOSS,Rybelsus,0.16666666666666666,1.0,0.0,0.0,0.0,1.0
P0041,R1,Post-menopause and the weight around my middle won't shift no matter what. What actually helps at this stage?,WEIGHT LOSS,Saxenda,0.0,,0.0,0.0,0.0,
P0041,R1,Post-menopause and the weight around my middle won't shift no matter what. What actually helps at this stage?,WEIGHT LOSS,Trulicity,0.0,,0.0,0.0,0.0,
P0041,R1,Post-menopause and the weight around my middle won't shift no matter what. What actually helps at this stage?,WEIGHT LOSS,Victoza,0.0,,0.0,0.0,0.0,
P0041,R1,Post-menopause and the weight around my middle won't shift no matter what. What actually helps at this stage?,WEIGHT LOSS,Wegovy,0.29166666666666663,1.0,0.375,0.0,0.375,1.0
P0041,R1,Post-menopause and the weight around my middle won't shift no matter what. What actually helps at this stage?,WEIGHT LOSS,Zepbound,0.0,,0.375,0.0,0.375,
P0042,R1,I've got poor blood sugar control and belly fat that won't budge with diet and cardio alone. What's the missing piece?,WEIGHT LOSS,Farxiga,0.0,,0.0,0.0,0.0,
P0042,R1,I've got poor blood sugar control and belly fat that won't budge with diet and cardio alone. What's the missing piece?,WEIGHT LOSS,Invokana,0.0,,0.0,0.0,0.0,
P0042,R1,I've got poor blood sugar control and belly fat that won't budge with diet and cardio alone. What's the missing piece?,WEIGHT LOSS,Januvia,0.0,,0.0,0.0,0.0,
P0042,R1,I've got poor blood sugar control and belly fat that won't budge with diet and cardio alone. What's the missing piece?,WEIGHT LOSS,Jardiance,0.0,,0.0,0.0,0.0,
P0042,R1,I've got poor blood sugar control and belly fat that won't budge with diet and cardio alone. What's the missing piece?,WEIGHT LOSS,Mounjaro,0.0,,0.0,0.0,0.0,
P0042,R1,I've got poor blood sugar control and belly fat that won't budge with diet and cardio alone. What's the missing piece?,WEIGHT LOSS,Rybelsus,0.0,,0.0,0.0,0.0,
P0042,R1,I've got poor blood sugar control and belly fat that won't budge with diet and cardio alone. What's the missing piece?,WEIGHT LOSS,Saxenda,0.0,,0.0,0.0,0.0,
P0042,R1,I've got poor blood sugar control and belly fat that won't budge with diet and cardio alone. What's the missing piece?,WEIGHT LOSS,Trulicity,0.0,,0.0,0.0,0.0,
P0042,R1,I've got poor blood sugar control and belly fat that won't budge with diet and cardio alone. What's the missing piece?,WEIGHT LOSS,Victoza,0.0,,0.0,0.0,0.0,
P0042,R1,I've got poor blood sugar control and belly fat that won't budge with diet and cardio alone. What's the missing piece?,WEIGHT LOSS,Wegovy,0.0,,0.0,0.0,0.0,
P0042,R1,I've got poor blood sugar control and belly fat that won't budge with diet and cardio alone. What's the missing piece?,WEIGHT LOSS,Zepbound,0.0,,0.0,0.0,0.0,
P0043,R1,"My glucose is 319 and A1c 12.2 with a doctor's appointment soon. Other than medication, what can I do to start controlling it?",BLOOD SUGAR & GLYCEMIC CONTROL,Farxiga,0.0,,0.0,0.0,0.0,
P0043,R1,"My glucose is 319 and A1c 12.2 with a doctor's appointment soon. Other than medication, what can I do to start controlling it?",BLOOD SUGAR & GLYCEMIC CONTROL,Invokana,0.0,,0.0,0.0,0.0,
P0043,R1,"My glucose is 319 and A1c 12.2 with a doctor's appointment soon. Other than medication, what can I do to start controlling it?",BLOOD SUGAR & GLYCEMIC CONTROL,Januvia,0.0,,0.0,0.0,0.0,
P0043,R1,"My glucose is 319 and A1c 12.2 with a doctor's appointment soon. Other than medication, what can I do to start controlling it?",BLOOD SUGAR & GLYCEMIC CONTROL,Jardiance,0.0,,0.0,0.0,0.0,
P0043,R1,"My glucose is 319 and A1c 12.2 with a doctor's appointment soon. Other than medication, what can I do to start controlling it?",BLOOD SUGAR & GLYCEMIC CONTROL,Mounjaro,0.0,,0.0,0.0,0.0,
P0043,R1,"My glucose is 319 and A1c 12.2 with a doctor's appointment soon. Other than medication, what can I do to start controlling it?",BLOOD SUGAR & GLYCEMIC CONTROL,Rybelsus,0.0,,0.0,0.0,0.0,
P0043,R1,"My glucose is 319 and A1c 12.2 with a doctor's appointment soon. Other than medication, what can I do to start controlling it?",BLOOD SUGAR & GLYCEMIC CONTROL,Saxenda,0.0,,0.0,0.0,0.0,
P0043,R1,"My glucose is 319 and A1c 12.2 with a doctor's appointment soon. Other than medication, what can I do to start controlling it?",BLOOD SUGAR & GLYCEMIC CONTROL,Trulicity,0.0,,0.0,0.0,0.0,
P0043,R1,"My glucose is 319 and A1c 12.2 with a doctor's appointment soon. Other than medication, what can I do to start controlling it?",BLOOD SUGAR & GLYCEMIC CONTROL,Victoza,0.0,,0.0,0.0,0.0,
P0043,R1,"My glucose is 319 and A1c 12.2 with a doctor's appointment soon. Other than medication, what can I do to start controlling it?",BLOOD SUGAR & GLYCEMIC CONTROL,Wegovy,0.0,,0.0,0.0,0.0,
P0043,R1,"My glucose is 319 and A1c 12.2 with a doctor's appointment soon. Other than medication, what can I do to start controlling it?",BLOOD SUGAR & GLYCEMIC CONTROL,Zepbound,0.0,,0.0,0.0,0.0,
P0044,R1,I work out hard and eat in a deficit but the scale won't move and I think it's hormonal. What should I look into to lose weight?,WEIGHT LOSS,Farxiga,0.0,,0.0,0.0,0.0,
P0044,R1,I work out hard and eat in a deficit but the scale won't move and I think it's hormonal. What should I look into to lose weight?,WEIGHT LOSS,Invokana,0.0,,0.0,0.0,0.0,
P0044,R1,I work out hard and eat in a deficit but the scale won't move and I think it's hormonal. What should I look into to lose weight?,WEIGHT LOSS,Januvia,0.0,,0.0,0.0,0.0,
P0044,R1,I work out hard and eat in a deficit but the scale won't move and I think it's hormonal. What should I look into to lose weight?,WEIGHT LOSS,Jardiance,0.0,,0.0,0.0,0.0,
P0044,R1,I work out hard and eat in a deficit but the scale won't move and I think it's hormonal. What should I look into to lose weight?,WEIGHT LOSS,Mounjaro,0.0,,0.0,0.0,0.0,
P0044,R1,I work out hard and eat in a deficit but the scale won't move and I think it's hormonal. What should I look into to lose weight?,WEIGHT LOSS,Rybelsus,0.0,,0.0,0.0,0.0,
P0044,R1,I work out hard and eat in a deficit but the scale won't move and I think it's hormonal. What should I look into to lose weight?,WEIGHT LOSS,Saxenda,0.0,,0.0,0.0,0.0,
P0044,R1,I work out hard and eat in a deficit but the scale won't move and I think it's hormonal. What should I look into to lose weight?,WEIGHT LOSS,Trulicity,0.0,,0.0,0.0,0.0,
P0044,R1,I work out hard and eat in a deficit but the scale won't move and I think it's hormonal. What should I look into to lose weight?,WEIGHT LOSS,Victoza,0.0,,0.0,0.0,0.0,
P0044,R1,I work out hard and eat in a deficit but the scale won't move and I think it's hormonal. What should I look into to lose weight?,WEIGHT LOSS,Wegovy,0.0,,0.0,0.0,0.0,
P0044,R1,I work out hard and eat in a deficit but the scale won't move and I think it's hormonal. What should I look into to lose weight?,WEIGHT LOSS,Zepbound,0.0,,0.0,0.0,0.0,
P0045,R1,"Type 2 for a year, my morning sugars are always the highest of the day no matter what I eat at night. How do I fix the morning highs?",LIVING ON THE DRUG,Farxiga,0.0,,0.0,0.0,0.0,
P0045,R1,"Type 2 for a year, my morning sugars are always the highest of the day no matter what I eat at night. How do I fix the morning highs?",LIVING ON THE DRUG,Invokana,0.0,,0.0,0.0,0.0,
P0045,R1,"Type 2 for a year, my morning sugars are always the highest of the day no matter what I eat at night. How do I fix the morning highs?",LIVING ON THE DRUG,Januvia,0.0,,0.0,0.0,0.0,
P0045,R1,"Type 2 for a year, my morning sugars are always the highest of the day no matter what I eat at night. How do I fix the morning highs?",LIVING ON THE DRUG,Jardiance,0.0,,0.0,0.0,0.0,
P0045,R1,"Type 2 for a year, my morning sugars are always the highest of the day no matter what I eat at night. How do I fix the morning highs?",LIVING ON THE DRUG,Mounjaro,0.0,,0.0,0.0,0.0,
P0045,R1,"Type 2 for a year, my morning sugars are always the highest of the day no matter what I eat at night. How do I fix the morning highs?",LIVING ON THE DRUG,Rybelsus,0.0,,0.0,0.0,0.0,
P0045,R1,"Type 2 for a year, my morning sugars are always the highest of the day no matter what I eat at night. How do I fix the morning highs?",LIVING ON THE DRUG,Saxenda,0.0,,0.0,0.0,0.0,
P0045,R1,"Type 2 for a year, my morning sugars are always the highest of the day no matter what I eat at night. How do I fix the morning highs?",LIVING ON THE DRUG,Trulicity,0.0,,0.0,0.0,0.0,
P0045,R1,"Type 2 for a year, my morning sugars are always the highest of the day no matter what I eat at night. How do I fix the morning highs?",LIVING ON THE DRUG,Victoza,0.0,,0.0,0.0,0.0,
P0045,R1,"Type 2 for a year, my morning sugars are always the highest of the day no matter what I eat at night. How do I fix the morning highs?",LIVING ON THE DRUG,Wegovy,0.0,,0.0,0.0,0.0,
P0045,R1,"Type 2 for a year, my morning sugars are always the highest of the day no matter what I eat at night. How do I fix the morning highs?",LIVING ON THE DRUG,Zepbound,0.0,,0.0,0.0,0.0,
P0046,R1,I keep getting glucose spikes after low-carb meals and can't figure out why. What could cause that and what helps?,BLOOD SUGAR & GLYCEMIC CONTROL,Farxiga,0.0,,0.0,0.0,0.0,
P0046,R1,I keep getting glucose spikes after low-carb meals and can't figure out why. What could cause that and what helps?,BLOOD SUGAR & GLYCEMIC CONTROL,Invokana,0.0,,0.0,0.0,0.0,
P0046,R1,I keep getting glucose spikes after low-carb meals and can't figure out why. What could cause that and what helps?,BLOOD SUGAR & GLYCEMIC CONTROL,Januvia,0.0,,0.0,0.0,0.0,
P0046,R1,I keep getting glucose spikes after low-carb meals and can't figure out why. What could cause that and what helps?,BLOOD SUGAR & GLYCEMIC CONTROL,Jardiance,0.0,,0.0,0.0,0.0,
P0046,R1,I keep getting glucose spikes after low-carb meals and can't figure out why. What could cause that and what helps?,BLOOD SUGAR & GLYCEMIC CONTROL,Mounjaro,0.0,,0.0,0.0,0.0,
P0046,R1,I keep getting glucose spikes after low-carb meals and can't figure out why. What could cause that and what helps?,BLOOD SUGAR & GLYCEMIC CONTROL,Rybelsus,0.0,,0.0,0.0,0.0,
P0046,R1,I keep getting glucose spikes after low-carb meals and can't figure out why. What could cause that and what helps?,BLOOD SUGAR & GLYCEMIC CONTROL,Saxenda,0.0,,0.0,0.0,0.0,
P0046,R1,I keep getting glucose spikes after low-carb meals and can't figure out why. What could cause that and what helps?,BLOOD SUGAR & GLYCEMIC CONTROL,Trulicity,0.0,,0.0,0.0,0.0,
P0046,R1,I keep getting glucose spikes after low-carb meals and can't figure out why. What could cause that and what helps?,BLOOD SUGAR & GLYCEMIC CONTROL,Victoza,0.0,,0.0,0.0,0.0,
P0046,R1,I keep getting glucose spikes after low-carb meals and can't figure out why. What could cause that and what helps?,BLOOD SUGAR & GLYCEMIC CONTROL,Wegovy,0.0,,0.0,0.0,0.0,
P0046,R1,I keep getting glucose spikes after low-carb meals and can't figure out why. What could cause that and what helps?,BLOOD SUGAR & GLYCEMIC CONTROL,Zepbound,0.0,,0.0,0.0,0.0,
P0047,R1,My A1c is 6.1 and my doctor called it borderline. What can I realistically do to keep it from becoming full diabetes?,BLOOD SUGAR & GLYCEMIC CONTROL,Farxiga,0.0,,0.0,0.0,0.0,
P0047,R1,My A1c is 6.1 and my doctor called it borderline. What can I realistically do to keep it from becoming full diabetes?,BLOOD SUGAR & GLYCEMIC CONTROL,Invokana,0.0,,0.0,0.0,0.0,
P0047,R1,My A1c is 6.1 and my doctor called it borderline. What can I realistically do to keep it from becoming full diabetes?,BLOOD SUGAR & GLYCEMIC CONTROL,Januvia,0.0,,0.0,0.0,0.0,
P0047,R1,My A1c is 6.1 and my doctor called it borderline. What can I realistically do to keep it from becoming full diabetes?,BLOOD SUGAR & GLYCEMIC CONTROL,Jardiance,0.0,,0.0,0.0,0.0,
P0047,R1,My A1c is 6.1 and my doctor called it borderline. What can I realistically do to keep it from becoming full diabetes?,BLOOD SUGAR & GLYCEMIC CONTROL,Mounjaro,0.0,,0.0,0.0,0.0,
P0047,R1,My A1c is 6.1 and my doctor called it borderline. What can I realistically do to keep it from becoming full diabetes?,BLOOD SUGAR & GLYCEMIC CONTROL,Rybelsus,0.0,,0.0,0.0,0.0,
P0047,R1,My A1c is 6.1 and my doctor called it borderline. What can I realistically do to keep it from becoming full diabetes?,BLOOD SUGAR & GLYCEMIC CONTROL,Saxenda,0.0,,0.0,0.0,0.0,
P0047,R1,My A1c is 6.1 and my doctor called it borderline. What can I realistically do to keep it from becoming full diabetes?,BLOOD SUGAR & GLYCEMIC CONTROL,Trulicity,0.0,,0.0,0.0,0.0,
P0047,R1,My A1c is 6.1 and my doctor called it borderline. What can I realistically do to keep it from becoming full diabetes?,BLOOD SUGAR & GLYCEMIC CONTROL,Victoza,0.0,,0.0,0.0,0.0,
P0047,R1,My A1c is 6.1 and my doctor called it borderline. What can I realistically do to keep it from becoming full diabetes?,BLOOD SUGAR & GLYCEMIC CONTROL,Wegovy,0.125,1.0,0.0,0.0,0.0,1.0
P0047,R1,My A1c is 6.1 and my doctor called it borderline. What can I realistically do to keep it from becoming full diabetes?,BLOOD SUGAR & GLYCEMIC CONTROL,Zepbound,0.0,,0.0,0.0,0.0,
P0048,R1,I'm 55 and my fasting glucose is creeping into the prediabetic range. What lifestyle changes actually move the needle?,BLOOD SUGAR & GLYCEMIC CONTROL,Farxiga,0.0,,0.0,0.0,0.0,
P0048,R1,I'm 55 and my fasting glucose is creeping into the prediabetic range. What lifestyle changes actually move the needle?,BLOOD SUGAR & GLYCEMIC CONTROL,Invokana,0.0,,0.0,0.0,0.0,
P0048,R1,I'm 55 and my fasting glucose is creeping into the prediabetic range. What lifestyle changes actually move the needle?,BLOOD SUGAR & GLYCEMIC CONTROL,Januvia,0.0,,0.0,0.0,0.0,
P0048,R1,I'm 55 and my fasting glucose is creeping into the prediabetic range. What lifestyle changes actually move the needle?,BLOOD SUGAR & GLYCEMIC CONTROL,Jardiance,0.0,,0.0,0.0,0.0,
P0048,R1,I'm 55 and my fasting glucose is creeping into the prediabetic range. What lifestyle changes actually move the needle?,BLOOD SUGAR & GLYCEMIC CONTROL,Mounjaro,0.0,,0.0,0.0,0.0,
P0048,R1,I'm 55 and my fasting glucose is creeping into the prediabetic range. What lifestyle changes actually move the needle?,BLOOD SUGAR & GLYCEMIC CONTROL,Rybelsus,0.0,,0.0,0.0,0.0,
P0048,R1,I'm 55 and my fasting glucose is creeping into the prediabetic range. What lifestyle changes actually move the needle?,BLOOD SUGAR & GLYCEMIC CONTROL,Saxenda,0.0,,0.0,0.0,0.0,
P0048,R1,I'm 55 and my fasting glucose is creeping into the prediabetic range. What lifestyle changes actually move the needle?,BLOOD SUGAR & GLYCEMIC CONTROL,Trulicity,0.0,,0.0,0.0,0.0,
P0048,R1,I'm 55 and my fasting glucose is creeping into the prediabetic range. What lifestyle changes actually move the needle?,BLOOD SUGAR & GLYCEMIC CONTROL,Victoza,0.0,,0.0,0.0,0.0,
P0048,R1,I'm 55 and my fasting glucose is creeping into the prediabetic range. What lifestyle changes actually move the needle?,BLOOD SUGAR & GLYCEMIC CONTROL,Wegovy,0.0,,0.0,0.0,0.0,
P0048,R1,I'm 55 and my fasting glucose is creeping into the prediabetic range. What lifestyle changes actually move the needle?,BLOOD SUGAR & GLYCEMIC CONTROL,Zepbound,0.0,,0.0,0.0,0.0,
P0049,R1,"a1c went 11 to 7, doc offered weight-loss shots, are they necessary for remission?",WEIGHT LOSS,Farxiga,0.0,,0.0,0.0,0.0,
P0049,R1,"a1c went 11 to 7, doc offered weight-loss shots, are they necessary for remission?",WEIGHT LOSS,Invokana,0.0,,0.0,0.0,0.0,
P0049,R1,"a1c went 11 to 7, doc offered weight-loss shots, are they necessary for remission?",WEIGHT LOSS,Januvia,0.0,,0.0,0.0,0.0,
P0049,R1,"a1c went 11 to 7, doc offered weight-loss shots, are they necessary for remission?",WEIGHT LOSS,Jardiance,0.0,,0.0,0.0,0.0,
P0049,R1,"a1c went 11 to 7, doc offered weight-loss shots, are they necessary for remission?",WEIGHT LOSS,Mounjaro,0.6666666666666666,1.0,0.0,0.0,0.0,1.0
P0049,R1,"a1c went 11 to 7, doc offered weight-loss shots, are they necessary for remission?",WEIGHT LOSS,Rybelsus,0.08333333333333333,1.0,0.0,0.0,0.0,1.0
P0049,R1,"a1c went 11 to 7, doc offered weight-loss shots, are they necessary for remission?",WEIGHT LOSS,Saxenda,0.08333333333333333,1.0,0.0,0.0,0.0,1.0
P0049,R1,"a1c went 11 to 7, doc offered weight-loss shots, are they necessary for remission?",WEIGHT LOSS,Trulicity,0.0,,0.0,0.0,0.0,
P0049,R1,"a1c went 11 to 7, doc offered weight-loss shots, are they necessary for remission?",WEIGHT LOSS,Victoza,0.08333333333333333,1.0,0.0,0.0,0.0,1.0
P0049,R1,"a1c went 11 to 7, doc offered weight-loss shots, are they necessary for remission?",WEIGHT LOSS,Wegovy,0.625,0.875,0.08333333333333333,0.08333333333333333,0.0,0.875
P0049,R1,"a1c went 11 to 7, doc offered weight-loss shots, are they necessary for remission?",WEIGHT LOSS,Zepbound,0.4583333333333333,1.0,0.0,0.0,0.0,1.0
P0050,R1,"My A1c fell from 11 to 7 and my doctor floated weight-loss injections. If my weight doesn't move, does that mean lifelong tablets? And are the injections actually needed to get into remission?",WEIGHT LOSS,Farxiga,0.0,,0.0,0.0,0.0,
P0050,R1,"My A1c fell from 11 to 7 and my doctor floated weight-loss injections. If my weight doesn't move, does that mean lifelong tablets? And are the injections actually needed to get into remission?",WEIGHT LOSS,Invokana,0.0,,0.0,0.0,0.0,
P0050,R1,"My A1c fell from 11 to 7 and my doctor floated weight-loss injections. If my weight doesn't move, does that mean lifelong tablets? And are the injections actually needed to get into remission?",WEIGHT LOSS,Januvia,0.0,,0.0,0.0,0.0,
P0050,R1,"My A1c fell from 11 to 7 and my doctor floated weight-loss injections. If my weight doesn't move, does that mean lifelong tablets? And are the injections actually needed to get into remission?",WEIGHT LOSS,Jardiance,0.0,,0.0,0.0,0.0,
P0050,R1,"My A1c fell from 11 to 7 and my doctor floated weight-loss injections. If my weight doesn't move, does that mean lifelong tablets? And are the injections actually needed to get into remission?",WEIGHT LOSS,Mounjaro,0.5833333333333334,1.0,0.0,0.0,0.0,1.0
P0050,R1,"My A1c fell from 11 to 7 and my doctor floated weight-loss injections. If my weight doesn't move, does that mean lifelong tablets? And are the injections actually needed to get into remission?",WEIGHT LOSS,Rybelsus,0.0,,0.0,0.0,0.0,
P0050,R1,"My A1c fell from 11 to 7 and my doctor floated weight-loss injections. If my weight doesn't move, does that mean lifelong tablets? And are the injections actually needed to get into remission?",WEIGHT LOSS,Saxenda,0.0,,0.0,0.0,0.0,
P0050,R1,"My A1c fell from 11 to 7 and my doctor floated weight-loss injections. If my weight doesn't move, does that mean lifelong tablets? And are the injections actually needed to get into remission?",WEIGHT LOSS,Trulicity,0.25,1.0,0.0,0.0,0.0,1.0
P0050,R1,"My A1c fell from 11 to 7 and my doctor floated weight-loss injections. If my weight doesn't move, does that mean lifelong tablets? And are the injections actually needed to get into remission?",WEIGHT LOSS,Victoza,0.0,,0.0,0.0,0.0,
P0050,R1,"My A1c fell from 11 to 7 and my doctor floated weight-loss injections. If my weight doesn't move, does that mean lifelong tablets? And are the injections actually needed to get into remission?",WEIGHT LOSS,Wegovy,0.29166666666666663,1.0,0.08333333333333333,0.0,0.08333333333333333,1.0
P0050,R1,"My A1c fell from 11 to 7 and my doctor floated weight-loss injections. If my weight doesn't move, does that mean lifelong tablets? And are the injections actually needed to get into remission?",WEIGHT LOSS,Zepbound,0.29166666666666663,1.0,0.0,0.0,0.0,1.0
P0051,R1,"My doctor suggested weight-loss injections now that my A1c came down from 11 to 7. If my weight stays the same, will I be on a tablet for life? Are the injections even necessary for remission?",WEIGHT LOSS,Farxiga,0.0,,0.0,0.0,0.0,
P0051,R1,"My doctor suggested weight-loss injections now that my A1c came down from 11 to 7. If my weight stays the same, will I be on a tablet for life? Are the injections even necessary for remission?",WEIGHT LOSS,Invokana,0.0,,0.0,0.0,0.0,
P0051,R1,"My doctor suggested weight-loss injections now that my A1c came down from 11 to 7. If my weight stays the same, will I be on a tablet for life? Are the injections even necessary for remission?",WEIGHT LOSS,Januvia,0.0,,0.0,0.0,0.0,
P0051,R1,"My doctor suggested weight-loss injections now that my A1c came down from 11 to 7. If my weight stays the same, will I be on a tablet for life? Are the injections even necessary for remission?",WEIGHT LOSS,Jardiance,0.0,,0.0,0.0,0.0,
P0051,R1,"My doctor suggested weight-loss injections now that my A1c came down from 11 to 7. If my weight stays the same, will I be on a tablet for life? Are the injections even necessary for remission?",WEIGHT LOSS,Mounjaro,0.8333333333333334,1.0,0.0,0.0,0.0,1.0
P0051,R1,"My doctor suggested weight-loss injections now that my A1c came down from 11 to 7. If my weight stays the same, will I be on a tablet for life? Are the injections even necessary for remission?",WEIGHT LOSS,Rybelsus,0.125,1.0,0.0,0.0,0.0,1.0
P0051,R1,"My doctor suggested weight-loss injections now that my A1c came down from 11 to 7. If my weight stays the same, will I be on a tablet for life? Are the injections even necessary for remission?",WEIGHT LOSS,Saxenda,0.16666666666666666,1.0,0.0,0.0,0.0,1.0
P0051,R1,"My doctor suggested weight-loss injections now that my A1c came down from 11 to 7. If my weight stays the same, will I be on a tablet for life? Are the injections even necessary for remission?",WEIGHT LOSS,Trulicity,0.0,,0.0,0.0,0.0,
P0051,R1,"My doctor suggested weight-loss injections now that my A1c came down from 11 to 7. If my weight stays the same, will I be on a tablet for life? Are the injections even necessary for remission?",WEIGHT LOSS,Victoza,0.08333333333333333,1.0,0.0,0.0,0.0,1.0
P0051,R1,"My doctor suggested weight-loss injections now that my A1c came down from 11 to 7. If my weight stays the same, will I be on a tablet for life? Are the injections even necessary for remission?",WEIGHT LOSS,Wegovy,0.375,1.0,0.0,0.0,0.0,1.0
P0051,R1,"My doctor suggested weight-loss injections now that my A1c came down from 11 to 7. If my weight stays the same, will I be on a tablet for life? Are the injections even necessary for remission?",WEIGHT LOSS,Zepbound,0.16666666666666666,1.0,0.0,0.0,0.0,1.0
P0052,R1,doc offered me weight loss injections after my a1c dropped 11 to 7. if my weight doesnt change am i stuck on a pill forever? are the shots even necessary for remission,WEIGHT LOSS,Farxiga,0.0,,0.0,0.0,0.0,
P0052,R1,doc offered me weight loss injections after my a1c dropped 11 to 7. if my weight doesnt change am i stuck on a pill forever? are the shots even necessary for remission,WEIGHT LOSS,Invokana,0.0,,0.0,0.0,0.0,
P0052,R1,doc offered me weight loss injections after my a1c dropped 11 to 7. if my weight doesnt change am i stuck on a pill forever? are the shots even necessary for remission,WEIGHT LOSS,Januvia,0.0,,0.0,0.0,0.0,
P0052,R1,doc offered me weight loss injections after my a1c dropped 11 to 7. if my weight doesnt change am i stuck on a pill forever? are the shots even necessary for remission,WEIGHT LOSS,Jardiance,0.0,,0.0,0.0,0.0,
P0052,R1,doc offered me weight loss injections after my a1c dropped 11 to 7. if my weight doesnt change am i stuck on a pill forever? are the shots even necessary for remission,WEIGHT LOSS,Mounjaro,0.75,1.0,0.0,0.0,0.0,1.0
P0052,R1,doc offered me weight loss injections after my a1c dropped 11 to 7. if my weight doesnt change am i stuck on a pill forever? are the shots even necessary for remission,WEIGHT LOSS,Rybelsus,0.0,,0.0,0.0,0.0,
P0052,R1,doc offered me weight loss injections after my a1c dropped 11 to 7. if my weight doesnt change am i stuck on a pill forever? are the shots even necessary for remission,WEIGHT LOSS,Saxenda,0.0,,0.0,0.0,0.0,
P0052,R1,doc offered me weight loss injections after my a1c dropped 11 to 7. if my weight doesnt change am i stuck on a pill forever? are the shots even necessary for remission,WEIGHT LOSS,Trulicity,0.0,,0.0,0.0,0.0,
P0052,R1,doc offered me weight loss injections after my a1c dropped 11 to 7. if my weight doesnt change am i stuck on a pill forever? are the shots even necessary for remission,WEIGHT LOSS,Victoza,0.08333333333333333,1.0,0.0,0.0,0.0,1.0
P0052,R1,doc offered me weight loss injections after my a1c dropped 11 to 7. if my weight doesnt change am i stuck on a pill forever? are the shots even necessary for remission,WEIGHT LOSS,Wegovy,0.4583333333333333,1.0,0.0,0.0,0.0,1.0
P0052,R1,doc offered me weight loss injections after my a1c dropped 11 to 7. if my weight doesnt change am i stuck on a pill forever? are the shots even necessary for remission,WEIGHT LOSS,Zepbound,0.4583333333333333,1.0,0.0,0.0,0.0,1.0
P0053,R1,"I'm in my 40s, obese, pre-diabetic with insulin resistance, and every medication or supplement I try triggers tachycardia because of my POTS. Is there something I'm overlooking?",WEIGHT LOSS,Farxiga,0.0,,0.0,0.0,0.0,
P0053,R1,"I'm in my 40s, obese, pre-diabetic with insulin resistance, and every medication or supplement I try triggers tachycardia because of my POTS. Is there something I'm overlooking?",WEIGHT LOSS,Invokana,0.0,,0.0,0.0,0.0,
P0053,R1,"I'm in my 40s, obese, pre-diabetic with insulin resistance, and every medication or supplement I try triggers tachycardia because of my POTS. Is there something I'm overlooking?",WEIGHT LOSS,Januvia,0.0,,0.0,0.0,0.0,
P0053,R1,"I'm in my 40s, obese, pre-diabetic with insulin resistance, and every medication or supplement I try triggers tachycardia because of my POTS. Is there something I'm overlooking?",WEIGHT LOSS,Jardiance,0.0,,0.0,0.0,0.0,
P0053,R1,"I'm in my 40s, obese, pre-diabetic with insulin resistance, and every medication or supplement I try triggers tachycardia because of my POTS. Is there something I'm overlooking?",WEIGHT LOSS,Mounjaro,0.27777777777777773,0.5,0.3333333333333333,0.16666666666666666,0.16666666666666666,1.0
P0053,R1,"I'm in my 40s, obese, pre-diabetic with insulin resistance, and every medication or supplement I try triggers tachycardia because of my POTS. Is there something I'm overlooking?",WEIGHT LOSS,Rybelsus,0.0,,0.0,0.0,0.0,
P0053,R1,"I'm in my 40s, obese, pre-diabetic with insulin resistance, and every medication or supplement I try triggers tachycardia because of my POTS. Is there something I'm overlooking?",WEIGHT LOSS,Saxenda,0.0,,0.0,0.0,0.0,
P0053,R1,"I'm in my 40s, obese, pre-diabetic with insulin resistance, and every medication or supplement I try triggers tachycardia because of my POTS. Is there something I'm overlooking?",WEIGHT LOSS,Trulicity,0.0,,0.0,0.0,0.0,
P0053,R1,"I'm in my 40s, obese, pre-diabetic with insulin resistance, and every medication or supplement I try triggers tachycardia because of my POTS. Is there something I'm overlooking?",WEIGHT LOSS,Victoza,0.0,,0.0,0.0,0.0,
P0053,R1,"I'm in my 40s, obese, pre-diabetic with insulin resistance, and every medication or supplement I try triggers tachycardia because of my POTS. Is there something I'm overlooking?",WEIGHT LOSS,Wegovy,0.27777777777777773,1.0,0.16666666666666666,0.0,0.16666666666666666,1.0
P0053,R1,"I'm in my 40s, obese, pre-diabetic with insulin resistance, and every medication or supplement I try triggers tachycardia because of my POTS. Is there something I'm overlooking?",WEIGHT LOSS,Zepbound,0.16666666666666666,0.0,0.27777777777777773,0.16666666666666666,0.1111111111111111,1.0
P0054,R1,"can't tolerate meds due to POTS tachycardia, prediabetic, what options are left?",STARTING & SWITCHING,Farxiga,0.0,,0.0,0.0,0.0,
P0054,R1,"can't tolerate meds due to POTS tachycardia, prediabetic, what options are left?",STARTING & SWITCHING,Invokana,0.0,,0.0,0.0,0.0,
P0054,R1,"can't tolerate meds due to POTS tachycardia, prediabetic, what options are left?",STARTING & SWITCHING,Januvia,0.0,,0.0,0.0,0.0,
P0054,R1,"can't tolerate meds due to POTS tachycardia, prediabetic, what options are left?",STARTING & SWITCHING,Jardiance,0.0,,0.0,0.0,0.0,
P0054,R1,"can't tolerate meds due to POTS tachycardia, prediabetic, what options are left?",STARTING & SWITCHING,Mounjaro,0.0,,0.0,0.0,0.0,
P0054,R1,"can't tolerate meds due to POTS tachycardia, prediabetic, what options are left?",STARTING & SWITCHING,Rybelsus,0.0,,0.0,0.0,0.0,
P0054,R1,"can't tolerate meds due to POTS tachycardia, prediabetic, what options are left?",STARTING & SWITCHING,Saxenda,0.0,,0.0,0.0,0.0,
P0054,R1,"can't tolerate meds due to POTS tachycardia, prediabetic, what options are left?",STARTING & SWITCHING,Trulicity,0.0,,0.0,0.0,0.0,
P0054,R1,"can't tolerate meds due to POTS tachycardia, prediabetic, what options are left?",STARTING & SWITCHING,Victoza,0.0,,0.0,0.0,0.0,
P0054,R1,"can't tolerate meds due to POTS tachycardia, prediabetic, what options are left?",STARTING & SWITCHING,Wegovy,0.0,,0.0,0.0,0.0,
P0054,R1,"can't tolerate meds due to POTS tachycardia, prediabetic, what options are left?",STARTING & SWITCHING,Zepbound,0.0,,0.0,0.0,0.0,
P0055,R1,prediabetic and insulin resistant but i cant take most meds or supplements cause they spike my heart rate (POTS). is there anything left for me to try,HEART & KIDNEY,Farxiga,0.0,,0.0,0.0,0.0,
P0055,R1,prediabetic and insulin resistant but i cant take most meds or supplements cause they spike my heart rate (POTS). is there anything left for me to try,HEART & KIDNEY,Invokana,0.0,,0.0,0.0,0.0,
P0055,R1,prediabetic and insulin resistant but i cant take most meds or supplements cause they spike my heart rate (POTS). is there anything left for me to try,HEART & KIDNEY,Januvia,0.0,,0.0,0.0,0.0,
P0055,R1,prediabetic and insulin resistant but i cant take most meds or supplements cause they spike my heart rate (POTS). is there anything left for me to try,HEART & KIDNEY,Jardiance,0.0,,0.0,0.0,0.0,
P0055,R1,prediabetic and insulin resistant but i cant take most meds or supplements cause they spike my heart rate (POTS). is there anything left for me to try,HEART & KIDNEY,Mounjaro,0.0,,0.0,0.0,0.0,
P0055,R1,prediabetic and insulin resistant but i cant take most meds or supplements cause they spike my heart rate (POTS). is there anything left for me to try,HEART & KIDNEY,Rybelsus,0.0,,0.0,0.0,0.0,
P0055,R1,prediabetic and insulin resistant but i cant take most meds or supplements cause they spike my heart rate (POTS). is there anything left for me to try,HEART & KIDNEY,Saxenda,0.0,,0.0,0.0,0.0,
P0055,R1,prediabetic and insulin resistant but i cant take most meds or supplements cause they spike my heart rate (POTS). is there anything left for me to try,HEART & KIDNEY,Trulicity,0.0,,0.0,0.0,0.0,
P0055,R1,prediabetic and insulin resistant but i cant take most meds or supplements cause they spike my heart rate (POTS). is there anything left for me to try,HEART & KIDNEY,Victoza,0.0,,0.0,0.0,0.0,
P0055,R1,prediabetic and insulin resistant but i cant take most meds or supplements cause they spike my heart rate (POTS). is there anything left for me to try,HEART & KIDNEY,Wegovy,0.0,,0.0,0.0,0.0,
P0055,R1,prediabetic and insulin resistant but i cant take most meds or supplements cause they spike my heart rate (POTS). is there anything left for me to try,HEART & KIDNEY,Zepbound,0.0,,0.0,0.0,0.0,
P0056,R1,I have pre-diabetes and insulin resistance but I can't tolerate most medications or supplements because of tachycardia (I have POTS). Is there anything I'm missing to help?,STARTING & SWITCHING,Farxiga,0.0,,0.0,0.0,0.0,
P0056,R1,I have pre-diabetes and insulin resistance but I can't tolerate most medications or supplements because of tachycardia (I have POTS). Is there anything I'm missing to help?,STARTING & SWITCHING,Invokana,0.0,,0.0,0.0,0.0,
P0056,R1,I have pre-diabetes and insulin resistance but I can't tolerate most medications or supplements because of tachycardia (I have POTS). Is there anything I'm missing to help?,STARTING & SWITCHING,Januvia,0.0,,0.0,0.0,0.0,
P0056,R1,I have pre-diabetes and insulin resistance but I can't tolerate most medications or supplements because of tachycardia (I have POTS). Is there anything I'm missing to help?,STARTING & SWITCHING,Jardiance,0.0,,0.0,0.0,0.0,
P0056,R1,I have pre-diabetes and insulin resistance but I can't tolerate most medications or supplements because of tachycardia (I have POTS). Is there anything I'm missing to help?,STARTING & SWITCHING,Mounjaro,0.0,,0.0,0.0,0.0,
P0056,R1,I have pre-diabetes and insulin resistance but I can't tolerate most medications or supplements because of tachycardia (I have POTS). Is there anything I'm missing to help?,STARTING & SWITCHING,Rybelsus,0.0,,0.0,0.0,0.0,
P0056,R1,I have pre-diabetes and insulin resistance but I can't tolerate most medications or supplements because of tachycardia (I have POTS). Is there anything I'm missing to help?,STARTING & SWITCHING,Saxenda,0.0,,0.0,0.0,0.0,
P0056,R1,I have pre-diabetes and insulin resistance but I can't tolerate most medications or supplements because of tachycardia (I have POTS). Is there anything I'm missing to help?,STARTING & SWITCHING,Trulicity,0.0,,0.0,0.0,0.0,
P0056,R1,I have pre-diabetes and insulin resistance but I can't tolerate most medications or supplements because of tachycardia (I have POTS). Is there anything I'm missing to help?,STARTING & SWITCHING,Victoza,0.0,,0.0,0.0,0.0,
P0056,R1,I have pre-diabetes and insulin resistance but I can't tolerate most medications or supplements because of tachycardia (I have POTS). Is there anything I'm missing to help?,STARTING & SWITCHING,Wegovy,0.0,,0.0,0.0,0.0,
P0056,R1,I have pre-diabetes and insulin resistance but I can't tolerate most medications or supplements because of tachycardia (I have POTS). Is there anything I'm missing to help?,STARTING & SWITCHING,Zepbound,0.0,,0.0,0.0,0.0,
P0057,R1,"I'm around 250 pounds, tried two different injectable weight-loss meds with no real loss, and my new insurance won't cover any of them. Short of that, what are my options to lose the weight?",PRICE & ACCESS,Farxiga,0.0,,0.0,0.0,0.0,
P0057,R1,"I'm around 250 pounds, tried two different injectable weight-loss meds with no real loss, and my new insurance won't cover any of them. Short of that, what are my options to lose the weight?",PRICE & ACCESS,Invokana,0.0,,0.0,0.0,0.0,
P0057,R1,"I'm around 250 pounds, tried two different injectable weight-loss meds with no real loss, and my new insurance won't cover any of them. Short of that, what are my options to lose the weight?",PRICE & ACCESS,Januvia,0.0,,0.0,0.0,0.0,
P0057,R1,"I'm around 250 pounds, tried two different injectable weight-loss meds with no real loss, and my new insurance won't cover any of them. Short of that, what are my options to lose the weight?",PRICE & ACCESS,Jardiance,0.0,,0.0,0.0,0.0,
P0057,R1,"I'm around 250 pounds, tried two different injectable weight-loss meds with no real loss, and my new insurance won't cover any of them. Short of that, what are my options to lose the weight?",PRICE & ACCESS,Mounjaro,0.08333333333333333,1.0,0.0,0.0,0.0,1.0
P0057,R1,"I'm around 250 pounds, tried two different injectable weight-loss meds with no real loss, and my new insurance won't cover any of them. Short of that, what are my options to lose the weight?",PRICE & ACCESS,Rybelsus,0.0,,0.0,0.0,0.0,
P0057,R1,"I'm around 250 pounds, tried two different injectable weight-loss meds with no real loss, and my new insurance won't cover any of them. Short of that, what are my options to lose the weight?",PRICE & ACCESS,Saxenda,0.08333333333333333,0.0,0.08333333333333333,0.08333333333333333,0.0,1.0
P0057,R1,"I'm around 250 pounds, tried two different injectable weight-loss meds with no real loss, and my new insurance won't cover any of them. Short of that, what are my options to lose the weight?",PRICE & ACCESS,Trulicity,0.0,,0.0,0.0,0.0,
P0057,R1,"I'm around 250 pounds, tried two different injectable weight-loss meds with no real loss, and my new insurance won't cover any of them. Short of that, what are my options to lose the weight?",PRICE & ACCESS,Victoza,0.0,,0.0,0.0,0.0,
P0057,R1,"I'm around 250 pounds, tried two different injectable weight-loss meds with no real loss, and my new insurance won't cover any of them. Short of that, what are my options to lose the weight?",PRICE & ACCESS,Wegovy,0.4583333333333333,0.0,0.75,0.4583333333333333,0.29166666666666663,1.0
P0057,R1,"I'm around 250 pounds, tried two different injectable weight-loss meds with no real loss, and my new insurance won't cover any of them. Short of that, what are my options to lose the weight?",PRICE & ACCESS,Zepbound,0.3333333333333333,0.5,0.25,0.08333333333333333,0.16666666666666666,1.0
P0058,R1,insurance cut my weight-loss injections and they weren't working anyway. what else can i do to lose weight?,PRICE & ACCESS,Farxiga,0.0,,0.0,0.0,0.0,
P0058,R1,insurance cut my weight-loss injections and they weren't working anyway. what else can i do to lose weight?,PRICE & ACCESS,Invokana,0.0,,0.0,0.0,0.0,
P0058,R1,insurance cut my weight-loss injections and they weren't working anyway. what else can i do to lose weight?,PRICE & ACCESS,Januvia,0.0,,0.0,0.0,0.0,
P0058,R1,insurance cut my weight-loss injections and they weren't working anyway. what else can i do to lose weight?,PRICE & ACCESS,Jardiance,0.0,,0.0,0.0,0.0,
P0058,R1,insurance cut my weight-loss injections and they weren't working anyway. what else can i do to lose weight?,PRICE & ACCESS,Mounjaro,0.0,,0.125,0.0,0.125,
P0058,R1,insurance cut my weight-loss injections and they weren't working anyway. what else can i do to lose weight?,PRICE & ACCESS,Rybelsus,0.0,,0.125,0.0,0.125,
P0058,R1,insurance cut my weight-loss injections and they weren't working anyway. what else can i do to lose weight?,PRICE & ACCESS,Saxenda,0.0,,0.20833333333333331,0.0,0.20833333333333331,
P0058,R1,insurance cut my weight-loss injections and they weren't working anyway. what else can i do to lose weight?,PRICE & ACCESS,Trulicity,0.0,,0.0,0.0,0.0,
P0058,R1,insurance cut my weight-loss injections and they weren't working anyway. what else can i do to lose weight?,PRICE & ACCESS,Victoza,0.0,,0.0,0.0,0.0,
P0058,R1,insurance cut my weight-loss injections and they weren't working anyway. what else can i do to lose weight?,PRICE & ACCESS,Wegovy,0.25,0.0,0.8541666666666666,0.25,0.6041666666666666,1.0
P0058,R1,insurance cut my weight-loss injections and they weren't working anyway. what else can i do to lose weight?,PRICE & ACCESS,Zepbound,0.0,,0.41666666666666663,0.0,0.41666666666666663,
P0059,R1,"I've tried a couple of weight-loss injections that helped me maintain but never lose, and now my insurance won't cover them. What else can I try to actually lose weight?",PRICE & ACCESS,Farxiga,0.0,,0.0,0.0,0.0,
P0059,R1,"I've tried a couple of weight-loss injections that helped me maintain but never lose, and now my insurance won't cover them. What else can I try to actually lose weight?",PRICE & ACCESS,Invokana,0.0,,0.0,0.0,0.0,
P0059,R1,"I've tried a couple of weight-loss injections that helped me maintain but never lose, and now my insurance won't cover them. What else can I try to actually lose weight?",PRICE & ACCESS,Januvia,0.0,,0.0,0.0,0.0,
P0059,R1,"I've tried a couple of weight-loss injections that helped me maintain but never lose, and now my insurance won't cover them. What else can I try to actually lose weight?",PRICE & ACCESS,Jardiance,0.0,,0.0,0.0,0.0,
P0059,R1,"I've tried a couple of weight-loss injections that helped me maintain but never lose, and now my insurance won't cover them. What else can I try to actually lose weight?",PRICE & ACCESS,Mounjaro,0.0,,0.0,0.0,0.0,
P0059,R1,"I've tried a couple of weight-loss injections that helped me maintain but never lose, and now my insurance won't cover them. What else can I try to actually lose weight?",PRICE & ACCESS,Rybelsus,0.0,,0.08333333333333333,0.0,0.08333333333333333,
P0059,R1,"I've tried a couple of weight-loss injections that helped me maintain but never lose, and now my insurance won't cover them. What else can I try to actually lose weight?",PRICE & ACCESS,Saxenda,0.0,,0.3333333333333333,0.0,0.3333333333333333,
P0059,R1,"I've tried a couple of weight-loss injections that helped me maintain but never lose, and now my insurance won't cover them. What else can I try to actually lose weight?",PRICE & ACCESS,Trulicity,0.0,,0.0,0.0,0.0,
P0059,R1,"I've tried a couple of weight-loss injections that helped me maintain but never lose, and now my insurance won't cover them. What else can I try to actually lose weight?",PRICE & ACCESS,Victoza,0.0,,0.0,0.0,0.0,
P0059,R1,"I've tried a couple of weight-loss injections that helped me maintain but never lose, and now my insurance won't cover them. What else can I try to actually lose weight?",PRICE & ACCESS,Wegovy,0.125,0.0,0.9166666666666666,0.125,0.7916666666666666,1.0
P0059,R1,"I've tried a couple of weight-loss injections that helped me maintain but never lose, and now my insurance won't cover them. What else can I try to actually lose weight?",PRICE & ACCESS,Zepbound,0.125,0.0,0.7916666666666666,0.125,0.6666666666666666,1.0
P0060,R1,"tried a couple weight loss shots, only helped me maintain not lose, and now insurance dropped them. what else can i even do to lose weight",PRICE & ACCESS,Farxiga,0.0,,0.0,0.0,0.0,
P0060,R1,"tried a couple weight loss shots, only helped me maintain not lose, and now insurance dropped them. what else can i even do to lose weight",PRICE & ACCESS,Invokana,0.0,,0.0,0.0,0.0,
P0060,R1,"tried a couple weight loss shots, only helped me maintain not lose, and now insurance dropped them. what else can i even do to lose weight",PRICE & ACCESS,Januvia,0.0,,0.0,0.0,0.0,
P0060,R1,"tried a couple weight loss shots, only helped me maintain not lose, and now insurance dropped them. what else can i even do to lose weight",PRICE & ACCESS,Jardiance,0.0,,0.0,0.0,0.0,
P0060,R1,"tried a couple weight loss shots, only helped me maintain not lose, and now insurance dropped them. what else can i even do to lose weight",PRICE & ACCESS,Mounjaro,0.27777777777777773,1.0,0.16666666666666666,0.0,0.16666666666666666,1.0
P0060,R1,"tried a couple weight loss shots, only helped me maintain not lose, and now insurance dropped them. what else can i even do to lose weight",PRICE & ACCESS,Rybelsus,0.0,,0.0,0.0,0.0,
P0060,R1,"tried a couple weight loss shots, only helped me maintain not lose, and now insurance dropped them. what else can i even do to lose weight",PRICE & ACCESS,Saxenda,0.1111111111111111,0.0,0.3333333333333333,0.1111111111111111,0.2222222222222222,1.0
P0060,R1,"tried a couple weight loss shots, only helped me maintain not lose, and now insurance dropped them. what else can i even do to lose weight",PRICE & ACCESS,Trulicity,0.0,,0.0,0.0,0.0,
P0060,R1,"tried a couple weight loss shots, only helped me maintain not lose, and now insurance dropped them. what else can i even do to lose weight",PRICE & ACCESS,Victoza,0.0,,0.0,0.0,0.0,
P0060,R1,"tried a couple weight loss shots, only helped me maintain not lose, and now insurance dropped them. what else can i even do to lose weight",PRICE & ACCESS,Wegovy,0.16666666666666666,0.0,0.4444444444444444,0.16666666666666666,0.27777777777777773,1.0
P0060,R1,"tried a couple weight loss shots, only helped me maintain not lose, and now insurance dropped them. what else can i even do to lose weight",PRICE & ACCESS,Zepbound,0.16666666666666666,0.0,0.5555555555555555,0.16666666666666666,0.38888888888888884,1.0
P0061,R1,"can't tolerate metformin's GI side effects, what alternatives are there for type 2?",LIVING ON THE DRUG,Farxiga,0.9166666666666666,0.625,0.3333333333333333,0.3333333333333333,0.0,0.875
P0061,R1,"can't tolerate metformin's GI side effects, what alternatives are there for type 2?",LIVING ON THE DRUG,Invokana,0.9166666666666666,0.625,0.3333333333333333,0.3333333333333333,0.0,0.875
P0061,R1,"can't tolerate metformin's GI side effects, what alternatives are there for type 2?",LIVING ON THE DRUG,Januvia,0.9166666666666666,0.9166666666666666,0.16666666666666666,0.08333333333333333,0.08333333333333333,0.9166666666666666
P0061,R1,"can't tolerate metformin's GI side effects, what alternatives are there for type 2?",LIVING ON THE DRUG,Jardiance,0.9166666666666666,0.625,0.3333333333333333,0.3333333333333333,0.0,0.875
P0061,R1,"can't tolerate metformin's GI side effects, what alternatives are there for type 2?",LIVING ON THE DRUG,Mounjaro,0.8333333333333333,1.0,0.0,0.0,0.0,1.0
P0061,R1,"can't tolerate metformin's GI side effects, what alternatives are there for type 2?",LIVING ON THE DRUG,Rybelsus,0.8333333333333334,1.0,0.08333333333333333,0.0,0.08333333333333333,1.0
P0061,R1,"can't tolerate metformin's GI side effects, what alternatives are there for type 2?",LIVING ON THE DRUG,Saxenda,0.0,,0.0,0.0,0.0,
P0061,R1,"can't tolerate metformin's GI side effects, what alternatives are there for type 2?",LIVING ON THE DRUG,Trulicity,0.9166666666666666,0.7083333333333334,0.3333333333333333,0.25,0.08333333333333333,0.7916666666666666
P0061,R1,"can't tolerate metformin's GI side effects, what alternatives are there for type 2?",LIVING ON THE DRUG,Victoza,0.8333333333333333,0.625,0.29166666666666663,0.29166666666666663,0.0,0.625
P0061,R1,"can't tolerate metformin's GI side effects, what alternatives are there for type 2?",LIVING ON THE DRUG,Wegovy,0.0,,0.0,0.0,0.0,
P0061,R1,"can't tolerate metformin's GI side effects, what alternatives are there for type 2?",LIVING ON THE DRUG,Zepbound,0.0,,0.0,0.0,0.0,
P0062,R1,"I've cut my metformin down as far as I can and the GI distress is still constant — the moment I skip it, I'm fine. I can't live like this. What else is there, or can I manage type 2 another way?",STARTING & SWITCHING,Farxiga,0.8333333333333334,0.6666666666666666,0.16666666666666666,0.16666666666666666,0.0,0.9166666666666666
P0062,R1,"I've cut my metformin down as far as I can and the GI distress is still constant — the moment I skip it, I'm fine. I can't live like this. What else is there, or can I manage type 2 another way?",STARTING & SWITCHING,Invokana,0.75,0.8888888888888888,0.08333333333333333,0.08333333333333333,0.0,0.8888888888888888
P0062,R1,"I've cut my metformin down as far as I can and the GI distress is still constant — the moment I skip it, I'm fine. I can't live like this. What else is there, or can I manage type 2 another way?",STARTING & SWITCHING,Januvia,0.8333333333333334,0.8333333333333333,0.16666666666666666,0.16666666666666666,0.0,0.9166666666666666
P0062,R1,"I've cut my metformin down as far as I can and the GI distress is still constant — the moment I skip it, I'm fine. I can't live like this. What else is there, or can I manage type 2 another way?",STARTING & SWITCHING,Jardiance,0.8333333333333334,0.6666666666666666,0.16666666666666666,0.16666666666666666,0.0,0.9166666666666666
P0062,R1,"I've cut my metformin down as far as I can and the GI distress is still constant — the moment I skip it, I'm fine. I can't live like this. What else is there, or can I manage type 2 another way?",STARTING & SWITCHING,Mounjaro,0.6666666666666666,1.0,0.0,0.0,0.0,1.0
P0062,R1,"I've cut my metformin down as far as I can and the GI distress is still constant — the moment I skip it, I'm fine. I can't live like this. What else is there, or can I manage type 2 another way?",STARTING & SWITCHING,Rybelsus,0.8333333333333334,1.0,0.0,0.0,0.0,1.0
P0062,R1,"I've cut my metformin down as far as I can and the GI distress is still constant — the moment I skip it, I'm fine. I can't live like this. What else is there, or can I manage type 2 another way?",STARTING & SWITCHING,Saxenda,0.0,,0.0,0.0,0.0,
P0062,R1,"I've cut my metformin down as far as I can and the GI distress is still constant — the moment I skip it, I'm fine. I can't live like this. What else is there, or can I manage type 2 another way?",STARTING & SWITCHING,Trulicity,0.8333333333333334,0.8333333333333333,0.16666666666666666,0.16666666666666666,0.0,0.9166666666666666
P0062,R1,"I've cut my metformin down as far as I can and the GI distress is still constant — the moment I skip it, I'm fine. I can't live like this. What else is there, or can I manage type 2 another way?",STARTING & SWITCHING,Victoza,0.8333333333333334,0.8333333333333333,0.16666666666666666,0.16666666666666666,0.0,0.9166666666666666
P0062,R1,"I've cut my metformin down as far as I can and the GI distress is still constant — the moment I skip it, I'm fine. I can't live like this. What else is there, or can I manage type 2 another way?",STARTING & SWITCHING,Wegovy,0.08333333333333333,1.0,0.0,0.0,0.0,1.0
P0062,R1,"I've cut my metformin down as far as I can and the GI distress is still constant — the moment I skip it, I'm fine. I can't live like this. What else is there, or can I manage type 2 another way?",STARTING & SWITCHING,Zepbound,0.125,1.0,0.0,0.0,0.0,1.0
P0063,R1,"metformin destroys my stomach even cut down small, cant handle the gi stuff. is there an alternative or can i manage t2 without it",STARTING & SWITCHING,Farxiga,0.6666666666666666,1.0,0.0,0.0,0.0,1.0
P0063,R1,"metformin destroys my stomach even cut down small, cant handle the gi stuff. is there an alternative or can i manage t2 without it",STARTING & SWITCHING,Invokana,0.6666666666666666,1.0,0.0,0.0,0.0,1.0
P0063,R1,"metformin destroys my stomach even cut down small, cant handle the gi stuff. is there an alternative or can i manage t2 without it",STARTING & SWITCHING,Januvia,0.6666666666666666,1.0,0.08333333333333333,0.0,0.08333333333333333,1.0
P0063,R1,"metformin destroys my stomach even cut down small, cant handle the gi stuff. is there an alternative or can i manage t2 without it",STARTING & SWITCHING,Jardiance,0.6666666666666666,1.0,0.0,0.0,0.0,1.0
P0063,R1,"metformin destroys my stomach even cut down small, cant handle the gi stuff. is there an alternative or can i manage t2 without it",STARTING & SWITCHING,Mounjaro,0.6666666666666666,1.0,0.08333333333333333,0.0,0.08333333333333333,1.0
P0063,R1,"metformin destroys my stomach even cut down small, cant handle the gi stuff. is there an alternative or can i manage t2 without it",STARTING & SWITCHING,Rybelsus,0.6666666666666666,1.0,0.0,0.0,0.0,1.0
P0063,R1,"metformin destroys my stomach even cut down small, cant handle the gi stuff. is there an alternative or can i manage t2 without it",STARTING & SWITCHING,Saxenda,0.0,,0.0,0.0,0.0,
P0063,R1,"metformin destroys my stomach even cut down small, cant handle the gi stuff. is there an alternative or can i manage t2 without it",STARTING & SWITCHING,Trulicity,0.6666666666666666,1.0,0.0,0.0,0.0,1.0
P0063,R1,"metformin destroys my stomach even cut down small, cant handle the gi stuff. is there an alternative or can i manage t2 without it",STARTING & SWITCHING,Victoza,0.41666666666666663,1.0,0.0,0.0,0.0,1.0
P0063,R1,"metformin destroys my stomach even cut down small, cant handle the gi stuff. is there an alternative or can i manage t2 without it",STARTING & SWITCHING,Wegovy,0.0,,0.0,0.0,0.0,
P0063,R1,"metformin destroys my stomach even cut down small, cant handle the gi stuff. is there an alternative or can i manage t2 without it",STARTING & SWITCHING,Zepbound,0.0,,0.0,0.0,0.0,
P0064,R1,"Metformin tears my stomach up even at a low dose and I can't tolerate the GI side effects. Is there an alternative, or can type 2 be managed without it?",LIVING ON THE DRUG,Farxiga,0.5833333333333334,0.8888888888888888,0.08333333333333333,0.08333333333333333,0.0,0.8888888888888888
P0064,R1,"Metformin tears my stomach up even at a low dose and I can't tolerate the GI side effects. Is there an alternative, or can type 2 be managed without it?",LIVING ON THE DRUG,Invokana,0.5833333333333334,0.8888888888888888,0.08333333333333333,0.08333333333333333,0.0,0.8888888888888888
P0064,R1,"Metformin tears my stomach up even at a low dose and I can't tolerate the GI side effects. Is there an alternative, or can type 2 be managed without it?",LIVING ON THE DRUG,Januvia,0.8333333333333334,0.5833333333333334,0.25,0.25,0.0,0.9166666666666666
P0064,R1,"Metformin tears my stomach up even at a low dose and I can't tolerate the GI side effects. Is there an alternative, or can type 2 be managed without it?",LIVING ON THE DRUG,Jardiance,0.8333333333333334,0.9166666666666666,0.08333333333333333,0.08333333333333333,0.0,0.9166666666666666
P0064,R1,"Metformin tears my stomach up even at a low dose and I can't tolerate the GI side effects. Is there an alternative, or can type 2 be managed without it?",LIVING ON THE DRUG,Mounjaro,0.75,1.0,0.0,0.0,0.0,1.0
P0064,R1,"Metformin tears my stomach up even at a low dose and I can't tolerate the GI side effects. Is there an alternative, or can type 2 be managed without it?",LIVING ON THE DRUG,Rybelsus,0.6666666666666666,0.75,0.16666666666666666,0.08333333333333333,0.08333333333333333,1.0
P0064,R1,"Metformin tears my stomach up even at a low dose and I can't tolerate the GI side effects. Is there an alternative, or can type 2 be managed without it?",LIVING ON THE DRUG,Saxenda,0.08333333333333333,0.0,0.08333333333333333,0.08333333333333333,0.0,1.0
P0064,R1,"Metformin tears my stomach up even at a low dose and I can't tolerate the GI side effects. Is there an alternative, or can type 2 be managed without it?",LIVING ON THE DRUG,Trulicity,0.75,0.75,0.16666666666666666,0.16666666666666666,0.0,1.0
P0064,R1,"Metformin tears my stomach up even at a low dose and I can't tolerate the GI side effects. Is there an alternative, or can type 2 be managed without it?",LIVING ON THE DRUG,Victoza,0.5,0.6666666666666666,0.16666666666666666,0.16666666666666666,0.0,1.0
P0064,R1,"Metformin tears my stomach up even at a low dose and I can't tolerate the GI side effects. Is there an alternative, or can type 2 be managed without it?",LIVING ON THE DRUG,Wegovy,0.16666666666666666,1.0,0.0,0.0,0.0,1.0
P0064,R1,"Metformin tears my stomach up even at a low dose and I can't tolerate the GI side effects. Is there an alternative, or can type 2 be managed without it?",LIVING ON THE DRUG,Zepbound,0.0,,0.0,0.0,0.0,
P0065,R1,"It's been about a month since diagnosis. I'm on 500mg metformin, watching carbs and swimming, but my sugar still sits at 250-280 all day. What are my options to get it lower?",BLOOD SUGAR & GLYCEMIC CONTROL,Farxiga,0.25,1.0,0.0,0.0,0.0,1.0
P0065,R1,"It's been about a month since diagnosis. I'm on 500mg metformin, watching carbs and swimming, but my sugar still sits at 250-280 all day. What are my options to get it lower?",BLOOD SUGAR & GLYCEMIC CONTROL,Invokana,0.0,,0.0,0.0,0.0,
P0065,R1,"It's been about a month since diagnosis. I'm on 500mg metformin, watching carbs and swimming, but my sugar still sits at 250-280 all day. What are my options to get it lower?",BLOOD SUGAR & GLYCEMIC CONTROL,Januvia,0.125,1.0,0.0,0.0,0.0,1.0
P0065,R1,"It's been about a month since diagnosis. I'm on 500mg metformin, watching carbs and swimming, but my sugar still sits at 250-280 all day. What are my options to get it lower?",BLOOD SUGAR & GLYCEMIC CONTROL,Jardiance,0.25,1.0,0.0,0.0,0.0,1.0
P0065,R1,"It's been about a month since diagnosis. I'm on 500mg metformin, watching carbs and swimming, but my sugar still sits at 250-280 all day. What are my options to get it lower?",BLOOD SUGAR & GLYCEMIC CONTROL,Mounjaro,0.125,1.0,0.08333333333333333,0.0,0.08333333333333333,1.0
P0065,R1,"It's been about a month since diagnosis. I'm on 500mg metformin, watching carbs and swimming, but my sugar still sits at 250-280 all day. What are my options to get it lower?",BLOOD SUGAR & GLYCEMIC CONTROL,Rybelsus,0.125,1.0,0.0,0.0,0.0,1.0
P0065,R1,"It's been about a month since diagnosis. I'm on 500mg metformin, watching carbs and swimming, but my sugar still sits at 250-280 all day. What are my options to get it lower?",BLOOD SUGAR & GLYCEMIC CONTROL,Saxenda,0.0,,0.0,0.0,0.0,
P0065,R1,"It's been about a month since diagnosis. I'm on 500mg metformin, watching carbs and swimming, but my sugar still sits at 250-280 all day. What are my options to get it lower?",BLOOD SUGAR & GLYCEMIC CONTROL,Trulicity,0.125,1.0,0.0,0.0,0.0,1.0
P0065,R1,"It's been about a month since diagnosis. I'm on 500mg metformin, watching carbs and swimming, but my sugar still sits at 250-280 all day. What are my options to get it lower?",BLOOD SUGAR & GLYCEMIC CONTROL,Victoza,0.125,1.0,0.0,0.0,0.0,1.0
P0065,R1,"It's been about a month since diagnosis. I'm on 500mg metformin, watching carbs and swimming, but my sugar still sits at 250-280 all day. What are my options to get it lower?",BLOOD SUGAR & GLYCEMIC CONTROL,Wegovy,0.0,,0.0,0.0,0.0,
P0065,R1,"It's been about a month since diagnosis. I'm on 500mg metformin, watching carbs and swimming, but my sugar still sits at 250-280 all day. What are my options to get it lower?",BLOOD SUGAR & GLYCEMIC CONTROL,Zepbound,0.0,,0.0,0.0,0.0,
P0066,R1,"on metformin 500, sugar still 250-280 after a month, what next?",BLOOD SUGAR & GLYCEMIC CONTROL,Farxiga,0.4583333333333333,0.6666666666666666,0.25,0.25,0.0,1.0
P0066,R1,"on metformin 500, sugar still 250-280 after a month, what next?",BLOOD SUGAR & GLYCEMIC CONTROL,Invokana,0.0,,0.0,0.0,0.0,
P0066,R1,"on metformin 500, sugar still 250-280 after a month, what next?",BLOOD SUGAR & GLYCEMIC CONTROL,Januvia,0.125,1.0,0.0,0.0,0.0,1.0
P0066,R1,"on metformin 500, sugar still 250-280 after a month, what next?",BLOOD SUGAR & GLYCEMIC CONTROL,Jardiance,0.4583333333333333,0.6666666666666666,0.25,0.25,0.0,1.0
P0066,R1,"on metformin 500, sugar still 250-280 after a month, what next?",BLOOD SUGAR & GLYCEMIC CONTROL,Mounjaro,0.0,,0.0,0.0,0.0,
P0066,R1,"on metformin 500, sugar still 250-280 after a month, what next?",BLOOD SUGAR & GLYCEMIC CONTROL,Rybelsus,0.0,,0.0,0.0,0.0,
P0066,R1,"on metformin 500, sugar still 250-280 after a month, what next?",BLOOD SUGAR & GLYCEMIC CONTROL,Saxenda,0.0,,0.0,0.0,0.0,
P0066,R1,"on metformin 500, sugar still 250-280 after a month, what next?",BLOOD SUGAR & GLYCEMIC CONTROL,Trulicity,0.20833333333333331,1.0,0.0,0.0,0.0,1.0
P0066,R1,"on metformin 500, sugar still 250-280 after a month, what next?",BLOOD SUGAR & GLYCEMIC CONTROL,Victoza,0.0,,0.0,0.0,0.0,
P0066,R1,"on metformin 500, sugar still 250-280 after a month, what next?",BLOOD SUGAR & GLYCEMIC CONTROL,Wegovy,0.0,,0.0,0.0,0.0,
P0066,R1,"on metformin 500, sugar still 250-280 after a month, what next?",BLOOD SUGAR & GLYCEMIC CONTROL,Zepbound,0.0,,0.0,0.0,0.0,
P0067,R1,My blood sugar runs 250-280 daily and I'm on 500mg metformin but it doesn't seem to be working after a month. What can I do to bring it down?,BLOOD SUGAR & GLYCEMIC CONTROL,Farxiga,0.16666666666666666,0.0,0.16666666666666666,0.16666666666666666,0.0,1.0
P0067,R1,My blood sugar runs 250-280 daily and I'm on 500mg metformin but it doesn't seem to be working after a month. What can I do to bring it down?,BLOOD SUGAR & GLYCEMIC CONTROL,Invokana,0.0,,0.0,0.0,0.0,
P0067,R1,My blood sugar runs 250-280 daily and I'm on 500mg metformin but it doesn't seem to be working after a month. What can I do to bring it down?,BLOOD SUGAR & GLYCEMIC CONTROL,Januvia,0.16666666666666666,0.0,0.16666666666666666,0.16666666666666666,0.0,1.0
P0067,R1,My blood sugar runs 250-280 daily and I'm on 500mg metformin but it doesn't seem to be working after a month. What can I do to bring it down?,BLOOD SUGAR & GLYCEMIC CONTROL,Jardiance,0.27777777777777773,0.0,0.27777777777777773,0.27777777777777773,0.0,1.0
P0067,R1,My blood sugar runs 250-280 daily and I'm on 500mg metformin but it doesn't seem to be working after a month. What can I do to bring it down?,BLOOD SUGAR & GLYCEMIC CONTROL,Mounjaro,0.1111111111111111,1.0,0.0,0.0,0.0,1.0
P0067,R1,My blood sugar runs 250-280 daily and I'm on 500mg metformin but it doesn't seem to be working after a month. What can I do to bring it down?,BLOOD SUGAR & GLYCEMIC CONTROL,Rybelsus,0.0,,0.0,0.0,0.0,
P0067,R1,My blood sugar runs 250-280 daily and I'm on 500mg metformin but it doesn't seem to be working after a month. What can I do to bring it down?,BLOOD SUGAR & GLYCEMIC CONTROL,Saxenda,0.0,,0.0,0.0,0.0,
P0067,R1,My blood sugar runs 250-280 daily and I'm on 500mg metformin but it doesn't seem to be working after a month. What can I do to bring it down?,BLOOD SUGAR & GLYCEMIC CONTROL,Trulicity,0.1111111111111111,1.0,0.0,0.0,0.0,1.0
P0067,R1,My blood sugar runs 250-280 daily and I'm on 500mg metformin but it doesn't seem to be working after a month. What can I do to bring it down?,BLOOD SUGAR & GLYCEMIC CONTROL,Victoza,0.16666666666666666,1.0,0.0,0.0,0.0,1.0
P0067,R1,My blood sugar runs 250-280 daily and I'm on 500mg metformin but it doesn't seem to be working after a month. What can I do to bring it down?,BLOOD SUGAR & GLYCEMIC CONTROL,Wegovy,0.0,,0.0,0.0,0.0,
P0067,R1,My blood sugar runs 250-280 daily and I'm on 500mg metformin but it doesn't seem to be working after a month. What can I do to bring it down?,BLOOD SUGAR & GLYCEMIC CONTROL,Zepbound,0.0,,0.0,0.0,0.0,
P0068,R1,"sugars 250-280 every day, been on 500 metformin about a month and idk if its even working. what do i do to get it down",STARTING & SWITCHING,Farxiga,0.0,,0.0,0.0,0.0,
P0068,R1,"sugars 250-280 every day, been on 500 metformin about a month and idk if its even working. what do i do to get it down",STARTING & SWITCHING,Invokana,0.0,,0.0,0.0,0.0,
P0068,R1,"sugars 250-280 every day, been on 500 metformin about a month and idk if its even working. what do i do to get it down",STARTING & SWITCHING,Januvia,0.0,,0.0,0.0,0.0,
P0068,R1,"sugars 250-280 every day, been on 500 metformin about a month and idk if its even working. what do i do to get it down",STARTING & SWITCHING,Jardiance,0.125,1.0,0.0,0.0,0.0,1.0
P0068,R1,"sugars 250-280 every day, been on 500 metformin about a month and idk if its even working. what do i do to get it down",STARTING & SWITCHING,Mounjaro,0.0,,0.0,0.0,0.0,
P0068,R1,"sugars 250-280 every day, been on 500 metformin about a month and idk if its even working. what do i do to get it down",STARTING & SWITCHING,Rybelsus,0.0,,0.0,0.0,0.0,
P0068,R1,"sugars 250-280 every day, been on 500 metformin about a month and idk if its even working. what do i do to get it down",STARTING & SWITCHING,Saxenda,0.0,,0.0,0.0,0.0,
P0068,R1,"sugars 250-280 every day, been on 500 metformin about a month and idk if its even working. what do i do to get it down",STARTING & SWITCHING,Trulicity,0.125,1.0,0.0,0.0,0.0,1.0
P0068,R1,"sugars 250-280 every day, been on 500 metformin about a month and idk if its even working. what do i do to get it down",STARTING & SWITCHING,Victoza,0.0,,0.0,0.0,0.0,
P0068,R1,"sugars 250-280 every day, been on 500 metformin about a month and idk if its even working. what do i do to get it down",STARTING & SWITCHING,Wegovy,0.0,,0.0,0.0,0.0,
P0068,R1,"sugars 250-280 every day, been on 500 metformin about a month and idk if its even working. what do i do to get it down",STARTING & SWITCHING,Zepbound,0.0,,0.0,0.0,0.0,
P0069,R1,I'm trying to stay current — what are the most recent developments in treating type 2 diabetes?,STARTING & SWITCHING,Farxiga,0.08333333333333333,1.0,0.16666666666666666,0.0,0.16666666666666666,1.0
P0069,R1,I'm trying to stay current — what are the most recent developments in treating type 2 diabetes?,STARTING & SWITCHING,Invokana,0.0,,0.0,0.0,0.0,
P0069,R1,I'm trying to stay current — what are the most recent developments in treating type 2 diabetes?,STARTING & SWITCHING,Januvia,0.0,,0.0,0.0,0.0,
P0069,R1,I'm trying to stay current — what are the most recent developments in treating type 2 diabetes?,STARTING & SWITCHING,Jardiance,0.08333333333333333,1.0,0.16666666666666666,0.0,0.16666666666666666,1.0
P0069,R1,I'm trying to stay current — what are the most recent developments in treating type 2 diabetes?,STARTING & SWITCHING,Mounjaro,0.5833333333333334,0.5,0.4583333333333333,0.20833333333333331,0.25,0.8333333333333334
P0069,R1,I'm trying to stay current — what are the most recent developments in treating type 2 diabetes?,STARTING & SWITCHING,Rybelsus,0.0,,0.16666666666666666,0.0,0.16666666666666666,
P0069,R1,I'm trying to stay current — what are the most recent developments in treating type 2 diabetes?,STARTING & SWITCHING,Saxenda,0.0,,0.08333333333333333,0.0,0.08333333333333333,
P0069,R1,I'm trying to stay current — what are the most recent developments in treating type 2 diabetes?,STARTING & SWITCHING,Trulicity,0.0,,0.0,0.0,0.0,
P0069,R1,I'm trying to stay current — what are the most recent developments in treating type 2 diabetes?,STARTING & SWITCHING,Victoza,0.0,,0.08333333333333333,0.0,0.08333333333333333,
P0069,R1,I'm trying to stay current — what are the most recent developments in treating type 2 diabetes?,STARTING & SWITCHING,Wegovy,0.25,1.0,0.25,0.0,0.25,1.0
P0069,R1,I'm trying to stay current — what are the most recent developments in treating type 2 diabetes?,STARTING & SWITCHING,Zepbound,0.25,1.0,0.0,0.0,0.0,1.0
P0070,R1,newest type 2 diabetes treatments?,STARTING & SWITCHING,Farxiga,0.16666666666666666,1.0,0.0,0.0,0.0,1.0
P0070,R1,newest type 2 diabetes treatments?,STARTING & SWITCHING,Invokana,0.16666666666666666,1.0,0.0,0.0,0.0,1.0
P0070,R1,newest type 2 diabetes treatments?,STARTING & SWITCHING,Januvia,0.0,,0.0,0.0,0.0,
P0070,R1,newest type 2 diabetes treatments?,STARTING & SWITCHING,Jardiance,0.16666666666666666,1.0,0.0,0.0,0.0,1.0
P0070,R1,newest type 2 diabetes treatments?,STARTING & SWITCHING,Mounjaro,0.75,0.3333333333333333,0.5833333333333334,0.5,0.08333333333333333,1.0
P0070,R1,newest type 2 diabetes treatments?,STARTING & SWITCHING,Rybelsus,0.75,1.0,0.0,0.0,0.0,1.0
P0070,R1,newest type 2 diabetes treatments?,STARTING & SWITCHING,Saxenda,0.0,,0.0,0.0,0.0,
P0070,R1,newest type 2 diabetes treatments?,STARTING & SWITCHING,Trulicity,0.25,0.0,0.25,0.25,0.0,1.0
P0070,R1,newest type 2 diabetes treatments?,STARTING & SWITCHING,Victoza,0.0,,0.0,0.0,0.0,
P0070,R1,newest type 2 diabetes treatments?,STARTING & SWITCHING,Wegovy,0.125,1.0,0.08333333333333333,0.0,0.08333333333333333,1.0
P0070,R1,newest type 2 diabetes treatments?,STARTING & SWITCHING,Zepbound,0.3333333333333333,0.5,0.16666666666666666,0.08333333333333333,0.08333333333333333,1.0
P0071,R1,whats the newest treatment out for type 2 diabetes rn,STARTING & SWITCHING,Farxiga,0.0,,0.08333333333333333,0.0,0.08333333333333333,
P0071,R1,whats the newest treatment out for type 2 diabetes rn,STARTING & SWITCHING,Invokana,0.0,,0.0,0.0,0.0,
P0071,R1,whats the newest treatment out for type 2 diabetes rn,STARTING & SWITCHING,Januvia,0.0,,0.0,0.0,0.0,
P0071,R1,whats the newest treatment out for type 2 diabetes rn,STARTING & SWITCHING,Jardiance,0.08333333333333333,1.0,0.08333333333333333,0.0,0.08333333333333333,1.0
P0071,R1,whats the newest treatment out for type 2 diabetes rn,STARTING & SWITCHING,Mounjaro,0.6666666666666666,0.3333333333333333,0.5,0.41666666666666663,0.08333333333333333,1.0
P0071,R1,whats the newest treatment out for type 2 diabetes rn,STARTING & SWITCHING,Rybelsus,0.5833333333333334,1.0,0.08333333333333333,0.0,0.08333333333333333,1.0
P0071,R1,whats the newest treatment out for type 2 diabetes rn,STARTING & SWITCHING,Saxenda,0.0,,0.08333333333333333,0.0,0.08333333333333333,
P0071,R1,whats the newest treatment out for type 2 diabetes rn,STARTING & SWITCHING,Trulicity,0.25,0.0,0.25,0.25,0.0,1.0
P0071,R1,whats the newest treatment out for type 2 diabetes rn,STARTING & SWITCHING,Victoza,0.08333333333333333,1.0,0.08333333333333333,0.0,0.08333333333333333,1.0
P0071,R1,whats the newest treatment out for type 2 diabetes rn,STARTING & SWITCHING,Wegovy,0.08333333333333333,1.0,0.08333333333333333,0.0,0.08333333333333333,1.0
P0071,R1,whats the newest treatment out for type 2 diabetes rn,STARTING & SWITCHING,Zepbound,0.25,1.0,0.0,0.0,0.0,1.0
P0072,R1,What's the latest treatment news for type 2 diabetes?,STARTING & SWITCHING,Farxiga,0.08333333333333333,0.0,0.08333333333333333,0.08333333333333333,0.0,1.0
P0072,R1,What's the latest treatment news for type 2 diabetes?,STARTING & SWITCHING,Invokana,0.0,,0.0,0.0,0.0,
P0072,R1,What's the latest treatment news for type 2 diabetes?,STARTING & SWITCHING,Januvia,0.0,,0.0,0.0,0.0,
P0072,R1,What's the latest treatment news for type 2 diabetes?,STARTING & SWITCHING,Jardiance,0.25,0.0,0.25,0.25,0.0,1.0
P0072,R1,What's the latest treatment news for type 2 diabetes?,STARTING & SWITCHING,Mounjaro,0.75,0.5,0.41666666666666663,0.3333333333333333,0.08333333333333333,1.0
P0072,R1,What's the latest treatment news for type 2 diabetes?,STARTING & SWITCHING,Rybelsus,0.0,,0.08333333333333333,0.0,0.08333333333333333,
P0072,R1,What's the latest treatment news for type 2 diabetes?,STARTING & SWITCHING,Saxenda,0.08333333333333333,0.0,0.25,0.08333333333333333,0.16666666666666666,1.0
P0072,R1,What's the latest treatment news for type 2 diabetes?,STARTING & SWITCHING,Trulicity,0.25,0.0,0.25,0.25,0.0,1.0
P0072,R1,What's the latest treatment news for type 2 diabetes?,STARTING & SWITCHING,Victoza,0.08333333333333333,0.0,0.3333333333333333,0.08333333333333333,0.25,1.0
P0072,R1,What's the latest treatment news for type 2 diabetes?,STARTING & SWITCHING,Wegovy,0.75,0.75,0.16666666666666666,0.08333333333333333,0.08333333333333333,1.0
P0072,R1,What's the latest treatment news for type 2 diabetes?,STARTING & SWITCHING,Zepbound,0.25,1.0,0.0,0.0,0.0,1.0
P0073,R1,best type 2 diabetes medications?,STARTING & SWITCHING,Farxiga,0.625,0.7777777777777778,0.25,0.16666666666666666,0.08333333333333333,0.8888888888888888
P0073,R1,best type 2 diabetes medications?,STARTING & SWITCHING,Invokana,0.375,0.6666666666666666,0.25,0.16666666666666666,0.08333333333333333,0.8333333333333333
P0073,R1,best type 2 diabetes medications?,STARTING & SWITCHING,Januvia,0.20833333333333331,1.0,0.0,0.0,0.0,1.0
P0073,R1,best type 2 diabetes medications?,STARTING & SWITCHING,Jardiance,0.75,0.7777777777777778,0.25,0.16666666666666666,0.08333333333333333,0.8888888888888888
P0073,R1,best type 2 diabetes medications?,STARTING & SWITCHING,Mounjaro,0.75,1.0,0.0,0.0,0.0,1.0
P0073,R1,best type 2 diabetes medications?,STARTING & SWITCHING,Rybelsus,0.75,0.8888888888888888,0.16666666666666666,0.08333333333333333,0.08333333333333333,0.8888888888888888
P0073,R1,best type 2 diabetes medications?,STARTING & SWITCHING,Saxenda,0.0,,0.0,0.0,0.0,
P0073,R1,best type 2 diabetes medications?,STARTING & SWITCHING,Trulicity,0.5,0.8333333333333333,0.08333333333333333,0.08333333333333333,0.0,0.8333333333333333
P0073,R1,best type 2 diabetes medications?,STARTING & SWITCHING,Victoza,0.5,0.8333333333333333,0.08333333333333333,0.08333333333333333,0.0,0.8333333333333333
P0073,R1,best type 2 diabetes medications?,STARTING & SWITCHING,Wegovy,0.08333333333333333,1.0,0.0,0.0,0.0,1.0
P0073,R1,best type 2 diabetes medications?,STARTING & SWITCHING,Zepbound,0.08333333333333333,1.0,0.0,0.0,0.0,1.0
P0074,R1,"If someone has type 2 diabetes, what would generally be considered the best medication options?",STARTING & SWITCHING,Farxiga,0.5416666666666666,0.6666666666666666,0.3333333333333333,0.25,0.08333333333333333,1.0
P0074,R1,"If someone has type 2 diabetes, what would generally be considered the best medication options?",STARTING & SWITCHING,Invokana,0.16666666666666666,1.0,0.08333333333333333,0.0,0.08333333333333333,1.0
P0074,R1,"If someone has type 2 diabetes, what would generally be considered the best medication options?",STARTING & SWITCHING,Januvia,0.125,1.0,0.0,0.0,0.0,1.0
P0074,R1,"If someone has type 2 diabetes, what would generally be considered the best medication options?",STARTING & SWITCHING,Jardiance,0.6666666666666666,0.6666666666666666,0.3333333333333333,0.25,0.08333333333333333,1.0
P0074,R1,"If someone has type 2 diabetes, what would generally be considered the best medication options?",STARTING & SWITCHING,Mounjaro,0.6666666666666666,1.0,0.0,0.0,0.0,1.0
P0074,R1,"If someone has type 2 diabetes, what would generally be considered the best medication options?",STARTING & SWITCHING,Rybelsus,0.6666666666666666,1.0,0.0,0.0,0.0,1.0
P0074,R1,"If someone has type 2 diabetes, what would generally be considered the best medication options?",STARTING & SWITCHING,Saxenda,0.08333333333333333,0.0,0.08333333333333333,0.08333333333333333,0.0,1.0
P0074,R1,"If someone has type 2 diabetes, what would generally be considered the best medication options?",STARTING & SWITCHING,Trulicity,0.5416666666666666,0.8333333333333334,0.08333333333333333,0.08333333333333333,0.0,0.8333333333333334
P0074,R1,"If someone has type 2 diabetes, what would generally be considered the best medication options?",STARTING & SWITCHING,Victoza,0.5416666666666666,0.8333333333333334,0.08333333333333333,0.08333333333333333,0.0,0.8333333333333334
P0074,R1,"If someone has type 2 diabetes, what would generally be considered the best medication options?",STARTING & SWITCHING,Wegovy,0.20833333333333331,1.0,0.0,0.0,0.0,1.0
P0074,R1,"If someone has type 2 diabetes, what would generally be considered the best medication options?",STARTING & SWITCHING,Zepbound,0.0,,0.0,0.0,0.0,
P0075,R1,whats the best meds for type 2 diabetes these days,STARTING & SWITCHING,Farxiga,0.6666666666666666,1.0,0.08333333333333333,0.0,0.08333333333333333,1.0
P0075,R1,whats the best meds for type 2 diabetes these days,STARTING & SWITCHING,Invokana,0.6666666666666666,1.0,0.08333333333333333,0.0,0.08333333333333333,1.0
P0075,R1,whats the best meds for type 2 diabetes these days,STARTING & SWITCHING,Januvia,0.25,1.0,0.0,0.0,0.0,1.0
P0075,R1,whats the best meds for type 2 diabetes these days,STARTING & SWITCHING,Jardiance,0.6666666666666666,1.0,0.0,0.0,0.0,1.0
P0075,R1,whats the best meds for type 2 diabetes these days,STARTING & SWITCHING,Mounjaro,0.6666666666666666,1.0,0.0,0.0,0.0,1.0
P0075,R1,whats the best meds for type 2 diabetes these days,STARTING & SWITCHING,Rybelsus,0.6666666666666666,0.8333333333333334,0.20833333333333331,0.125,0.08333333333333333,0.8333333333333334
P0075,R1,whats the best meds for type 2 diabetes these days,STARTING & SWITCHING,Saxenda,0.0,,0.16666666666666666,0.0,0.16666666666666666,
P0075,R1,whats the best meds for type 2 diabetes these days,STARTING & SWITCHING,Trulicity,0.5416666666666666,1.0,0.0,0.0,0.0,1.0
P0075,R1,whats the best meds for type 2 diabetes these days,STARTING & SWITCHING,Victoza,0.5416666666666666,1.0,0.16666666666666666,0.0,0.16666666666666666,1.0
P0075,R1,whats the best meds for type 2 diabetes these days,STARTING & SWITCHING,Wegovy,0.0,,0.08333333333333333,0.0,0.08333333333333333,
P0075,R1,whats the best meds for type 2 diabetes these days,STARTING & SWITCHING,Zepbound,0.0,,0.0,0.0,0.0,
P0076,R1,"For type 2 diabetes, what are considered the best medication options overall?",STARTING & SWITCHING,Farxiga,0.6666666666666666,1.0,0.0,0.0,0.0,1.0
P0076,R1,"For type 2 diabetes, what are considered the best medication options overall?",STARTING & SWITCHING,Invokana,0.08333333333333333,1.0,0.0,0.0,0.0,1.0
P0076,R1,"For type 2 diabetes, what are considered the best medication options overall?",STARTING & SWITCHING,Januvia,0.3333333333333333,1.0,0.0,0.0,0.0,1.0
P0076,R1,"For type 2 diabetes, what are considered the best medication options overall?",STARTING & SWITCHING,Jardiance,0.75,1.0,0.0,0.0,0.0,1.0
P0076,R1,"For type 2 diabetes, what are considered the best medication options overall?",STARTING & SWITCHING,Mounjaro,0.6666666666666666,1.0,0.0,0.0,0.0,1.0
P0076,R1,"For type 2 diabetes, what are considered the best medication options overall?",STARTING & SWITCHING,Rybelsus,0.6666666666666666,1.0,0.0,0.0,0.0,1.0
P0076,R1,"For type 2 diabetes, what are considered the best medication options overall?",STARTING & SWITCHING,Saxenda,0.08333333333333333,1.0,0.0,0.0,0.0,1.0
P0076,R1,"For type 2 diabetes, what are considered the best medication options overall?",STARTING & SWITCHING,Trulicity,0.5833333333333334,1.0,0.0,0.0,0.0,1.0
P0076,R1,"For type 2 diabetes, what are considered the best medication options overall?",STARTING & SWITCHING,Victoza,0.6666666666666666,1.0,0.0,0.0,0.0,1.0
P0076,R1,"For type 2 diabetes, what are considered the best medication options overall?",STARTING & SWITCHING,Wegovy,0.125,1.0,0.0,0.0,0.0,1.0
P0076,R1,"For type 2 diabetes, what are considered the best medication options overall?",STARTING & SWITCHING,Zepbound,0.0,,0.0,0.0,0.0,
P0077,R1,"want to lose 40 lbs sustainably, snacking is my problem, how?",WEIGHT LOSS,Farxiga,0.0,,0.0,0.0,0.0,
P0077,R1,"want to lose 40 lbs sustainably, snacking is my problem, how?",WEIGHT LOSS,Invokana,0.0,,0.0,0.0,0.0,
P0077,R1,"want to lose 40 lbs sustainably, snacking is my problem, how?",WEIGHT LOSS,Januvia,0.0,,0.0,0.0,0.0,
P0077,R1,"want to lose 40 lbs sustainably, snacking is my problem, how?",WEIGHT LOSS,Jardiance,0.0,,0.0,0.0,0.0,
P0077,R1,"want to lose 40 lbs sustainably, snacking is my problem, how?",WEIGHT LOSS,Mounjaro,0.0,,0.0,0.0,0.0,
P0077,R1,"want to lose 40 lbs sustainably, snacking is my problem, how?",WEIGHT LOSS,Rybelsus,0.0,,0.0,0.0,0.0,
P0077,R1,"want to lose 40 lbs sustainably, snacking is my problem, how?",WEIGHT LOSS,Saxenda,0.0,,0.0,0.0,0.0,
P0077,R1,"want to lose 40 lbs sustainably, snacking is my problem, how?",WEIGHT LOSS,Trulicity,0.0,,0.0,0.0,0.0,
P0077,R1,"want to lose 40 lbs sustainably, snacking is my problem, how?",WEIGHT LOSS,Victoza,0.0,,0.0,0.0,0.0,
P0077,R1,"want to lose 40 lbs sustainably, snacking is my problem, how?",WEIGHT LOSS,Wegovy,0.0,,0.0,0.0,0.0,
P0077,R1,"want to lose 40 lbs sustainably, snacking is my problem, how?",WEIGHT LOSS,Zepbound,0.0,,0.0,0.0,0.0,
P0078,R1,We're a couple trying to each drop about 40 pounds and actually keep it off this time. Home cooking is fine but sides and snacking trip us up. How would you approach something sustainable?,WEIGHT LOSS,Farxiga,0.0,,0.0,0.0,0.0,
P0078,R1,We're a couple trying to each drop about 40 pounds and actually keep it off this time. Home cooking is fine but sides and snacking trip us up. How would you approach something sustainable?,WEIGHT LOSS,Invokana,0.0,,0.0,0.0,0.0,
P0078,R1,We're a couple trying to each drop about 40 pounds and actually keep it off this time. Home cooking is fine but sides and snacking trip us up. How would you approach something sustainable?,WEIGHT LOSS,Januvia,0.0,,0.0,0.0,0.0,
P0078,R1,We're a couple trying to each drop about 40 pounds and actually keep it off this time. Home cooking is fine but sides and snacking trip us up. How would you approach something sustainable?,WEIGHT LOSS,Jardiance,0.0,,0.0,0.0,0.0,
P0078,R1,We're a couple trying to each drop about 40 pounds and actually keep it off this time. Home cooking is fine but sides and snacking trip us up. How would you approach something sustainable?,WEIGHT LOSS,Mounjaro,0.0,,0.0,0.0,0.0,
P0078,R1,We're a couple trying to each drop about 40 pounds and actually keep it off this time. Home cooking is fine but sides and snacking trip us up. How would you approach something sustainable?,WEIGHT LOSS,Rybelsus,0.0,,0.0,0.0,0.0,
P0078,R1,We're a couple trying to each drop about 40 pounds and actually keep it off this time. Home cooking is fine but sides and snacking trip us up. How would you approach something sustainable?,WEIGHT LOSS,Saxenda,0.0,,0.0,0.0,0.0,
P0078,R1,We're a couple trying to each drop about 40 pounds and actually keep it off this time. Home cooking is fine but sides and snacking trip us up. How would you approach something sustainable?,WEIGHT LOSS,Trulicity,0.0,,0.0,0.0,0.0,
P0078,R1,We're a couple trying to each drop about 40 pounds and actually keep it off this time. Home cooking is fine but sides and snacking trip us up. How would you approach something sustainable?,WEIGHT LOSS,Victoza,0.0,,0.0,0.0,0.0,
P0078,R1,We're a couple trying to each drop about 40 pounds and actually keep it off this time. Home cooking is fine but sides and snacking trip us up. How would you approach something sustainable?,WEIGHT LOSS,Wegovy,0.0,,0.0,0.0,0.0,
P0078,R1,We're a couple trying to each drop about 40 pounds and actually keep it off this time. Home cooking is fine but sides and snacking trip us up. How would you approach something sustainable?,WEIGHT LOSS,Zepbound,0.0,,0.0,0.0,0.0,
P0079,R1,me and my partner wanna lose like 40 lbs each and keep it off. we cook but snack too much. whats a sustainable way to actually do this,WEIGHT LOSS,Farxiga,0.0,,0.0,0.0,0.0,
P0079,R1,me and my partner wanna lose like 40 lbs each and keep it off. we cook but snack too much. whats a sustainable way to actually do this,WEIGHT LOSS,Invokana,0.0,,0.0,0.0,0.0,
P0079,R1,me and my partner wanna lose like 40 lbs each and keep it off. we cook but snack too much. whats a sustainable way to actually do this,WEIGHT LOSS,Januvia,0.0,,0.0,0.0,0.0,
P0079,R1,me and my partner wanna lose like 40 lbs each and keep it off. we cook but snack too much. whats a sustainable way to actually do this,WEIGHT LOSS,Jardiance,0.0,,0.0,0.0,0.0,
P0079,R1,me and my partner wanna lose like 40 lbs each and keep it off. we cook but snack too much. whats a sustainable way to actually do this,WEIGHT LOSS,Mounjaro,0.0,,0.0,0.0,0.0,
P0079,R1,me and my partner wanna lose like 40 lbs each and keep it off. we cook but snack too much. whats a sustainable way to actually do this,WEIGHT LOSS,Rybelsus,0.0,,0.0,0.0,0.0,
P0079,R1,me and my partner wanna lose like 40 lbs each and keep it off. we cook but snack too much. whats a sustainable way to actually do this,WEIGHT LOSS,Saxenda,0.0,,0.0,0.0,0.0,
P0079,R1,me and my partner wanna lose like 40 lbs each and keep it off. we cook but snack too much. whats a sustainable way to actually do this,WEIGHT LOSS,Trulicity,0.0,,0.0,0.0,0.0,
P0079,R1,me and my partner wanna lose like 40 lbs each and keep it off. we cook but snack too much. whats a sustainable way to actually do this,WEIGHT LOSS,Victoza,0.0,,0.0,0.0,0.0,
P0079,R1,me and my partner wanna lose like 40 lbs each and keep it off. we cook but snack too much. whats a sustainable way to actually do this,WEIGHT LOSS,Wegovy,0.0,,0.0,0.0,0.0,
P0079,R1,me and my partner wanna lose like 40 lbs each and keep it off. we cook but snack too much. whats a sustainable way to actually do this,WEIGHT LOSS,Zepbound,0.0,,0.0,0.0,0.0,
P0080,R1,My spouse and I both want to lose at least 40 lbs sustainably. We cook at home but our sides and snacking aren't great. What's a realistic way to do it?,WEIGHT LOSS,Farxiga,0.0,,0.0,0.0,0.0,
P0080,R1,My spouse and I both want to lose at least 40 lbs sustainably. We cook at home but our sides and snacking aren't great. What's a realistic way to do it?,WEIGHT LOSS,Invokana,0.0,,0.0,0.0,0.0,
P0080,R1,My spouse and I both want to lose at least 40 lbs sustainably. We cook at home but our sides and snacking aren't great. What's a realistic way to do it?,WEIGHT LOSS,Januvia,0.0,,0.0,0.0,0.0,
P0080,R1,My spouse and I both want to lose at least 40 lbs sustainably. We cook at home but our sides and snacking aren't great. What's a realistic way to do it?,WEIGHT LOSS,Jardiance,0.0,,0.0,0.0,0.0,
P0080,R1,My spouse and I both want to lose at least 40 lbs sustainably. We cook at home but our sides and snacking aren't great. What's a realistic way to do it?,WEIGHT LOSS,Mounjaro,0.0,,0.0,0.0,0.0,
P0080,R1,My spouse and I both want to lose at least 40 lbs sustainably. We cook at home but our sides and snacking aren't great. What's a realistic way to do it?,WEIGHT LOSS,Rybelsus,0.0,,0.0,0.0,0.0,
P0080,R1,My spouse and I both want to lose at least 40 lbs sustainably. We cook at home but our sides and snacking aren't great. What's a realistic way to do it?,WEIGHT LOSS,Saxenda,0.0,,0.0,0.0,0.0,
P0080,R1,My spouse and I both want to lose at least 40 lbs sustainably. We cook at home but our sides and snacking aren't great. What's a realistic way to do it?,WEIGHT LOSS,Trulicity,0.0,,0.0,0.0,0.0,
P0080,R1,My spouse and I both want to lose at least 40 lbs sustainably. We cook at home but our sides and snacking aren't great. What's a realistic way to do it?,WEIGHT LOSS,Victoza,0.0,,0.0,0.0,0.0,
P0080,R1,My spouse and I both want to lose at least 40 lbs sustainably. We cook at home but our sides and snacking aren't great. What's a realistic way to do it?,WEIGHT LOSS,Wegovy,0.0,,0.0,0.0,0.0,
P0080,R1,My spouse and I both want to lose at least 40 lbs sustainably. We cook at home but our sides and snacking aren't great. What's a realistic way to do it?,WEIGHT LOSS,Zepbound,0.0,,0.0,0.0,0.0,
P0081,R1,"I've kept my type 2 in the pre-diabetic range with diet alone, but keeping it up is wearing me down. I'm thinking about a GLP-1 — how safe are they to be on for years?",STARTING & SWITCHING,Farxiga,0.0,,0.0,0.0,0.0,
P0081,R1,"I've kept my type 2 in the pre-diabetic range with diet alone, but keeping it up is wearing me down. I'm thinking about a GLP-1 — how safe are they to be on for years?",STARTING & SWITCHING,Invokana,0.0,,0.0,0.0,0.0,
P0081,R1,"I've kept my type 2 in the pre-diabetic range with diet alone, but keeping it up is wearing me down. I'm thinking about a GLP-1 — how safe are they to be on for years?",STARTING & SWITCHING,Januvia,0.0,,0.0,0.0,0.0,
P0081,R1,"I've kept my type 2 in the pre-diabetic range with diet alone, but keeping it up is wearing me down. I'm thinking about a GLP-1 — how safe are they to be on for years?",STARTING & SWITCHING,Jardiance,0.0,,0.0,0.0,0.0,
P0081,R1,"I've kept my type 2 in the pre-diabetic range with diet alone, but keeping it up is wearing me down. I'm thinking about a GLP-1 — how safe are they to be on for years?",STARTING & SWITCHING,Mounjaro,0.25,1.0,0.0,0.0,0.0,1.0
P0081,R1,"I've kept my type 2 in the pre-diabetic range with diet alone, but keeping it up is wearing me down. I'm thinking about a GLP-1 — how safe are they to be on for years?",STARTING & SWITCHING,Rybelsus,0.125,1.0,0.0,0.0,0.0,1.0
P0081,R1,"I've kept my type 2 in the pre-diabetic range with diet alone, but keeping it up is wearing me down. I'm thinking about a GLP-1 — how safe are they to be on for years?",STARTING & SWITCHING,Saxenda,0.0,,0.25,0.0,0.25,
P0081,R1,"I've kept my type 2 in the pre-diabetic range with diet alone, but keeping it up is wearing me down. I'm thinking about a GLP-1 — how safe are they to be on for years?",STARTING & SWITCHING,Trulicity,0.25,1.0,0.0,0.0,0.0,1.0
P0081,R1,"I've kept my type 2 in the pre-diabetic range with diet alone, but keeping it up is wearing me down. I'm thinking about a GLP-1 — how safe are they to be on for years?",STARTING & SWITCHING,Victoza,0.25,1.0,0.25,0.0,0.25,1.0
P0081,R1,"I've kept my type 2 in the pre-diabetic range with diet alone, but keeping it up is wearing me down. I'm thinking about a GLP-1 — how safe are they to be on for years?",STARTING & SWITCHING,Wegovy,0.3333333333333333,1.0,0.0,0.0,0.0,1.0
P0081,R1,"I've kept my type 2 in the pre-diabetic range with diet alone, but keeping it up is wearing me down. I'm thinking about a GLP-1 — how safe are they to be on for years?",STARTING & SWITCHING,Zepbound,0.08333333333333333,1.0,0.0,0.0,0.0,1.0
P0082,R1,are glp-1 meds safe long term for type 2?,STARTING & SWITCHING,Farxiga,0.0,,0.0,0.0,0.0,
P0082,R1,are glp-1 meds safe long term for type 2?,STARTING & SWITCHING,Invokana,0.0,,0.0,0.0,0.0,
P0082,R1,are glp-1 meds safe long term for type 2?,STARTING & SWITCHING,Januvia,0.0,,0.0,0.0,0.0,
P0082,R1,are glp-1 meds safe long term for type 2?,STARTING & SWITCHING,Jardiance,0.0,,0.0,0.0,0.0,
P0082,R1,are glp-1 meds safe long term for type 2?,STARTING & SWITCHING,Mounjaro,0.3333333333333333,1.0,0.0,0.0,0.0,1.0
P0082,R1,are glp-1 meds safe long term for type 2?,STARTING & SWITCHING,Rybelsus,0.27777777777777773,1.0,0.0,0.0,0.0,1.0
P0082,R1,are glp-1 meds safe long term for type 2?,STARTING & SWITCHING,Saxenda,0.16666666666666666,1.0,0.0,0.0,0.0,1.0
P0082,R1,are glp-1 meds safe long term for type 2?,STARTING & SWITCHING,Trulicity,0.16666666666666666,1.0,0.0,0.0,0.0,1.0
P0082,R1,are glp-1 meds safe long term for type 2?,STARTING & SWITCHING,Victoza,0.3333333333333333,1.0,0.0,0.0,0.0,1.0
P0082,R1,are glp-1 meds safe long term for type 2?,STARTING & SWITCHING,Wegovy,0.16666666666666666,1.0,0.0,0.0,0.0,1.0
P0082,R1,are glp-1 meds safe long term for type 2?,STARTING & SWITCHING,Zepbound,0.16666666666666666,1.0,0.0,0.0,0.0,1.0
P0083,R1,"How safe are GLP-1 medications for long-term use? I'm type 2 and controlling it with diet but it's tiring, so I'm considering asking about one.",STARTING & SWITCHING,Farxiga,0.0,,0.0,0.0,0.0,
P0083,R1,"How safe are GLP-1 medications for long-term use? I'm type 2 and controlling it with diet but it's tiring, so I'm considering asking about one.",STARTING & SWITCHING,Invokana,0.0,,0.0,0.0,0.0,
P0083,R1,"How safe are GLP-1 medications for long-term use? I'm type 2 and controlling it with diet but it's tiring, so I'm considering asking about one.",STARTING & SWITCHING,Januvia,0.0,,0.0,0.0,0.0,
P0083,R1,"How safe are GLP-1 medications for long-term use? I'm type 2 and controlling it with diet but it's tiring, so I'm considering asking about one.",STARTING & SWITCHING,Jardiance,0.0,,0.0,0.0,0.0,
P0083,R1,"How safe are GLP-1 medications for long-term use? I'm type 2 and controlling it with diet but it's tiring, so I'm considering asking about one.",STARTING & SWITCHING,Mounjaro,0.3333333333333333,1.0,0.0,0.0,0.0,1.0
P0083,R1,"How safe are GLP-1 medications for long-term use? I'm type 2 and controlling it with diet but it's tiring, so I'm considering asking about one.",STARTING & SWITCHING,Rybelsus,0.20833333333333331,1.0,0.0,0.0,0.0,1.0
P0083,R1,"How safe are GLP-1 medications for long-term use? I'm type 2 and controlling it with diet but it's tiring, so I'm considering asking about one.",STARTING & SWITCHING,Saxenda,0.08333333333333333,1.0,0.08333333333333333,0.0,0.08333333333333333,1.0
P0083,R1,"How safe are GLP-1 medications for long-term use? I'm type 2 and controlling it with diet but it's tiring, so I'm considering asking about one.",STARTING & SWITCHING,Trulicity,0.4583333333333333,1.0,0.0,0.0,0.0,1.0
P0083,R1,"How safe are GLP-1 medications for long-term use? I'm type 2 and controlling it with diet but it's tiring, so I'm considering asking about one.",STARTING & SWITCHING,Victoza,0.5833333333333334,1.0,0.0,0.0,0.0,1.0
P0083,R1,"How safe are GLP-1 medications for long-term use? I'm type 2 and controlling it with diet but it's tiring, so I'm considering asking about one.",STARTING & SWITCHING,Wegovy,0.20833333333333331,1.0,0.08333333333333333,0.0,0.08333333333333333,1.0
P0083,R1,"How safe are GLP-1 medications for long-term use? I'm type 2 and controlling it with diet but it's tiring, so I'm considering asking about one.",STARTING & SWITCHING,Zepbound,0.20833333333333331,1.0,0.08333333333333333,0.0,0.08333333333333333,1.0
P0084,R1,how safe are these glp-1 meds long term? controlling my type 2 with diet rn but its exhausting and im thinking of asking my doctor,STARTING & SWITCHING,Farxiga,0.0,,0.0,0.0,0.0,
P0084,R1,how safe are these glp-1 meds long term? controlling my type 2 with diet rn but its exhausting and im thinking of asking my doctor,STARTING & SWITCHING,Invokana,0.0,,0.0,0.0,0.0,
P0084,R1,how safe are these glp-1 meds long term? controlling my type 2 with diet rn but its exhausting and im thinking of asking my doctor,STARTING & SWITCHING,Januvia,0.0,,0.0,0.0,0.0,
P0084,R1,how safe are these glp-1 meds long term? controlling my type 2 with diet rn but its exhausting and im thinking of asking my doctor,STARTING & SWITCHING,Jardiance,0.0,,0.0,0.0,0.0,
P0084,R1,how safe are these glp-1 meds long term? controlling my type 2 with diet rn but its exhausting and im thinking of asking my doctor,STARTING & SWITCHING,Mounjaro,0.5833333333333334,1.0,0.0,0.0,0.0,1.0
P0084,R1,how safe are these glp-1 meds long term? controlling my type 2 with diet rn but its exhausting and im thinking of asking my doctor,STARTING & SWITCHING,Rybelsus,0.0,,0.0,0.0,0.0,
P0084,R1,how safe are these glp-1 meds long term? controlling my type 2 with diet rn but its exhausting and im thinking of asking my doctor,STARTING & SWITCHING,Saxenda,0.125,1.0,0.0,0.0,0.0,1.0
P0084,R1,how safe are these glp-1 meds long term? controlling my type 2 with diet rn but its exhausting and im thinking of asking my doctor,STARTING & SWITCHING,Trulicity,0.0,,0.0,0.0,0.0,
P0084,R1,how safe are these glp-1 meds long term? controlling my type 2 with diet rn but its exhausting and im thinking of asking my doctor,STARTING & SWITCHING,Victoza,0.5,1.0,0.0,0.0,0.0,1.0
P0084,R1,how safe are these glp-1 meds long term? controlling my type 2 with diet rn but its exhausting and im thinking of asking my doctor,STARTING & SWITCHING,Wegovy,0.3333333333333333,1.0,0.0,0.0,0.0,1.0
P0084,R1,how safe are these glp-1 meds long term? controlling my type 2 with diet rn but its exhausting and im thinking of asking my doctor,STARTING & SWITCHING,Zepbound,0.3333333333333333,1.0,0.0,0.0,0.0,1.0
P0085,R1,Found out yesterday I'm type 2 diabetic and honestly I'm overwhelmed — there's so much info. Where should someone even begin with food and daily habits?,LIVING ON THE DRUG,Farxiga,0.0,,0.0,0.0,0.0,
P0085,R1,Found out yesterday I'm type 2 diabetic and honestly I'm overwhelmed — there's so much info. Where should someone even begin with food and daily habits?,LIVING ON THE DRUG,Invokana,0.0,,0.0,0.0,0.0,
P0085,R1,Found out yesterday I'm type 2 diabetic and honestly I'm overwhelmed — there's so much info. Where should someone even begin with food and daily habits?,LIVING ON THE DRUG,Januvia,0.0,,0.0,0.0,0.0,
P0085,R1,Found out yesterday I'm type 2 diabetic and honestly I'm overwhelmed — there's so much info. Where should someone even begin with food and daily habits?,LIVING ON THE DRUG,Jardiance,0.0,,0.0,0.0,0.0,
P0085,R1,Found out yesterday I'm type 2 diabetic and honestly I'm overwhelmed — there's so much info. Where should someone even begin with food and daily habits?,LIVING ON THE DRUG,Mounjaro,0.0,,0.0,0.0,0.0,
P0085,R1,Found out yesterday I'm type 2 diabetic and honestly I'm overwhelmed — there's so much info. Where should someone even begin with food and daily habits?,LIVING ON THE DRUG,Rybelsus,0.0,,0.0,0.0,0.0,
P0085,R1,Found out yesterday I'm type 2 diabetic and honestly I'm overwhelmed — there's so much info. Where should someone even begin with food and daily habits?,LIVING ON THE DRUG,Saxenda,0.0,,0.0,0.0,0.0,
P0085,R1,Found out yesterday I'm type 2 diabetic and honestly I'm overwhelmed — there's so much info. Where should someone even begin with food and daily habits?,LIVING ON THE DRUG,Trulicity,0.0,,0.0,0.0,0.0,
P0085,R1,Found out yesterday I'm type 2 diabetic and honestly I'm overwhelmed — there's so much info. Where should someone even begin with food and daily habits?,LIVING ON THE DRUG,Victoza,0.0,,0.0,0.0,0.0,
P0085,R1,Found out yesterday I'm type 2 diabetic and honestly I'm overwhelmed — there's so much info. Where should someone even begin with food and daily habits?,LIVING ON THE DRUG,Wegovy,0.0,,0.0,0.0,0.0,
P0085,R1,Found out yesterday I'm type 2 diabetic and honestly I'm overwhelmed — there's so much info. Where should someone even begin with food and daily habits?,LIVING ON THE DRUG,Zepbound,0.0,,0.0,0.0,0.0,
P0086,R1,"newly diagnosed type 2, where do i start?",STARTING & SWITCHING,Farxiga,0.0,,0.0,0.0,0.0,
P0086,R1,"newly diagnosed type 2, where do i start?",STARTING & SWITCHING,Invokana,0.0,,0.0,0.0,0.0,
P0086,R1,"newly diagnosed type 2, where do i start?",STARTING & SWITCHING,Januvia,0.0,,0.0,0.0,0.0,
P0086,R1,"newly diagnosed type 2, where do i start?",STARTING & SWITCHING,Jardiance,0.0,,0.0,0.0,0.0,
P0086,R1,"newly diagnosed type 2, where do i start?",STARTING & SWITCHING,Mounjaro,0.0,,0.0,0.0,0.0,
P0086,R1,"newly diagnosed type 2, where do i start?",STARTING & SWITCHING,Rybelsus,0.0,,0.0,0.0,0.0,
P0086,R1,"newly diagnosed type 2, where do i start?",STARTING & SWITCHING,Saxenda,0.0,,0.0,0.0,0.0,
P0086,R1,"newly diagnosed type 2, where do i start?",STARTING & SWITCHING,Trulicity,0.0,,0.0,0.0,0.0,
P0086,R1,"newly diagnosed type 2, where do i start?",STARTING & SWITCHING,Victoza,0.0,,0.0,0.0,0.0,
P0086,R1,"newly diagnosed type 2, where do i start?",STARTING & SWITCHING,Wegovy,0.0,,0.0,0.0,0.0,
P0086,R1,"newly diagnosed type 2, where do i start?",STARTING & SWITCHING,Zepbound,0.0,,0.0,0.0,0.0,
P0087,R1,"just got told i have type 2 today and im completely lost. where do i even start, what can i eat",LIVING ON THE DRUG,Farxiga,0.0,,0.0,0.0,0.0,
P0087,R1,"just got told i have type 2 today and im completely lost. where do i even start, what can i eat",LIVING ON THE DRUG,Invokana,0.0,,0.0,0.0,0.0,
P0087,R1,"just got told i have type 2 today and im completely lost. where do i even start, what can i eat",LIVING ON THE DRUG,Januvia,0.0,,0.0,0.0,0.0,
P0087,R1,"just got told i have type 2 today and im completely lost. where do i even start, what can i eat",LIVING ON THE DRUG,Jardiance,0.0,,0.0,0.0,0.0,
P0087,R1,"just got told i have type 2 today and im completely lost. where do i even start, what can i eat",LIVING ON THE DRUG,Mounjaro,0.0,,0.0,0.0,0.0,
P0087,R1,"just got told i have type 2 today and im completely lost. where do i even start, what can i eat",LIVING ON THE DRUG,Rybelsus,0.0,,0.0,0.0,0.0,
P0087,R1,"just got told i have type 2 today and im completely lost. where do i even start, what can i eat",LIVING ON THE DRUG,Saxenda,0.0,,0.0,0.0,0.0,
P0087,R1,"just got told i have type 2 today and im completely lost. where do i even start, what can i eat",LIVING ON THE DRUG,Trulicity,0.0,,0.0,0.0,0.0,
P0087,R1,"just got told i have type 2 today and im completely lost. where do i even start, what can i eat",LIVING ON THE DRUG,Victoza,0.0,,0.0,0.0,0.0,
P0087,R1,"just got told i have type 2 today and im completely lost. where do i even start, what can i eat",LIVING ON THE DRUG,Wegovy,0.0,,0.0,0.0,0.0,
P0087,R1,"just got told i have type 2 today and im completely lost. where do i even start, what can i eat",LIVING ON THE DRUG,Zepbound,0.0,,0.0,0.0,0.0,
P0088,R1,I was just diagnosed with type 2 diabetes and I don't know where to start. What can I eat and what should I do?,LIVING ON THE DRUG,Farxiga,0.0,,0.0,0.0,0.0,
P0088,R1,I was just diagnosed with type 2 diabetes and I don't know where to start. What can I eat and what should I do?,LIVING ON THE DRUG,Invokana,0.0,,0.0,0.0,0.0,
P0088,R1,I was just diagnosed with type 2 diabetes and I don't know where to start. What can I eat and what should I do?,LIVING ON THE DRUG,Januvia,0.0,,0.0,0.0,0.0,
P0088,R1,I was just diagnosed with type 2 diabetes and I don't know where to start. What can I eat and what should I do?,LIVING ON THE DRUG,Jardiance,0.0,,0.0,0.0,0.0,
P0088,R1,I was just diagnosed with type 2 diabetes and I don't know where to start. What can I eat and what should I do?,LIVING ON THE DRUG,Mounjaro,0.0,,0.0,0.0,0.0,
P0088,R1,I was just diagnosed with type 2 diabetes and I don't know where to start. What can I eat and what should I do?,LIVING ON THE DRUG,Rybelsus,0.0,,0.0,0.0,0.0,
P0088,R1,I was just diagnosed with type 2 diabetes and I don't know where to start. What can I eat and what should I do?,LIVING ON THE DRUG,Saxenda,0.0,,0.0,0.0,0.0,
P0088,R1,I was just diagnosed with type 2 diabetes and I don't know where to start. What can I eat and what should I do?,LIVING ON THE DRUG,Trulicity,0.0,,0.0,0.0,0.0,
P0088,R1,I was just diagnosed with type 2 diabetes and I don't know where to start. What can I eat and what should I do?,LIVING ON THE DRUG,Victoza,0.0,,0.0,0.0,0.0,
P0088,R1,I was just diagnosed with type 2 diabetes and I don't know where to start. What can I eat and what should I do?,LIVING ON THE DRUG,Wegovy,0.0,,0.0,0.0,0.0,
P0088,R1,I was just diagnosed with type 2 diabetes and I don't know where to start. What can I eat and what should I do?,LIVING ON THE DRUG,Zepbound,0.0,,0.0,0.0,0.0,
P0089,R1,I've had PCOS for years and the weight just won't come off even though I eat well and move. What genuinely helped others in the same boat lose it?,WEIGHT LOSS,Farxiga,0.0,,0.0,0.0,0.0,
P0089,R1,I've had PCOS for years and the weight just won't come off even though I eat well and move. What genuinely helped others in the same boat lose it?,WEIGHT LOSS,Invokana,0.0,,0.0,0.0,0.0,
P0089,R1,I've had PCOS for years and the weight just won't come off even though I eat well and move. What genuinely helped others in the same boat lose it?,WEIGHT LOSS,Januvia,0.0,,0.0,0.0,0.0,
P0089,R1,I've had PCOS for years and the weight just won't come off even though I eat well and move. What genuinely helped others in the same boat lose it?,WEIGHT LOSS,Jardiance,0.0,,0.0,0.0,0.0,
P0089,R1,I've had PCOS for years and the weight just won't come off even though I eat well and move. What genuinely helped others in the same boat lose it?,WEIGHT LOSS,Mounjaro,0.38888888888888884,0.6666666666666666,0.2222222222222222,0.1111111111111111,0.1111111111111111,1.0
P0089,R1,I've had PCOS for years and the weight just won't come off even though I eat well and move. What genuinely helped others in the same boat lose it?,WEIGHT LOSS,Rybelsus,0.0,,0.0,0.0,0.0,
P0089,R1,I've had PCOS for years and the weight just won't come off even though I eat well and move. What genuinely helped others in the same boat lose it?,WEIGHT LOSS,Saxenda,0.2222222222222222,0.5,0.2222222222222222,0.1111111111111111,0.1111111111111111,1.0
P0089,R1,I've had PCOS for years and the weight just won't come off even though I eat well and move. What genuinely helped others in the same boat lose it?,WEIGHT LOSS,Trulicity,0.0,,0.0,0.0,0.0,
P0089,R1,I've had PCOS for years and the weight just won't come off even though I eat well and move. What genuinely helped others in the same boat lose it?,WEIGHT LOSS,Victoza,0.0,,0.0,0.0,0.0,
P0089,R1,I've had PCOS for years and the weight just won't come off even though I eat well and move. What genuinely helped others in the same boat lose it?,WEIGHT LOSS,Wegovy,0.5555555555555555,0.3333333333333333,0.3333333333333333,0.2222222222222222,0.1111111111111111,1.0
P0089,R1,I've had PCOS for years and the weight just won't come off even though I eat well and move. What genuinely helped others in the same boat lose it?,WEIGHT LOSS,Zepbound,0.27777777777777773,1.0,0.1111111111111111,0.0,0.1111111111111111,1.0
P0090,R1,"pcos, weight won't budge, what actually works?",WEIGHT LOSS,Farxiga,0.0,,0.0,0.0,0.0,
P0090,R1,"pcos, weight won't budge, what actually works?",WEIGHT LOSS,Invokana,0.0,,0.0,0.0,0.0,
P0090,R1,"pcos, weight won't budge, what actually works?",WEIGHT LOSS,Januvia,0.0,,0.0,0.0,0.0,
P0090,R1,"pcos, weight won't budge, what actually works?",WEIGHT LOSS,Jardiance,0.0,,0.0,0.0,0.0,
P0090,R1,"pcos, weight won't budge, what actually works?",WEIGHT LOSS,Mounjaro,0.125,1.0,0.0,0.0,0.0,1.0
P0090,R1,"pcos, weight won't budge, what actually works?",WEIGHT LOSS,Rybelsus,0.0,,0.0,0.0,0.0,
P0090,R1,"pcos, weight won't budge, what actually works?",WEIGHT LOSS,Saxenda,0.08333333333333333,0.0,0.16666666666666666,0.08333333333333333,0.08333333333333333,1.0
P0090,R1,"pcos, weight won't budge, what actually works?",WEIGHT LOSS,Trulicity,0.0,,0.0,0.0,0.0,
P0090,R1,"pcos, weight won't budge, what actually works?",WEIGHT LOSS,Victoza,0.0,,0.0,0.0,0.0,
P0090,R1,"pcos, weight won't budge, what actually works?",WEIGHT LOSS,Wegovy,0.3333333333333333,0.5,0.41666666666666663,0.08333333333333333,0.3333333333333333,1.0
P0090,R1,"pcos, weight won't budge, what actually works?",WEIGHT LOSS,Zepbound,0.20833333333333331,0.5,0.41666666666666663,0.08333333333333333,0.3333333333333333,1.0
P0091,R1,pcos and cannot lose weight no matter what i try. what actually worked for you to drop the weight,WEIGHT LOSS,Farxiga,0.0,,0.0,0.0,0.0,
P0091,R1,pcos and cannot lose weight no matter what i try. what actually worked for you to drop the weight,WEIGHT LOSS,Invokana,0.0,,0.0,0.0,0.0,
P0091,R1,pcos and cannot lose weight no matter what i try. what actually worked for you to drop the weight,WEIGHT LOSS,Januvia,0.0,,0.0,0.0,0.0,
P0091,R1,pcos and cannot lose weight no matter what i try. what actually worked for you to drop the weight,WEIGHT LOSS,Jardiance,0.0,,0.0,0.0,0.0,
P0091,R1,pcos and cannot lose weight no matter what i try. what actually worked for you to drop the weight,WEIGHT LOSS,Mounjaro,0.20833333333333331,1.0,0.25,0.0,0.25,1.0
P0091,R1,pcos and cannot lose weight no matter what i try. what actually worked for you to drop the weight,WEIGHT LOSS,Rybelsus,0.0,,0.0,0.0,0.0,
P0091,R1,pcos and cannot lose weight no matter what i try. what actually worked for you to drop the weight,WEIGHT LOSS,Saxenda,0.0,,0.16666666666666666,0.0,0.16666666666666666,
P0091,R1,pcos and cannot lose weight no matter what i try. what actually worked for you to drop the weight,WEIGHT LOSS,Trulicity,0.0,,0.0,0.0,0.0,
P0091,R1,pcos and cannot lose weight no matter what i try. what actually worked for you to drop the weight,WEIGHT LOSS,Victoza,0.0,,0.0,0.0,0.0,
P0091,R1,pcos and cannot lose weight no matter what i try. what actually worked for you to drop the weight,WEIGHT LOSS,Wegovy,0.6666666666666666,0.5,0.3333333333333333,0.16666666666666666,0.16666666666666666,1.0
P0091,R1,pcos and cannot lose weight no matter what i try. what actually worked for you to drop the weight,WEIGHT LOSS,Zepbound,0.08333333333333333,1.0,0.3333333333333333,0.0,0.3333333333333333,1.0
P0092,R1,"I have PCOS and losing weight has been really hard despite trying. For people who lost weight with PCOS, what actually worked?",WEIGHT LOSS,Farxiga,0.0,,0.0,0.0,0.0,
P0092,R1,"I have PCOS and losing weight has been really hard despite trying. For people who lost weight with PCOS, what actually worked?",WEIGHT LOSS,Invokana,0.0,,0.0,0.0,0.0,
P0092,R1,"I have PCOS and losing weight has been really hard despite trying. For people who lost weight with PCOS, what actually worked?",WEIGHT LOSS,Januvia,0.0,,0.0,0.0,0.0,
P0092,R1,"I have PCOS and losing weight has been really hard despite trying. For people who lost weight with PCOS, what actually worked?",WEIGHT LOSS,Jardiance,0.0,,0.0,0.0,0.0,
P0092,R1,"I have PCOS and losing weight has been really hard despite trying. For people who lost weight with PCOS, what actually worked?",WEIGHT LOSS,Mounjaro,0.38888888888888884,0.75,0.2222222222222222,0.1111111111111111,0.1111111111111111,0.75
P0092,R1,"I have PCOS and losing weight has been really hard despite trying. For people who lost weight with PCOS, what actually worked?",WEIGHT LOSS,Rybelsus,0.0,,0.0,0.0,0.0,
P0092,R1,"I have PCOS and losing weight has been really hard despite trying. For people who lost weight with PCOS, what actually worked?",WEIGHT LOSS,Saxenda,0.1111111111111111,1.0,0.1111111111111111,0.0,0.1111111111111111,1.0
P0092,R1,"I have PCOS and losing weight has been really hard despite trying. For people who lost weight with PCOS, what actually worked?",WEIGHT LOSS,Trulicity,0.0,,0.0,0.0,0.0,
P0092,R1,"I have PCOS and losing weight has been really hard despite trying. For people who lost weight with PCOS, what actually worked?",WEIGHT LOSS,Victoza,0.0,,0.0,0.0,0.0,
P0092,R1,"I have PCOS and losing weight has been really hard despite trying. For people who lost weight with PCOS, what actually worked?",WEIGHT LOSS,Wegovy,0.5555555555555555,0.5,0.3333333333333333,0.2222222222222222,0.1111111111111111,1.0
P0092,R1,"I have PCOS and losing weight has been really hard despite trying. For people who lost weight with PCOS, what actually worked?",WEIGHT LOSS,Zepbound,0.2222222222222222,1.0,0.0,0.0,0.0,1.0
P0093,R1,"type 2, a1c 6.5 to 6.0 with diet and exercise no meds. what else can i do to lower it more?",BLOOD SUGAR & GLYCEMIC CONTROL,Farxiga,0.0,,0.0,0.0,0.0,
P0093,R1,"type 2, a1c 6.5 to 6.0 with diet and exercise no meds. what else can i do to lower it more?",BLOOD SUGAR & GLYCEMIC CONTROL,Invokana,0.0,,0.0,0.0,0.0,
P0093,R1,"type 2, a1c 6.5 to 6.0 with diet and exercise no meds. what else can i do to lower it more?",BLOOD SUGAR & GLYCEMIC CONTROL,Januvia,0.0,,0.0,0.0,0.0,
P0093,R1,"type 2, a1c 6.5 to 6.0 with diet and exercise no meds. what else can i do to lower it more?",BLOOD SUGAR & GLYCEMIC CONTROL,Jardiance,0.0,,0.0,0.0,0.0,
P0093,R1,"type 2, a1c 6.5 to 6.0 with diet and exercise no meds. what else can i do to lower it more?",BLOOD SUGAR & GLYCEMIC CONTROL,Mounjaro,0.0,,0.0,0.0,0.0,
P0093,R1,"type 2, a1c 6.5 to 6.0 with diet and exercise no meds. what else can i do to lower it more?",BLOOD SUGAR & GLYCEMIC CONTROL,Rybelsus,0.0,,0.0,0.0,0.0,
P0093,R1,"type 2, a1c 6.5 to 6.0 with diet and exercise no meds. what else can i do to lower it more?",BLOOD SUGAR & GLYCEMIC CONTROL,Saxenda,0.0,,0.0,0.0,0.0,
P0093,R1,"type 2, a1c 6.5 to 6.0 with diet and exercise no meds. what else can i do to lower it more?",BLOOD SUGAR & GLYCEMIC CONTROL,Trulicity,0.0,,0.0,0.0,0.0,
P0093,R1,"type 2, a1c 6.5 to 6.0 with diet and exercise no meds. what else can i do to lower it more?",BLOOD SUGAR & GLYCEMIC CONTROL,Victoza,0.0,,0.0,0.0,0.0,
P0093,R1,"type 2, a1c 6.5 to 6.0 with diet and exercise no meds. what else can i do to lower it more?",BLOOD SUGAR & GLYCEMIC CONTROL,Wegovy,0.0,,0.0,0.0,0.0,
P0093,R1,"type 2, a1c 6.5 to 6.0 with diet and exercise no meds. what else can i do to lower it more?",BLOOD SUGAR & GLYCEMIC CONTROL,Zepbound,0.0,,0.0,0.0,0.0,
P0094,R1,"So I found out I have type 2 a couple months ago. I've been really strict — running, cut the carbs — and my A1c went from 6.5 to 6.0 without any medication. What more can I realistically do to keep improving?",BLOOD SUGAR & GLYCEMIC CONTROL,Farxiga,0.0,,0.0,0.0,0.0,
P0094,R1,"So I found out I have type 2 a couple months ago. I've been really strict — running, cut the carbs — and my A1c went from 6.5 to 6.0 without any medication. What more can I realistically do to keep improving?",BLOOD SUGAR & GLYCEMIC CONTROL,Invokana,0.0,,0.0,0.0,0.0,
P0094,R1,"So I found out I have type 2 a couple months ago. I've been really strict — running, cut the carbs — and my A1c went from 6.5 to 6.0 without any medication. What more can I realistically do to keep improving?",BLOOD SUGAR & GLYCEMIC CONTROL,Januvia,0.0,,0.0,0.0,0.0,
P0094,R1,"So I found out I have type 2 a couple months ago. I've been really strict — running, cut the carbs — and my A1c went from 6.5 to 6.0 without any medication. What more can I realistically do to keep improving?",BLOOD SUGAR & GLYCEMIC CONTROL,Jardiance,0.0,,0.0,0.0,0.0,
P0094,R1,"So I found out I have type 2 a couple months ago. I've been really strict — running, cut the carbs — and my A1c went from 6.5 to 6.0 without any medication. What more can I realistically do to keep improving?",BLOOD SUGAR & GLYCEMIC CONTROL,Mounjaro,0.0,,0.0,0.0,0.0,
P0094,R1,"So I found out I have type 2 a couple months ago. I've been really strict — running, cut the carbs — and my A1c went from 6.5 to 6.0 without any medication. What more can I realistically do to keep improving?",BLOOD SUGAR & GLYCEMIC CONTROL,Rybelsus,0.0,,0.0,0.0,0.0,
P0094,R1,"So I found out I have type 2 a couple months ago. I've been really strict — running, cut the carbs — and my A1c went from 6.5 to 6.0 without any medication. What more can I realistically do to keep improving?",BLOOD SUGAR & GLYCEMIC CONTROL,Saxenda,0.0,,0.0,0.0,0.0,
P0094,R1,"So I found out I have type 2 a couple months ago. I've been really strict — running, cut the carbs — and my A1c went from 6.5 to 6.0 without any medication. What more can I realistically do to keep improving?",BLOOD SUGAR & GLYCEMIC CONTROL,Trulicity,0.0,,0.0,0.0,0.0,
P0094,R1,"So I found out I have type 2 a couple months ago. I've been really strict — running, cut the carbs — and my A1c went from 6.5 to 6.0 without any medication. What more can I realistically do to keep improving?",BLOOD SUGAR & GLYCEMIC CONTROL,Victoza,0.0,,0.0,0.0,0.0,
P0094,R1,"So I found out I have type 2 a couple months ago. I've been really strict — running, cut the carbs — and my A1c went from 6.5 to 6.0 without any medication. What more can I realistically do to keep improving?",BLOOD SUGAR & GLYCEMIC CONTROL,Wegovy,0.0,,0.0,0.0,0.0,
P0094,R1,"So I found out I have type 2 a couple months ago. I've been really strict — running, cut the carbs — and my A1c went from 6.5 to 6.0 without any medication. What more can I realistically do to keep improving?",BLOOD SUGAR & GLYCEMIC CONTROL,Zepbound,0.0,,0.0,0.0,0.0,
P0095,R1,"just got diagnosed t2, got my a1c down from 6.5 to 6 with just diet and workouts no meds. what else can i even do at this point",BLOOD SUGAR & GLYCEMIC CONTROL,Farxiga,0.0,,0.0,0.0,0.0,
P0095,R1,"just got diagnosed t2, got my a1c down from 6.5 to 6 with just diet and workouts no meds. what else can i even do at this point",BLOOD SUGAR & GLYCEMIC CONTROL,Invokana,0.0,,0.0,0.0,0.0,
P0095,R1,"just got diagnosed t2, got my a1c down from 6.5 to 6 with just diet and workouts no meds. what else can i even do at this point",BLOOD SUGAR & GLYCEMIC CONTROL,Januvia,0.0,,0.0,0.0,0.0,
P0095,R1,"just got diagnosed t2, got my a1c down from 6.5 to 6 with just diet and workouts no meds. what else can i even do at this point",BLOOD SUGAR & GLYCEMIC CONTROL,Jardiance,0.0,,0.0,0.0,0.0,
P0095,R1,"just got diagnosed t2, got my a1c down from 6.5 to 6 with just diet and workouts no meds. what else can i even do at this point",BLOOD SUGAR & GLYCEMIC CONTROL,Mounjaro,0.0,,0.0,0.0,0.0,
P0095,R1,"just got diagnosed t2, got my a1c down from 6.5 to 6 with just diet and workouts no meds. what else can i even do at this point",BLOOD SUGAR & GLYCEMIC CONTROL,Rybelsus,0.0,,0.0,0.0,0.0,
P0095,R1,"just got diagnosed t2, got my a1c down from 6.5 to 6 with just diet and workouts no meds. what else can i even do at this point",BLOOD SUGAR & GLYCEMIC CONTROL,Saxenda,0.0,,0.0,0.0,0.0,
P0095,R1,"just got diagnosed t2, got my a1c down from 6.5 to 6 with just diet and workouts no meds. what else can i even do at this point",BLOOD SUGAR & GLYCEMIC CONTROL,Trulicity,0.0,,0.0,0.0,0.0,
P0095,R1,"just got diagnosed t2, got my a1c down from 6.5 to 6 with just diet and workouts no meds. what else can i even do at this point",BLOOD SUGAR & GLYCEMIC CONTROL,Victoza,0.0,,0.0,0.0,0.0,
P0095,R1,"just got diagnosed t2, got my a1c down from 6.5 to 6 with just diet and workouts no meds. what else can i even do at this point",BLOOD SUGAR & GLYCEMIC CONTROL,Wegovy,0.0,,0.0,0.0,0.0,
P0095,R1,"just got diagnosed t2, got my a1c down from 6.5 to 6 with just diet and workouts no meds. what else can i even do at this point",BLOOD SUGAR & GLYCEMIC CONTROL,Zepbound,0.0,,0.0,0.0,0.0,
P0096,R1,I was recently diagnosed with type 2 and brought my A1c from 6.5 to 6.0 with diet and exercise alone. What else can I do to keep it going down?,BLOOD SUGAR & GLYCEMIC CONTROL,Farxiga,0.08333333333333333,1.0,0.0,0.0,0.0,1.0
P0096,R1,I was recently diagnosed with type 2 and brought my A1c from 6.5 to 6.0 with diet and exercise alone. What else can I do to keep it going down?,BLOOD SUGAR & GLYCEMIC CONTROL,Invokana,0.0,,0.0,0.0,0.0,
P0096,R1,I was recently diagnosed with type 2 and brought my A1c from 6.5 to 6.0 with diet and exercise alone. What else can I do to keep it going down?,BLOOD SUGAR & GLYCEMIC CONTROL,Januvia,0.08333333333333333,1.0,0.0,0.0,0.0,1.0
P0096,R1,I was recently diagnosed with type 2 and brought my A1c from 6.5 to 6.0 with diet and exercise alone. What else can I do to keep it going down?,BLOOD SUGAR & GLYCEMIC CONTROL,Jardiance,0.08333333333333333,1.0,0.0,0.0,0.0,1.0
P0096,R1,I was recently diagnosed with type 2 and brought my A1c from 6.5 to 6.0 with diet and exercise alone. What else can I do to keep it going down?,BLOOD SUGAR & GLYCEMIC CONTROL,Mounjaro,0.0,,0.0,0.0,0.0,
P0096,R1,I was recently diagnosed with type 2 and brought my A1c from 6.5 to 6.0 with diet and exercise alone. What else can I do to keep it going down?,BLOOD SUGAR & GLYCEMIC CONTROL,Rybelsus,0.08333333333333333,1.0,0.0,0.0,0.0,1.0
P0096,R1,I was recently diagnosed with type 2 and brought my A1c from 6.5 to 6.0 with diet and exercise alone. What else can I do to keep it going down?,BLOOD SUGAR & GLYCEMIC CONTROL,Saxenda,0.0,,0.0,0.0,0.0,
P0096,R1,I was recently diagnosed with type 2 and brought my A1c from 6.5 to 6.0 with diet and exercise alone. What else can I do to keep it going down?,BLOOD SUGAR & GLYCEMIC CONTROL,Trulicity,0.08333333333333333,1.0,0.0,0.0,0.0,1.0
P0096,R1,I was recently diagnosed with type 2 and brought my A1c from 6.5 to 6.0 with diet and exercise alone. What else can I do to keep it going down?,BLOOD SUGAR & GLYCEMIC CONTROL,Victoza,0.0,,0.0,0.0,0.0,
P0096,R1,I was recently diagnosed with type 2 and brought my A1c from 6.5 to 6.0 with diet and exercise alone. What else can I do to keep it going down?,BLOOD SUGAR & GLYCEMIC CONTROL,Wegovy,0.08333333333333333,1.0,0.0,0.0,0.0,1.0
P0096,R1,I was recently diagnosed with type 2 and brought my A1c from 6.5 to 6.0 with diet and exercise alone. What else can I do to keep it going down?,BLOOD SUGAR & GLYCEMIC CONTROL,Zepbound,0.0,,0.0,0.0,0.0,
P0097,R1,are there any brand new diabetes medications approved recently that i should ask my doctor about?,STARTING & SWITCHING,Farxiga,0.0,,0.16666666666666666,0.0,0.16666666666666666,
P0097,R1,are there any brand new diabetes medications approved recently that i should ask my doctor about?,STARTING & SWITCHING,Invokana,0.0,,0.08333333333333333,0.0,0.08333333333333333,
P0097,R1,are there any brand new diabetes medications approved recently that i should ask my doctor about?,STARTING & SWITCHING,Januvia,0.0,,0.08333333333333333,0.0,0.08333333333333333,
P0097,R1,are there any brand new diabetes medications approved recently that i should ask my doctor about?,STARTING & SWITCHING,Jardiance,0.0,,0.08333333333333333,0.0,0.08333333333333333,
P0097,R1,are there any brand new diabetes medications approved recently that i should ask my doctor about?,STARTING & SWITCHING,Mounjaro,0.4583333333333333,0.3333333333333333,0.5,0.3333333333333333,0.16666666666666666,1.0
P0097,R1,are there any brand new diabetes medications approved recently that i should ask my doctor about?,STARTING & SWITCHING,Rybelsus,0.5833333333333334,1.0,0.16666666666666666,0.0,0.16666666666666666,1.0
P0097,R1,are there any brand new diabetes medications approved recently that i should ask my doctor about?,STARTING & SWITCHING,Saxenda,0.0,,0.08333333333333333,0.0,0.08333333333333333,
P0097,R1,are there any brand new diabetes medications approved recently that i should ask my doctor about?,STARTING & SWITCHING,Trulicity,0.25,0.0,0.3333333333333333,0.25,0.08333333333333333,1.0
P0097,R1,are there any brand new diabetes medications approved recently that i should ask my doctor about?,STARTING & SWITCHING,Victoza,0.08333333333333333,1.0,0.08333333333333333,0.0,0.08333333333333333,1.0
P0097,R1,are there any brand new diabetes medications approved recently that i should ask my doctor about?,STARTING & SWITCHING,Wegovy,0.3333333333333333,1.0,0.08333333333333333,0.0,0.08333333333333333,1.0
P0097,R1,are there any brand new diabetes medications approved recently that i should ask my doctor about?,STARTING & SWITCHING,Zepbound,0.08333333333333333,0.0,0.08333333333333333,0.08333333333333333,0.0,1.0
P0098,R1,whats the newest diabetes treatment out in 2026? trying to see whats actually available now,STARTING & SWITCHING,Farxiga,0.0,,0.08333333333333333,0.0,0.08333333333333333,
P0098,R1,whats the newest diabetes treatment out in 2026? trying to see whats actually available now,STARTING & SWITCHING,Invokana,0.0,,0.0,0.0,0.0,
P0098,R1,whats the newest diabetes treatment out in 2026? trying to see whats actually available now,STARTING & SWITCHING,Januvia,0.0,,0.0,0.0,0.0,
P0098,R1,whats the newest diabetes treatment out in 2026? trying to see whats actually available now,STARTING & SWITCHING,Jardiance,0.0,,0.0,0.0,0.0,
P0098,R1,whats the newest diabetes treatment out in 2026? trying to see whats actually available now,STARTING & SWITCHING,Mounjaro,0.5833333333333334,0.6666666666666666,0.25,0.25,0.0,1.0
P0098,R1,whats the newest diabetes treatment out in 2026? trying to see whats actually available now,STARTING & SWITCHING,Rybelsus,0.5,0.5,0.25,0.25,0.0,1.0
P0098,R1,whats the newest diabetes treatment out in 2026? trying to see whats actually available now,STARTING & SWITCHING,Saxenda,0.0,,0.0,0.0,0.0,
P0098,R1,whats the newest diabetes treatment out in 2026? trying to see whats actually available now,STARTING & SWITCHING,Trulicity,0.25,0.0,0.25,0.25,0.0,1.0
P0098,R1,whats the newest diabetes treatment out in 2026? trying to see whats actually available now,STARTING & SWITCHING,Victoza,0.0,,0.0,0.0,0.0,
P0098,R1,whats the newest diabetes treatment out in 2026? trying to see whats actually available now,STARTING & SWITCHING,Wegovy,0.29166666666666663,1.0,0.0,0.0,0.0,1.0
P0098,R1,whats the newest diabetes treatment out in 2026? trying to see whats actually available now,STARTING & SWITCHING,Zepbound,0.0,,0.0,0.0,0.0,
P0099,R1,"are there diabetes treatments that dont involve any injections at all? needles are a hard no for me, want to know my options before my appointment",STARTING & SWITCHING,Farxiga,0.125,1.0,0.16666666666666666,0.0,0.16666666666666666,1.0
P0099,R1,"are there diabetes treatments that dont involve any injections at all? needles are a hard no for me, want to know my options before my appointment",STARTING & SWITCHING,Invokana,0.125,1.0,0.25,0.0,0.25,1.0
P0099,R1,"are there diabetes treatments that dont involve any injections at all? needles are a hard no for me, want to know my options before my appointment",STARTING & SWITCHING,Januvia,0.125,1.0,0.16666666666666666,0.0,0.16666666666666666,1.0
P0099,R1,"are there diabetes treatments that dont involve any injections at all? needles are a hard no for me, want to know my options before my appointment",STARTING & SWITCHING,Jardiance,0.125,1.0,0.3333333333333333,0.0,0.3333333333333333,1.0
P0099,R1,"are there diabetes treatments that dont involve any injections at all? needles are a hard no for me, want to know my options before my appointment",STARTING & SWITCHING,Mounjaro,0.0,,0.0,0.0,0.0,
P0099,R1,"are there diabetes treatments that dont involve any injections at all? needles are a hard no for me, want to know my options before my appointment",STARTING & SWITCHING,Rybelsus,0.5,0.0,0.9166666666666666,0.5,0.41666666666666663,1.0
P0099,R1,"are there diabetes treatments that dont involve any injections at all? needles are a hard no for me, want to know my options before my appointment",STARTING & SWITCHING,Saxenda,0.0,,0.0,0.0,0.0,
P0099,R1,"are there diabetes treatments that dont involve any injections at all? needles are a hard no for me, want to know my options before my appointment",STARTING & SWITCHING,Trulicity,0.0,,0.0,0.0,0.0,
P0099,R1,"are there diabetes treatments that dont involve any injections at all? needles are a hard no for me, want to know my options before my appointment",STARTING & SWITCHING,Victoza,0.0,,0.0,0.0,0.0,
P0099,R1,"are there diabetes treatments that dont involve any injections at all? needles are a hard no for me, want to know my options before my appointment",STARTING & SWITCHING,Wegovy,0.125,0.0,0.125,0.125,0.0,1.0
P0099,R1,"are there diabetes treatments that dont involve any injections at all? needles are a hard no for me, want to know my options before my appointment",STARTING & SWITCHING,Zepbound,0.0,,0.0,0.0,0.0,
P0100,R1,diagnosed type 2 and they said i might need injections eventually. is there any way to stay on pills only? i really cant do needles,STARTING & SWITCHING,Farxiga,0.125,0.0,0.3333333333333333,0.125,0.20833333333333331,1.0
P0100,R1,diagnosed type 2 and they said i might need injections eventually. is there any way to stay on pills only? i really cant do needles,STARTING & SWITCHING,Invokana,0.0,,0.20833333333333331,0.0,0.20833333333333331,
P0100,R1,diagnosed type 2 and they said i might need injections eventually. is there any way to stay on pills only? i really cant do needles,STARTING & SWITCHING,Januvia,0.25,0.0,0.3333333333333333,0.25,0.08333333333333333,1.0
P0100,R1,diagnosed type 2 and they said i might need injections eventually. is there any way to stay on pills only? i really cant do needles,STARTING & SWITCHING,Jardiance,0.375,0.0,0.5833333333333334,0.375,0.20833333333333331,1.0
P0100,R1,diagnosed type 2 and they said i might need injections eventually. is there any way to stay on pills only? i really cant do needles,STARTING & SWITCHING,Mounjaro,0.0,,0.0,0.0,0.0,
P0100,R1,diagnosed type 2 and they said i might need injections eventually. is there any way to stay on pills only? i really cant do needles,STARTING & SWITCHING,Rybelsus,0.5416666666666666,0.0,1.0,0.5416666666666666,0.4583333333333333,1.0
P0100,R1,diagnosed type 2 and they said i might need injections eventually. is there any way to stay on pills only? i really cant do needles,STARTING & SWITCHING,Saxenda,0.0,,0.0,0.0,0.0,
P0100,R1,diagnosed type 2 and they said i might need injections eventually. is there any way to stay on pills only? i really cant do needles,STARTING & SWITCHING,Trulicity,0.0,,0.08333333333333333,0.0,0.08333333333333333,
P0100,R1,diagnosed type 2 and they said i might need injections eventually. is there any way to stay on pills only? i really cant do needles,STARTING & SWITCHING,Victoza,0.0,,0.08333333333333333,0.0,0.08333333333333333,
P0100,R1,diagnosed type 2 and they said i might need injections eventually. is there any way to stay on pills only? i really cant do needles,STARTING & SWITCHING,Wegovy,0.41666666666666663,0.75,0.08333333333333333,0.08333333333333333,0.0,0.75
P0100,R1,diagnosed type 2 and they said i might need injections eventually. is there any way to stay on pills only? i really cant do needles,STARTING & SWITCHING,Zepbound,0.0,,0.0,0.0,0.0,
P0101,R1,"I'm in my late 70s and already take pills for blood pressure and cholesterol, now they want to add something for diabetes. what's safe to add at my age?",STARTING & SWITCHING,Farxiga,0.25,1.0,0.08333333333333333,0.0,0.08333333333333333,1.0
P0101,R1,"I'm in my late 70s and already take pills for blood pressure and cholesterol, now they want to add something for diabetes. what's safe to add at my age?",STARTING & SWITCHING,Invokana,0.0,,0.08333333333333333,0.0,0.08333333333333333,
P0101,R1,"I'm in my late 70s and already take pills for blood pressure and cholesterol, now they want to add something for diabetes. what's safe to add at my age?",STARTING & SWITCHING,Januvia,0.25,0.0,0.5833333333333334,0.25,0.3333333333333333,1.0
P0101,R1,"I'm in my late 70s and already take pills for blood pressure and cholesterol, now they want to add something for diabetes. what's safe to add at my age?",STARTING & SWITCHING,Jardiance,0.25,1.0,0.3333333333333333,0.0,0.3333333333333333,1.0
P0101,R1,"I'm in my late 70s and already take pills for blood pressure and cholesterol, now they want to add something for diabetes. what's safe to add at my age?",STARTING & SWITCHING,Mounjaro,0.0,,0.0,0.0,0.0,
P0101,R1,"I'm in my late 70s and already take pills for blood pressure and cholesterol, now they want to add something for diabetes. what's safe to add at my age?",STARTING & SWITCHING,Rybelsus,0.0,,0.0,0.0,0.0,
P0101,R1,"I'm in my late 70s and already take pills for blood pressure and cholesterol, now they want to add something for diabetes. what's safe to add at my age?",STARTING & SWITCHING,Saxenda,0.0,,0.0,0.0,0.0,
P0101,R1,"I'm in my late 70s and already take pills for blood pressure and cholesterol, now they want to add something for diabetes. what's safe to add at my age?",STARTING & SWITCHING,Trulicity,0.0,,0.0,0.0,0.0,
P0101,R1,"I'm in my late 70s and already take pills for blood pressure and cholesterol, now they want to add something for diabetes. what's safe to add at my age?",STARTING & SWITCHING,Victoza,0.25,0.5,0.20833333333333331,0.125,0.08333333333333333,0.5
P0101,R1,"I'm in my late 70s and already take pills for blood pressure and cholesterol, now they want to add something for diabetes. what's safe to add at my age?",STARTING & SWITCHING,Wegovy,0.0,,0.0,0.0,0.0,
P0101,R1,"I'm in my late 70s and already take pills for blood pressure and cholesterol, now they want to add something for diabetes. what's safe to add at my age?",STARTING & SWITCHING,Zepbound,0.0,,0.0,0.0,0.0,
P0102,R1,"I'm 82 and my doctor mentioned starting a diabetes medication. given my age and that I live alone, which options carry the lowest risk of dangerous lows?",STARTING & SWITCHING,Farxiga,0.3333333333333333,1.0,0.0,0.0,0.0,1.0
P0102,R1,"I'm 82 and my doctor mentioned starting a diabetes medication. given my age and that I live alone, which options carry the lowest risk of dangerous lows?",STARTING & SWITCHING,Invokana,0.0,,0.0,0.0,0.0,
P0102,R1,"I'm 82 and my doctor mentioned starting a diabetes medication. given my age and that I live alone, which options carry the lowest risk of dangerous lows?",STARTING & SWITCHING,Januvia,0.3333333333333333,0.0,0.4444444444444444,0.3333333333333333,0.1111111111111111,1.0
P0102,R1,"I'm 82 and my doctor mentioned starting a diabetes medication. given my age and that I live alone, which options carry the lowest risk of dangerous lows?",STARTING & SWITCHING,Jardiance,0.3333333333333333,1.0,0.1111111111111111,0.0,0.1111111111111111,1.0
P0102,R1,"I'm 82 and my doctor mentioned starting a diabetes medication. given my age and that I live alone, which options carry the lowest risk of dangerous lows?",STARTING & SWITCHING,Mounjaro,0.0,,0.0,0.0,0.0,
P0102,R1,"I'm 82 and my doctor mentioned starting a diabetes medication. given my age and that I live alone, which options carry the lowest risk of dangerous lows?",STARTING & SWITCHING,Rybelsus,0.0,,0.0,0.0,0.0,
P0102,R1,"I'm 82 and my doctor mentioned starting a diabetes medication. given my age and that I live alone, which options carry the lowest risk of dangerous lows?",STARTING & SWITCHING,Saxenda,0.0,,0.0,0.0,0.0,
P0102,R1,"I'm 82 and my doctor mentioned starting a diabetes medication. given my age and that I live alone, which options carry the lowest risk of dangerous lows?",STARTING & SWITCHING,Trulicity,0.0,,0.0,0.0,0.0,
P0102,R1,"I'm 82 and my doctor mentioned starting a diabetes medication. given my age and that I live alone, which options carry the lowest risk of dangerous lows?",STARTING & SWITCHING,Victoza,0.3333333333333333,1.0,0.1111111111111111,0.0,0.1111111111111111,1.0
P0102,R1,"I'm 82 and my doctor mentioned starting a diabetes medication. given my age and that I live alone, which options carry the lowest risk of dangerous lows?",STARTING & SWITCHING,Wegovy,0.0,,0.0,0.0,0.0,
P0102,R1,"I'm 82 and my doctor mentioned starting a diabetes medication. given my age and that I live alone, which options carry the lowest risk of dangerous lows?",STARTING & SWITCHING,Zepbound,0.0,,0.0,0.0,0.0,
P0103,R1,I'm 79 and just diagnosed with type 2. at my age which medications are actually safe? I worry about lows and about my heart.,HEART & KIDNEY,Farxiga,0.3333333333333333,0.25,0.29166666666666663,0.20833333333333331,0.08333333333333333,0.75
P0103,R1,I'm 79 and just diagnosed with type 2. at my age which medications are actually safe? I worry about lows and about my heart.,HEART & KIDNEY,Invokana,0.0,,0.08333333333333333,0.0,0.08333333333333333,
P0103,R1,I'm 79 and just diagnosed with type 2. at my age which medications are actually safe? I worry about lows and about my heart.,HEART & KIDNEY,Januvia,0.3333333333333333,0.5,0.25,0.25,0.0,1.0
P0103,R1,I'm 79 and just diagnosed with type 2. at my age which medications are actually safe? I worry about lows and about my heart.,HEART & KIDNEY,Jardiance,0.3333333333333333,0.25,0.29166666666666663,0.20833333333333331,0.08333333333333333,0.75
P0103,R1,I'm 79 and just diagnosed with type 2. at my age which medications are actually safe? I worry about lows and about my heart.,HEART & KIDNEY,Mounjaro,0.125,1.0,0.0,0.0,0.0,1.0
P0103,R1,I'm 79 and just diagnosed with type 2. at my age which medications are actually safe? I worry about lows and about my heart.,HEART & KIDNEY,Rybelsus,0.08333333333333333,1.0,0.0,0.0,0.0,1.0
P0103,R1,I'm 79 and just diagnosed with type 2. at my age which medications are actually safe? I worry about lows and about my heart.,HEART & KIDNEY,Saxenda,0.0,,0.0,0.0,0.0,
P0103,R1,I'm 79 and just diagnosed with type 2. at my age which medications are actually safe? I worry about lows and about my heart.,HEART & KIDNEY,Trulicity,0.20833333333333331,1.0,0.0,0.0,0.0,1.0
P0103,R1,I'm 79 and just diagnosed with type 2. at my age which medications are actually safe? I worry about lows and about my heart.,HEART & KIDNEY,Victoza,0.20833333333333331,1.0,0.0,0.0,0.0,1.0
P0103,R1,I'm 79 and just diagnosed with type 2. at my age which medications are actually safe? I worry about lows and about my heart.,HEART & KIDNEY,Wegovy,0.0,,0.0,0.0,0.0,
P0103,R1,I'm 79 and just diagnosed with type 2. at my age which medications are actually safe? I worry about lows and about my heart.,HEART & KIDNEY,Zepbound,0.0,,0.0,0.0,0.0,
P0104,R1,"type 2, sugar runs high-ish, but i genuinely dont trust these meds. do they actually lower complications or just the a1c number on paper?",BLOOD SUGAR & GLYCEMIC CONTROL,Farxiga,0.25,0.0,0.25,0.25,0.0,1.0
P0104,R1,"type 2, sugar runs high-ish, but i genuinely dont trust these meds. do they actually lower complications or just the a1c number on paper?",BLOOD SUGAR & GLYCEMIC CONTROL,Invokana,0.25,0.0,0.25,0.25,0.0,1.0
P0104,R1,"type 2, sugar runs high-ish, but i genuinely dont trust these meds. do they actually lower complications or just the a1c number on paper?",BLOOD SUGAR & GLYCEMIC CONTROL,Januvia,0.25,1.0,0.0,0.0,0.0,1.0
P0104,R1,"type 2, sugar runs high-ish, but i genuinely dont trust these meds. do they actually lower complications or just the a1c number on paper?",BLOOD SUGAR & GLYCEMIC CONTROL,Jardiance,0.25,0.0,0.25,0.25,0.0,1.0
P0104,R1,"type 2, sugar runs high-ish, but i genuinely dont trust these meds. do they actually lower complications or just the a1c number on paper?",BLOOD SUGAR & GLYCEMIC CONTROL,Mounjaro,0.0,,0.0,0.0,0.0,
P0104,R1,"type 2, sugar runs high-ish, but i genuinely dont trust these meds. do they actually lower complications or just the a1c number on paper?",BLOOD SUGAR & GLYCEMIC CONTROL,Rybelsus,0.0,,0.0,0.0,0.0,
P0104,R1,"type 2, sugar runs high-ish, but i genuinely dont trust these meds. do they actually lower complications or just the a1c number on paper?",BLOOD SUGAR & GLYCEMIC CONTROL,Saxenda,0.0,,0.0,0.0,0.0,
P0104,R1,"type 2, sugar runs high-ish, but i genuinely dont trust these meds. do they actually lower complications or just the a1c number on paper?",BLOOD SUGAR & GLYCEMIC CONTROL,Trulicity,0.25,1.0,0.0,0.0,0.0,1.0
P0104,R1,"type 2, sugar runs high-ish, but i genuinely dont trust these meds. do they actually lower complications or just the a1c number on paper?",BLOOD SUGAR & GLYCEMIC CONTROL,Victoza,0.25,1.0,0.0,0.0,0.0,1.0
P0104,R1,"type 2, sugar runs high-ish, but i genuinely dont trust these meds. do they actually lower complications or just the a1c number on paper?",BLOOD SUGAR & GLYCEMIC CONTROL,Wegovy,0.0,,0.0,0.0,0.0,
P0104,R1,"type 2, sugar runs high-ish, but i genuinely dont trust these meds. do they actually lower complications or just the a1c number on paper?",BLOOD SUGAR & GLYCEMIC CONTROL,Zepbound,0.0,,0.0,0.0,0.0,
P0105,R1,my numbers arent terrible and i keep getting pushed toward medication. are these drugs really necessary or is that just the default they hand everyone?,STARTING & SWITCHING,Farxiga,0.0,,0.0,0.0,0.0,
P0105,R1,my numbers arent terrible and i keep getting pushed toward medication. are these drugs really necessary or is that just the default they hand everyone?,STARTING & SWITCHING,Invokana,0.0,,0.0,0.0,0.0,
P0105,R1,my numbers arent terrible and i keep getting pushed toward medication. are these drugs really necessary or is that just the default they hand everyone?,STARTING & SWITCHING,Januvia,0.0,,0.0,0.0,0.0,
P0105,R1,my numbers arent terrible and i keep getting pushed toward medication. are these drugs really necessary or is that just the default they hand everyone?,STARTING & SWITCHING,Jardiance,0.0,,0.0,0.0,0.0,
P0105,R1,my numbers arent terrible and i keep getting pushed toward medication. are these drugs really necessary or is that just the default they hand everyone?,STARTING & SWITCHING,Mounjaro,0.0,,0.0,0.0,0.0,
P0105,R1,my numbers arent terrible and i keep getting pushed toward medication. are these drugs really necessary or is that just the default they hand everyone?,STARTING & SWITCHING,Rybelsus,0.0,,0.0,0.0,0.0,
P0105,R1,my numbers arent terrible and i keep getting pushed toward medication. are these drugs really necessary or is that just the default they hand everyone?,STARTING & SWITCHING,Saxenda,0.0,,0.0,0.0,0.0,
P0105,R1,my numbers arent terrible and i keep getting pushed toward medication. are these drugs really necessary or is that just the default they hand everyone?,STARTING & SWITCHING,Trulicity,0.0,,0.0,0.0,0.0,
P0105,R1,my numbers arent terrible and i keep getting pushed toward medication. are these drugs really necessary or is that just the default they hand everyone?,STARTING & SWITCHING,Victoza,0.0,,0.0,0.0,0.0,
P0105,R1,my numbers arent terrible and i keep getting pushed toward medication. are these drugs really necessary or is that just the default they hand everyone?,STARTING & SWITCHING,Wegovy,0.0,,0.0,0.0,0.0,
P0105,R1,my numbers arent terrible and i keep getting pushed toward medication. are these drugs really necessary or is that just the default they hand everyone?,STARTING & SWITCHING,Zepbound,0.0,,0.0,0.0,0.0,
P0106,R1,"are diabetes medications something you can ever come off of, or once you start are you on them forever? starting to feel like a trap",LIVING ON THE DRUG,Farxiga,0.0,,0.0,0.0,0.0,
P0106,R1,"are diabetes medications something you can ever come off of, or once you start are you on them forever? starting to feel like a trap",LIVING ON THE DRUG,Invokana,0.0,,0.0,0.0,0.0,
P0106,R1,"are diabetes medications something you can ever come off of, or once you start are you on them forever? starting to feel like a trap",LIVING ON THE DRUG,Januvia,0.0,,0.0,0.0,0.0,
P0106,R1,"are diabetes medications something you can ever come off of, or once you start are you on them forever? starting to feel like a trap",LIVING ON THE DRUG,Jardiance,0.0,,0.0,0.0,0.0,
P0106,R1,"are diabetes medications something you can ever come off of, or once you start are you on them forever? starting to feel like a trap",LIVING ON THE DRUG,Mounjaro,0.25,1.0,0.0,0.0,0.0,1.0
P0106,R1,"are diabetes medications something you can ever come off of, or once you start are you on them forever? starting to feel like a trap",LIVING ON THE DRUG,Rybelsus,0.0,,0.0,0.0,0.0,
P0106,R1,"are diabetes medications something you can ever come off of, or once you start are you on them forever? starting to feel like a trap",LIVING ON THE DRUG,Saxenda,0.0,,0.0,0.0,0.0,
P0106,R1,"are diabetes medications something you can ever come off of, or once you start are you on them forever? starting to feel like a trap",LIVING ON THE DRUG,Trulicity,0.0,,0.0,0.0,0.0,
P0106,R1,"are diabetes medications something you can ever come off of, or once you start are you on them forever? starting to feel like a trap",LIVING ON THE DRUG,Victoza,0.0,,0.0,0.0,0.0,
P0106,R1,"are diabetes medications something you can ever come off of, or once you start are you on them forever? starting to feel like a trap",LIVING ON THE DRUG,Wegovy,0.25,1.0,0.0,0.0,0.0,1.0
P0106,R1,"are diabetes medications something you can ever come off of, or once you start are you on them forever? starting to feel like a trap",LIVING ON THE DRUG,Zepbound,0.0,,0.0,0.0,0.0,
P0107,R1,"everyone's on these diabetes meds now, but do they wreck your organs down the line? feels too good to be true",STARTING & SWITCHING,Farxiga,0.3333333333333333,1.0,0.0,0.0,0.0,1.0
P0107,R1,"everyone's on these diabetes meds now, but do they wreck your organs down the line? feels too good to be true",STARTING & SWITCHING,Invokana,0.0,,0.0,0.0,0.0,
P0107,R1,"everyone's on these diabetes meds now, but do they wreck your organs down the line? feels too good to be true",STARTING & SWITCHING,Januvia,0.125,1.0,0.0,0.0,0.0,1.0
P0107,R1,"everyone's on these diabetes meds now, but do they wreck your organs down the line? feels too good to be true",STARTING & SWITCHING,Jardiance,0.3333333333333333,1.0,0.0,0.0,0.0,1.0
P0107,R1,"everyone's on these diabetes meds now, but do they wreck your organs down the line? feels too good to be true",STARTING & SWITCHING,Mounjaro,0.9166666666666666,0.875,0.125,0.125,0.0,0.875
P0107,R1,"everyone's on these diabetes meds now, but do they wreck your organs down the line? feels too good to be true",STARTING & SWITCHING,Rybelsus,0.25,1.0,0.0,0.0,0.0,1.0
P0107,R1,"everyone's on these diabetes meds now, but do they wreck your organs down the line? feels too good to be true",STARTING & SWITCHING,Saxenda,0.0,,0.0,0.0,0.0,
P0107,R1,"everyone's on these diabetes meds now, but do they wreck your organs down the line? feels too good to be true",STARTING & SWITCHING,Trulicity,0.3333333333333333,1.0,0.0,0.0,0.0,1.0
P0107,R1,"everyone's on these diabetes meds now, but do they wreck your organs down the line? feels too good to be true",STARTING & SWITCHING,Victoza,0.375,1.0,0.0,0.0,0.0,1.0
P0107,R1,"everyone's on these diabetes meds now, but do they wreck your organs down the line? feels too good to be true",STARTING & SWITCHING,Wegovy,0.9166666666666666,1.0,0.0,0.0,0.0,1.0
P0107,R1,"everyone's on these diabetes meds now, but do they wreck your organs down the line? feels too good to be true",STARTING & SWITCHING,Zepbound,0.5833333333333334,1.0,0.0,0.0,0.0,1.0
P0108,R1,how much of the long-term safety data on the newer diabetes medications is actually solid versus just short trials?,PRICE & ACCESS,Farxiga,0.125,1.0,0.0,0.0,0.0,1.0
P0108,R1,how much of the long-term safety data on the newer diabetes medications is actually solid versus just short trials?,PRICE & ACCESS,Invokana,0.125,1.0,0.0,0.0,0.0,1.0
P0108,R1,how much of the long-term safety data on the newer diabetes medications is actually solid versus just short trials?,PRICE & ACCESS,Januvia,0.0,,0.0,0.0,0.0,
P0108,R1,how much of the long-term safety data on the newer diabetes medications is actually solid versus just short trials?,PRICE & ACCESS,Jardiance,0.125,1.0,0.0,0.0,0.0,1.0
P0108,R1,how much of the long-term safety data on the newer diabetes medications is actually solid versus just short trials?,PRICE & ACCESS,Mounjaro,0.375,1.0,0.20833333333333331,0.0,0.20833333333333331,1.0
P0108,R1,how much of the long-term safety data on the newer diabetes medications is actually solid versus just short trials?,PRICE & ACCESS,Rybelsus,0.0,,0.0,0.0,0.0,
P0108,R1,how much of the long-term safety data on the newer diabetes medications is actually solid versus just short trials?,PRICE & ACCESS,Saxenda,0.0,,0.0,0.0,0.0,
P0108,R1,how much of the long-term safety data on the newer diabetes medications is actually solid versus just short trials?,PRICE & ACCESS,Trulicity,0.125,1.0,0.0,0.0,0.0,1.0
P0108,R1,how much of the long-term safety data on the newer diabetes medications is actually solid versus just short trials?,PRICE & ACCESS,Victoza,0.375,1.0,0.0,0.0,0.0,1.0
P0108,R1,how much of the long-term safety data on the newer diabetes medications is actually solid versus just short trials?,PRICE & ACCESS,Wegovy,0.125,1.0,0.0,0.0,0.0,1.0
P0108,R1,how much of the long-term safety data on the newer diabetes medications is actually solid versus just short trials?,PRICE & ACCESS,Zepbound,0.0,,0.20833333333333331,0.0,0.20833333333333331,
P0109,R1,honestly is all this hype around the weight loss shots real or is it just marketing?,WEIGHT LOSS,Farxiga,0.0,,0.0,0.0,0.0,
P0109,R1,honestly is all this hype around the weight loss shots real or is it just marketing?,WEIGHT LOSS,Invokana,0.0,,0.0,0.0,0.0,
P0109,R1,honestly is all this hype around the weight loss shots real or is it just marketing?,WEIGHT LOSS,Januvia,0.0,,0.0,0.0,0.0,
P0109,R1,honestly is all this hype around the weight loss shots real or is it just marketing?,WEIGHT LOSS,Jardiance,0.0,,0.0,0.0,0.0,
P0109,R1,honestly is all this hype around the weight loss shots real or is it just marketing?,WEIGHT LOSS,Mounjaro,0.75,0.75,0.3333333333333333,0.25,0.08333333333333333,1.0
P0109,R1,honestly is all this hype around the weight loss shots real or is it just marketing?,WEIGHT LOSS,Rybelsus,0.0,,0.0,0.0,0.0,
P0109,R1,honestly is all this hype around the weight loss shots real or is it just marketing?,WEIGHT LOSS,Saxenda,0.25,1.0,0.0,0.0,0.0,1.0
P0109,R1,honestly is all this hype around the weight loss shots real or is it just marketing?,WEIGHT LOSS,Trulicity,0.0,,0.0,0.0,0.0,
P0109,R1,honestly is all this hype around the weight loss shots real or is it just marketing?,WEIGHT LOSS,Victoza,0.25,1.0,0.0,0.0,0.0,1.0
P0109,R1,honestly is all this hype around the weight loss shots real or is it just marketing?,WEIGHT LOSS,Wegovy,0.75,0.5,0.5,0.25,0.25,1.0
P0109,R1,honestly is all this hype around the weight loss shots real or is it just marketing?,WEIGHT LOSS,Zepbound,0.75,0.75,0.3333333333333333,0.25,0.08333333333333333,1.0
P0110,R1,do the diabetes drugs actually fix anything or do they just hide the numbers while you get worse underneath?,STARTING & SWITCHING,Farxiga,0.41666666666666663,0.5,0.25,0.25,0.0,1.0
P0110,R1,do the diabetes drugs actually fix anything or do they just hide the numbers while you get worse underneath?,STARTING & SWITCHING,Invokana,0.25,0.0,0.25,0.25,0.0,1.0
P0110,R1,do the diabetes drugs actually fix anything or do they just hide the numbers while you get worse underneath?,STARTING & SWITCHING,Januvia,0.08333333333333333,1.0,0.0,0.0,0.0,1.0
P0110,R1,do the diabetes drugs actually fix anything or do they just hide the numbers while you get worse underneath?,STARTING & SWITCHING,Jardiance,0.41666666666666663,0.5,0.25,0.25,0.0,1.0
P0110,R1,do the diabetes drugs actually fix anything or do they just hide the numbers while you get worse underneath?,STARTING & SWITCHING,Mounjaro,0.3333333333333333,1.0,0.0,0.0,0.0,1.0
P0110,R1,do the diabetes drugs actually fix anything or do they just hide the numbers while you get worse underneath?,STARTING & SWITCHING,Rybelsus,0.125,1.0,0.0,0.0,0.0,1.0
P0110,R1,do the diabetes drugs actually fix anything or do they just hide the numbers while you get worse underneath?,STARTING & SWITCHING,Saxenda,0.0,,0.0,0.0,0.0,
P0110,R1,do the diabetes drugs actually fix anything or do they just hide the numbers while you get worse underneath?,STARTING & SWITCHING,Trulicity,0.29166666666666663,1.0,0.0,0.0,0.0,1.0
P0110,R1,do the diabetes drugs actually fix anything or do they just hide the numbers while you get worse underneath?,STARTING & SWITCHING,Victoza,0.41666666666666663,1.0,0.0,0.0,0.0,1.0
P0110,R1,do the diabetes drugs actually fix anything or do they just hide the numbers while you get worse underneath?,STARTING & SWITCHING,Wegovy,0.08333333333333333,1.0,0.0,0.0,0.0,1.0
P0110,R1,do the diabetes drugs actually fix anything or do they just hide the numbers while you get worse underneath?,STARTING & SWITCHING,Zepbound,0.0,,0.0,0.0,0.0,
P0111,R1,are these new diabetes meds even safe long term or are we all just guinea pigs at this point?,STARTING & SWITCHING,Farxiga,0.25,1.0,0.0,0.0,0.0,1.0
P0111,R1,are these new diabetes meds even safe long term or are we all just guinea pigs at this point?,STARTING & SWITCHING,Invokana,0.16666666666666666,1.0,0.0,0.0,0.0,1.0
P0111,R1,are these new diabetes meds even safe long term or are we all just guinea pigs at this point?,STARTING & SWITCHING,Januvia,0.0,,0.0,0.0,0.0,
P0111,R1,are these new diabetes meds even safe long term or are we all just guinea pigs at this point?,STARTING & SWITCHING,Jardiance,0.25,1.0,0.0,0.0,0.0,1.0
P0111,R1,are these new diabetes meds even safe long term or are we all just guinea pigs at this point?,STARTING & SWITCHING,Mounjaro,0.5,1.0,0.25,0.0,0.25,1.0
P0111,R1,are these new diabetes meds even safe long term or are we all just guinea pigs at this point?,STARTING & SWITCHING,Rybelsus,0.08333333333333333,1.0,0.0,0.0,0.0,1.0
P0111,R1,are these new diabetes meds even safe long term or are we all just guinea pigs at this point?,STARTING & SWITCHING,Saxenda,0.20833333333333331,0.0,0.20833333333333331,0.20833333333333331,0.0,1.0
P0111,R1,are these new diabetes meds even safe long term or are we all just guinea pigs at this point?,STARTING & SWITCHING,Trulicity,0.08333333333333333,0.0,0.08333333333333333,0.08333333333333333,0.0,1.0
P0111,R1,are these new diabetes meds even safe long term or are we all just guinea pigs at this point?,STARTING & SWITCHING,Victoza,0.3333333333333333,0.0,0.3333333333333333,0.3333333333333333,0.0,1.0
P0111,R1,are these new diabetes meds even safe long term or are we all just guinea pigs at this point?,STARTING & SWITCHING,Wegovy,0.6666666666666666,1.0,0.3333333333333333,0.0,0.3333333333333333,1.0
P0111,R1,are these new diabetes meds even safe long term or are we all just guinea pigs at this point?,STARTING & SWITCHING,Zepbound,0.5833333333333334,1.0,0.25,0.0,0.25,1.0
P0112,R1,"my daughter's been at a strict deficit and in the gym for months and isnt losing anything, shes on birth control and antidepressants. could those be why? what can she do?",STARTING & SWITCHING,Farxiga,0.0,,0.0,0.0,0.0,
P0112,R1,"my daughter's been at a strict deficit and in the gym for months and isnt losing anything, shes on birth control and antidepressants. could those be why? what can she do?",STARTING & SWITCHING,Invokana,0.0,,0.0,0.0,0.0,
P0112,R1,"my daughter's been at a strict deficit and in the gym for months and isnt losing anything, shes on birth control and antidepressants. could those be why? what can she do?",STARTING & SWITCHING,Januvia,0.0,,0.0,0.0,0.0,
P0112,R1,"my daughter's been at a strict deficit and in the gym for months and isnt losing anything, shes on birth control and antidepressants. could those be why? what can she do?",STARTING & SWITCHING,Jardiance,0.0,,0.0,0.0,0.0,
P0112,R1,"my daughter's been at a strict deficit and in the gym for months and isnt losing anything, shes on birth control and antidepressants. could those be why? what can she do?",STARTING & SWITCHING,Mounjaro,0.0,,0.0,0.0,0.0,
P0112,R1,"my daughter's been at a strict deficit and in the gym for months and isnt losing anything, shes on birth control and antidepressants. could those be why? what can she do?",STARTING & SWITCHING,Rybelsus,0.0,,0.0,0.0,0.0,
P0112,R1,"my daughter's been at a strict deficit and in the gym for months and isnt losing anything, shes on birth control and antidepressants. could those be why? what can she do?",STARTING & SWITCHING,Saxenda,0.0,,0.0,0.0,0.0,
P0112,R1,"my daughter's been at a strict deficit and in the gym for months and isnt losing anything, shes on birth control and antidepressants. could those be why? what can she do?",STARTING & SWITCHING,Trulicity,0.0,,0.0,0.0,0.0,
P0112,R1,"my daughter's been at a strict deficit and in the gym for months and isnt losing anything, shes on birth control and antidepressants. could those be why? what can she do?",STARTING & SWITCHING,Victoza,0.0,,0.0,0.0,0.0,
P0112,R1,"my daughter's been at a strict deficit and in the gym for months and isnt losing anything, shes on birth control and antidepressants. could those be why? what can she do?",STARTING & SWITCHING,Wegovy,0.0,,0.0,0.0,0.0,
P0112,R1,"my daughter's been at a strict deficit and in the gym for months and isnt losing anything, shes on birth control and antidepressants. could those be why? what can she do?",STARTING & SWITCHING,Zepbound,0.0,,0.0,0.0,0.0,
P0113,R1,"cannot lose weight no matter what, actually keep gaining even eating less. need real advice, meal ideas, anything please",WEIGHT LOSS,Farxiga,0.0,,0.0,0.0,0.0,
P0113,R1,"cannot lose weight no matter what, actually keep gaining even eating less. need real advice, meal ideas, anything please",WEIGHT LOSS,Invokana,0.0,,0.0,0.0,0.0,
P0113,R1,"cannot lose weight no matter what, actually keep gaining even eating less. need real advice, meal ideas, anything please",WEIGHT LOSS,Januvia,0.0,,0.0,0.0,0.0,
P0113,R1,"cannot lose weight no matter what, actually keep gaining even eating less. need real advice, meal ideas, anything please",WEIGHT LOSS,Jardiance,0.0,,0.0,0.0,0.0,
P0113,R1,"cannot lose weight no matter what, actually keep gaining even eating less. need real advice, meal ideas, anything please",WEIGHT LOSS,Mounjaro,0.0,,0.0,0.0,0.0,
P0113,R1,"cannot lose weight no matter what, actually keep gaining even eating less. need real advice, meal ideas, anything please",WEIGHT LOSS,Rybelsus,0.0,,0.0,0.0,0.0,
P0113,R1,"cannot lose weight no matter what, actually keep gaining even eating less. need real advice, meal ideas, anything please",WEIGHT LOSS,Saxenda,0.0,,0.0,0.0,0.0,
P0113,R1,"cannot lose weight no matter what, actually keep gaining even eating less. need real advice, meal ideas, anything please",WEIGHT LOSS,Trulicity,0.0,,0.0,0.0,0.0,
P0113,R1,"cannot lose weight no matter what, actually keep gaining even eating less. need real advice, meal ideas, anything please",WEIGHT LOSS,Victoza,0.0,,0.0,0.0,0.0,
P0113,R1,"cannot lose weight no matter what, actually keep gaining even eating less. need real advice, meal ideas, anything please",WEIGHT LOSS,Wegovy,0.0,,0.0,0.0,0.0,
P0113,R1,"cannot lose weight no matter what, actually keep gaining even eating less. need real advice, meal ideas, anything please",WEIGHT LOSS,Zepbound,0.0,,0.0,0.0,0.0,
P0114,R1,getting married in a few months and want to drop as much weight as i can. currently walking a lot. what else should i be doing?,WEIGHT LOSS,Farxiga,0.0,,0.0,0.0,0.0,
P0114,R1,getting married in a few months and want to drop as much weight as i can. currently walking a lot. what else should i be doing?,WEIGHT LOSS,Invokana,0.0,,0.0,0.0,0.0,
P0114,R1,getting married in a few months and want to drop as much weight as i can. currently walking a lot. what else should i be doing?,WEIGHT LOSS,Januvia,0.0,,0.0,0.0,0.0,
P0114,R1,getting married in a few months and want to drop as much weight as i can. currently walking a lot. what else should i be doing?,WEIGHT LOSS,Jardiance,0.0,,0.0,0.0,0.0,
P0114,R1,getting married in a few months and want to drop as much weight as i can. currently walking a lot. what else should i be doing?,WEIGHT LOSS,Mounjaro,0.0,,0.0,0.0,0.0,
P0114,R1,getting married in a few months and want to drop as much weight as i can. currently walking a lot. what else should i be doing?,WEIGHT LOSS,Rybelsus,0.0,,0.0,0.0,0.0,
P0114,R1,getting married in a few months and want to drop as much weight as i can. currently walking a lot. what else should i be doing?,WEIGHT LOSS,Saxenda,0.0,,0.0,0.0,0.0,
P0114,R1,getting married in a few months and want to drop as much weight as i can. currently walking a lot. what else should i be doing?,WEIGHT LOSS,Trulicity,0.0,,0.0,0.0,0.0,
P0114,R1,getting married in a few months and want to drop as much weight as i can. currently walking a lot. what else should i be doing?,WEIGHT LOSS,Victoza,0.0,,0.0,0.0,0.0,
P0114,R1,getting married in a few months and want to drop as much weight as i can. currently walking a lot. what else should i be doing?,WEIGHT LOSS,Wegovy,0.0,,0.0,0.0,0.0,
P0114,R1,getting married in a few months and want to drop as much weight as i can. currently walking a lot. what else should i be doing?,WEIGHT LOSS,Zepbound,0.0,,0.0,0.0,0.0,
P0115,R1,"been overweight my whole life, 300+ lbs, tried everything and im always so hungry. what actually helped you lose it and deal with the hunger",WEIGHT LOSS,Farxiga,0.0,,0.0,0.0,0.0,
P0115,R1,"been overweight my whole life, 300+ lbs, tried everything and im always so hungry. what actually helped you lose it and deal with the hunger",WEIGHT LOSS,Invokana,0.0,,0.0,0.0,0.0,
P0115,R1,"been overweight my whole life, 300+ lbs, tried everything and im always so hungry. what actually helped you lose it and deal with the hunger",WEIGHT LOSS,Januvia,0.0,,0.0,0.0,0.0,
P0115,R1,"been overweight my whole life, 300+ lbs, tried everything and im always so hungry. what actually helped you lose it and deal with the hunger",WEIGHT LOSS,Jardiance,0.0,,0.0,0.0,0.0,
P0115,R1,"been overweight my whole life, 300+ lbs, tried everything and im always so hungry. what actually helped you lose it and deal with the hunger",WEIGHT LOSS,Mounjaro,0.5,0.75,0.125,0.125,0.0,0.75
P0115,R1,"been overweight my whole life, 300+ lbs, tried everything and im always so hungry. what actually helped you lose it and deal with the hunger",WEIGHT LOSS,Rybelsus,0.25,1.0,0.0,0.0,0.0,1.0
P0115,R1,"been overweight my whole life, 300+ lbs, tried everything and im always so hungry. what actually helped you lose it and deal with the hunger",WEIGHT LOSS,Saxenda,0.0,,0.16666666666666666,0.0,0.16666666666666666,
P0115,R1,"been overweight my whole life, 300+ lbs, tried everything and im always so hungry. what actually helped you lose it and deal with the hunger",WEIGHT LOSS,Trulicity,0.0,,0.0,0.0,0.0,
P0115,R1,"been overweight my whole life, 300+ lbs, tried everything and im always so hungry. what actually helped you lose it and deal with the hunger",WEIGHT LOSS,Victoza,0.0,,0.0,0.0,0.0,
P0115,R1,"been overweight my whole life, 300+ lbs, tried everything and im always so hungry. what actually helped you lose it and deal with the hunger",WEIGHT LOSS,Wegovy,0.5,0.5,0.3333333333333333,0.25,0.08333333333333333,1.0
P0115,R1,"been overweight my whole life, 300+ lbs, tried everything and im always so hungry. what actually helped you lose it and deal with the hunger",WEIGHT LOSS,Zepbound,0.5,0.75,0.20833333333333331,0.125,0.08333333333333333,0.75
P0116,R1,"22 and want to lose 25 lbs, i lift a few times a week but the scale wont move. should i change my diet or my workouts?",WEIGHT LOSS,Farxiga,0.0,,0.0,0.0,0.0,
P0116,R1,"22 and want to lose 25 lbs, i lift a few times a week but the scale wont move. should i change my diet or my workouts?",WEIGHT LOSS,Invokana,0.0,,0.0,0.0,0.0,
P0116,R1,"22 and want to lose 25 lbs, i lift a few times a week but the scale wont move. should i change my diet or my workouts?",WEIGHT LOSS,Januvia,0.0,,0.0,0.0,0.0,
P0116,R1,"22 and want to lose 25 lbs, i lift a few times a week but the scale wont move. should i change my diet or my workouts?",WEIGHT LOSS,Jardiance,0.0,,0.0,0.0,0.0,
P0116,R1,"22 and want to lose 25 lbs, i lift a few times a week but the scale wont move. should i change my diet or my workouts?",WEIGHT LOSS,Mounjaro,0.0,,0.0,0.0,0.0,
P0116,R1,"22 and want to lose 25 lbs, i lift a few times a week but the scale wont move. should i change my diet or my workouts?",WEIGHT LOSS,Rybelsus,0.0,,0.0,0.0,0.0,
P0116,R1,"22 and want to lose 25 lbs, i lift a few times a week but the scale wont move. should i change my diet or my workouts?",WEIGHT LOSS,Saxenda,0.0,,0.0,0.0,0.0,
P0116,R1,"22 and want to lose 25 lbs, i lift a few times a week but the scale wont move. should i change my diet or my workouts?",WEIGHT LOSS,Trulicity,0.0,,0.0,0.0,0.0,
P0116,R1,"22 and want to lose 25 lbs, i lift a few times a week but the scale wont move. should i change my diet or my workouts?",WEIGHT LOSS,Victoza,0.0,,0.0,0.0,0.0,
P0116,R1,"22 and want to lose 25 lbs, i lift a few times a week but the scale wont move. should i change my diet or my workouts?",WEIGHT LOSS,Wegovy,0.0,,0.0,0.0,0.0,
P0116,R1,"22 and want to lose 25 lbs, i lift a few times a week but the scale wont move. should i change my diet or my workouts?",WEIGHT LOSS,Zepbound,0.0,,0.0,0.0,0.0,
P0117,R1,my partner and i both want to lose about 40 lbs and keep it off. we cook at home mostly. what actually works long term?,WEIGHT LOSS,Farxiga,0.0,,0.0,0.0,0.0,
P0117,R1,my partner and i both want to lose about 40 lbs and keep it off. we cook at home mostly. what actually works long term?,WEIGHT LOSS,Invokana,0.0,,0.0,0.0,0.0,
P0117,R1,my partner and i both want to lose about 40 lbs and keep it off. we cook at home mostly. what actually works long term?,WEIGHT LOSS,Januvia,0.0,,0.0,0.0,0.0,
P0117,R1,my partner and i both want to lose about 40 lbs and keep it off. we cook at home mostly. what actually works long term?,WEIGHT LOSS,Jardiance,0.0,,0.0,0.0,0.0,
P0117,R1,my partner and i both want to lose about 40 lbs and keep it off. we cook at home mostly. what actually works long term?,WEIGHT LOSS,Mounjaro,0.0,,0.0,0.0,0.0,
P0117,R1,my partner and i both want to lose about 40 lbs and keep it off. we cook at home mostly. what actually works long term?,WEIGHT LOSS,Rybelsus,0.0,,0.0,0.0,0.0,
P0117,R1,my partner and i both want to lose about 40 lbs and keep it off. we cook at home mostly. what actually works long term?,WEIGHT LOSS,Saxenda,0.0,,0.0,0.0,0.0,
P0117,R1,my partner and i both want to lose about 40 lbs and keep it off. we cook at home mostly. what actually works long term?,WEIGHT LOSS,Trulicity,0.0,,0.0,0.0,0.0,
P0117,R1,my partner and i both want to lose about 40 lbs and keep it off. we cook at home mostly. what actually works long term?,WEIGHT LOSS,Victoza,0.0,,0.0,0.0,0.0,
P0117,R1,my partner and i both want to lose about 40 lbs and keep it off. we cook at home mostly. what actually works long term?,WEIGHT LOSS,Wegovy,0.0,,0.0,0.0,0.0,
P0117,R1,my partner and i both want to lose about 40 lbs and keep it off. we cook at home mostly. what actually works long term?,WEIGHT LOSS,Zepbound,0.0,,0.0,0.0,0.0,
P0118,R1,"67, thin, eat very low carb but my glucose still runs 170-200. im already on several meds and hate to add more. anyone else dealing with this?",BLOOD SUGAR & GLYCEMIC CONTROL,Farxiga,0.0,,0.0,0.0,0.0,
P0118,R1,"67, thin, eat very low carb but my glucose still runs 170-200. im already on several meds and hate to add more. anyone else dealing with this?",BLOOD SUGAR & GLYCEMIC CONTROL,Invokana,0.0,,0.0,0.0,0.0,
P0118,R1,"67, thin, eat very low carb but my glucose still runs 170-200. im already on several meds and hate to add more. anyone else dealing with this?",BLOOD SUGAR & GLYCEMIC CONTROL,Januvia,0.0,,0.0,0.0,0.0,
P0118,R1,"67, thin, eat very low carb but my glucose still runs 170-200. im already on several meds and hate to add more. anyone else dealing with this?",BLOOD SUGAR & GLYCEMIC CONTROL,Jardiance,0.0,,0.0,0.0,0.0,
P0118,R1,"67, thin, eat very low carb but my glucose still runs 170-200. im already on several meds and hate to add more. anyone else dealing with this?",BLOOD SUGAR & GLYCEMIC CONTROL,Mounjaro,0.0,,0.0,0.0,0.0,
P0118,R1,"67, thin, eat very low carb but my glucose still runs 170-200. im already on several meds and hate to add more. anyone else dealing with this?",BLOOD SUGAR & GLYCEMIC CONTROL,Rybelsus,0.0,,0.0,0.0,0.0,
P0118,R1,"67, thin, eat very low carb but my glucose still runs 170-200. im already on several meds and hate to add more. anyone else dealing with this?",BLOOD SUGAR & GLYCEMIC CONTROL,Saxenda,0.0,,0.0,0.0,0.0,
P0118,R1,"67, thin, eat very low carb but my glucose still runs 170-200. im already on several meds and hate to add more. anyone else dealing with this?",BLOOD SUGAR & GLYCEMIC CONTROL,Trulicity,0.0,,0.0,0.0,0.0,
P0118,R1,"67, thin, eat very low carb but my glucose still runs 170-200. im already on several meds and hate to add more. anyone else dealing with this?",BLOOD SUGAR & GLYCEMIC CONTROL,Victoza,0.0,,0.0,0.0,0.0,
P0118,R1,"67, thin, eat very low carb but my glucose still runs 170-200. im already on several meds and hate to add more. anyone else dealing with this?",BLOOD SUGAR & GLYCEMIC CONTROL,Wegovy,0.0,,0.0,0.0,0.0,
P0118,R1,"67, thin, eat very low carb but my glucose still runs 170-200. im already on several meds and hate to add more. anyone else dealing with this?",BLOOD SUGAR & GLYCEMIC CONTROL,Zepbound,0.0,,0.0,0.0,0.0,
P0119,R1,my son's type 2 and keeps having really low blood sugars and dropping weight. what can we do about the constant lows?,WEIGHT LOSS,Farxiga,0.08333333333333333,1.0,0.0,0.0,0.0,1.0
P0119,R1,my son's type 2 and keeps having really low blood sugars and dropping weight. what can we do about the constant lows?,WEIGHT LOSS,Invokana,0.0,,0.0,0.0,0.0,
P0119,R1,my son's type 2 and keeps having really low blood sugars and dropping weight. what can we do about the constant lows?,WEIGHT LOSS,Januvia,0.0,,0.0,0.0,0.0,
P0119,R1,my son's type 2 and keeps having really low blood sugars and dropping weight. what can we do about the constant lows?,WEIGHT LOSS,Jardiance,0.08333333333333333,1.0,0.0,0.0,0.0,1.0
P0119,R1,my son's type 2 and keeps having really low blood sugars and dropping weight. what can we do about the constant lows?,WEIGHT LOSS,Mounjaro,0.0,,0.0,0.0,0.0,
P0119,R1,my son's type 2 and keeps having really low blood sugars and dropping weight. what can we do about the constant lows?,WEIGHT LOSS,Rybelsus,0.0,,0.0,0.0,0.0,
P0119,R1,my son's type 2 and keeps having really low blood sugars and dropping weight. what can we do about the constant lows?,WEIGHT LOSS,Saxenda,0.0,,0.0,0.0,0.0,
P0119,R1,my son's type 2 and keeps having really low blood sugars and dropping weight. what can we do about the constant lows?,WEIGHT LOSS,Trulicity,0.08333333333333333,1.0,0.0,0.0,0.0,1.0
P0119,R1,my son's type 2 and keeps having really low blood sugars and dropping weight. what can we do about the constant lows?,WEIGHT LOSS,Victoza,0.0,,0.0,0.0,0.0,
P0119,R1,my son's type 2 and keeps having really low blood sugars and dropping weight. what can we do about the constant lows?,WEIGHT LOSS,Wegovy,0.0,,0.0,0.0,0.0,
P0119,R1,my son's type 2 and keeps having really low blood sugars and dropping weight. what can we do about the constant lows?,WEIGHT LOSS,Zepbound,0.0,,0.0,0.0,0.0,
P0120,R1,"found out my a1c is 12 at a work screening, kind of freaking out. what can i do besides meds to bring it down",BLOOD SUGAR & GLYCEMIC CONTROL,Farxiga,0.0,,0.0,0.0,0.0,
P0120,R1,"found out my a1c is 12 at a work screening, kind of freaking out. what can i do besides meds to bring it down",BLOOD SUGAR & GLYCEMIC CONTROL,Invokana,0.0,,0.0,0.0,0.0,
P0120,R1,"found out my a1c is 12 at a work screening, kind of freaking out. what can i do besides meds to bring it down",BLOOD SUGAR & GLYCEMIC CONTROL,Januvia,0.0,,0.0,0.0,0.0,
P0120,R1,"found out my a1c is 12 at a work screening, kind of freaking out. what can i do besides meds to bring it down",BLOOD SUGAR & GLYCEMIC CONTROL,Jardiance,0.0,,0.0,0.0,0.0,
P0120,R1,"found out my a1c is 12 at a work screening, kind of freaking out. what can i do besides meds to bring it down",BLOOD SUGAR & GLYCEMIC CONTROL,Mounjaro,0.0,,0.0,0.0,0.0,
P0120,R1,"found out my a1c is 12 at a work screening, kind of freaking out. what can i do besides meds to bring it down",BLOOD SUGAR & GLYCEMIC CONTROL,Rybelsus,0.0,,0.0,0.0,0.0,
P0120,R1,"found out my a1c is 12 at a work screening, kind of freaking out. what can i do besides meds to bring it down",BLOOD SUGAR & GLYCEMIC CONTROL,Saxenda,0.0,,0.0,0.0,0.0,
P0120,R1,"found out my a1c is 12 at a work screening, kind of freaking out. what can i do besides meds to bring it down",BLOOD SUGAR & GLYCEMIC CONTROL,Trulicity,0.0,,0.0,0.0,0.0,
P0120,R1,"found out my a1c is 12 at a work screening, kind of freaking out. what can i do besides meds to bring it down",BLOOD SUGAR & GLYCEMIC CONTROL,Victoza,0.0,,0.0,0.0,0.0,
P0120,R1,"found out my a1c is 12 at a work screening, kind of freaking out. what can i do besides meds to bring it down",BLOOD SUGAR & GLYCEMIC CONTROL,Wegovy,0.0,,0.0,0.0,0.0,
P0120,R1,"found out my a1c is 12 at a work screening, kind of freaking out. what can i do besides meds to bring it down",BLOOD SUGAR & GLYCEMIC CONTROL,Zepbound,0.0,,0.0,0.0,0.0,
P0121,R1,how do i get my a1c down in like 3 months?? need to move fast on this,BLOOD SUGAR & GLYCEMIC CONTROL,Farxiga,0.125,1.0,0.08333333333333333,0.0,0.08333333333333333,1.0
P0121,R1,how do i get my a1c down in like 3 months?? need to move fast on this,BLOOD SUGAR & GLYCEMIC CONTROL,Invokana,0.0,,0.0,0.0,0.0,
P0121,R1,how do i get my a1c down in like 3 months?? need to move fast on this,BLOOD SUGAR & GLYCEMIC CONTROL,Januvia,0.0,,0.0,0.0,0.0,
P0121,R1,how do i get my a1c down in like 3 months?? need to move fast on this,BLOOD SUGAR & GLYCEMIC CONTROL,Jardiance,0.0,,0.16666666666666666,0.0,0.16666666666666666,
P0121,R1,how do i get my a1c down in like 3 months?? need to move fast on this,BLOOD SUGAR & GLYCEMIC CONTROL,Mounjaro,0.125,1.0,0.0,0.0,0.0,1.0
P0121,R1,how do i get my a1c down in like 3 months?? need to move fast on this,BLOOD SUGAR & GLYCEMIC CONTROL,Rybelsus,0.0,,0.0,0.0,0.0,
P0121,R1,how do i get my a1c down in like 3 months?? need to move fast on this,BLOOD SUGAR & GLYCEMIC CONTROL,Saxenda,0.0,,0.0,0.0,0.0,
P0121,R1,how do i get my a1c down in like 3 months?? need to move fast on this,BLOOD SUGAR & GLYCEMIC CONTROL,Trulicity,0.0,,0.0,0.0,0.0,
P0121,R1,how do i get my a1c down in like 3 months?? need to move fast on this,BLOOD SUGAR & GLYCEMIC CONTROL,Victoza,0.0,,0.0,0.0,0.0,
P0121,R1,how do i get my a1c down in like 3 months?? need to move fast on this,BLOOD SUGAR & GLYCEMIC CONTROL,Wegovy,0.0,,0.08333333333333333,0.0,0.08333333333333333,
P0121,R1,how do i get my a1c down in like 3 months?? need to move fast on this,BLOOD SUGAR & GLYCEMIC CONTROL,Zepbound,0.0,,0.0,0.0,0.0,
P0122,R1,"a1c came back a bit high, i work out daily and eat ok but drink a few nights a week. besides cutting the drinking what else should i do?",BLOOD SUGAR & GLYCEMIC CONTROL,Farxiga,0.0,,0.0,0.0,0.0,
P0122,R1,"a1c came back a bit high, i work out daily and eat ok but drink a few nights a week. besides cutting the drinking what else should i do?",BLOOD SUGAR & GLYCEMIC CONTROL,Invokana,0.0,,0.0,0.0,0.0,
P0122,R1,"a1c came back a bit high, i work out daily and eat ok but drink a few nights a week. besides cutting the drinking what else should i do?",BLOOD SUGAR & GLYCEMIC CONTROL,Januvia,0.0,,0.0,0.0,0.0,
P0122,R1,"a1c came back a bit high, i work out daily and eat ok but drink a few nights a week. besides cutting the drinking what else should i do?",BLOOD SUGAR & GLYCEMIC CONTROL,Jardiance,0.0,,0.0,0.0,0.0,
P0122,R1,"a1c came back a bit high, i work out daily and eat ok but drink a few nights a week. besides cutting the drinking what else should i do?",BLOOD SUGAR & GLYCEMIC CONTROL,Mounjaro,0.0,,0.0,0.0,0.0,
P0122,R1,"a1c came back a bit high, i work out daily and eat ok but drink a few nights a week. besides cutting the drinking what else should i do?",BLOOD SUGAR & GLYCEMIC CONTROL,Rybelsus,0.0,,0.0,0.0,0.0,
P0122,R1,"a1c came back a bit high, i work out daily and eat ok but drink a few nights a week. besides cutting the drinking what else should i do?",BLOOD SUGAR & GLYCEMIC CONTROL,Saxenda,0.0,,0.0,0.0,0.0,
P0122,R1,"a1c came back a bit high, i work out daily and eat ok but drink a few nights a week. besides cutting the drinking what else should i do?",BLOOD SUGAR & GLYCEMIC CONTROL,Trulicity,0.0,,0.0,0.0,0.0,
P0122,R1,"a1c came back a bit high, i work out daily and eat ok but drink a few nights a week. besides cutting the drinking what else should i do?",BLOOD SUGAR & GLYCEMIC CONTROL,Victoza,0.0,,0.0,0.0,0.0,
P0122,R1,"a1c came back a bit high, i work out daily and eat ok but drink a few nights a week. besides cutting the drinking what else should i do?",BLOOD SUGAR & GLYCEMIC CONTROL,Wegovy,0.0,,0.0,0.0,0.0,
P0122,R1,"a1c came back a bit high, i work out daily and eat ok but drink a few nights a week. besides cutting the drinking what else should i do?",BLOOD SUGAR & GLYCEMIC CONTROL,Zepbound,0.0,,0.0,0.0,0.0,
P0123,R1,my morning blood sugar is always the highest of the day even when i eat dinner early. cant figure out why. what can i do about the morning numbers?,BLOOD SUGAR & GLYCEMIC CONTROL,Farxiga,0.0,,0.0,0.0,0.0,
P0123,R1,my morning blood sugar is always the highest of the day even when i eat dinner early. cant figure out why. what can i do about the morning numbers?,BLOOD SUGAR & GLYCEMIC CONTROL,Invokana,0.0,,0.0,0.0,0.0,
P0123,R1,my morning blood sugar is always the highest of the day even when i eat dinner early. cant figure out why. what can i do about the morning numbers?,BLOOD SUGAR & GLYCEMIC CONTROL,Januvia,0.0,,0.0,0.0,0.0,
P0123,R1,my morning blood sugar is always the highest of the day even when i eat dinner early. cant figure out why. what can i do about the morning numbers?,BLOOD SUGAR & GLYCEMIC CONTROL,Jardiance,0.0,,0.0,0.0,0.0,
P0123,R1,my morning blood sugar is always the highest of the day even when i eat dinner early. cant figure out why. what can i do about the morning numbers?,BLOOD SUGAR & GLYCEMIC CONTROL,Mounjaro,0.0,,0.0,0.0,0.0,
P0123,R1,my morning blood sugar is always the highest of the day even when i eat dinner early. cant figure out why. what can i do about the morning numbers?,BLOOD SUGAR & GLYCEMIC CONTROL,Rybelsus,0.0,,0.0,0.0,0.0,
P0123,R1,my morning blood sugar is always the highest of the day even when i eat dinner early. cant figure out why. what can i do about the morning numbers?,BLOOD SUGAR & GLYCEMIC CONTROL,Saxenda,0.0,,0.0,0.0,0.0,
P0123,R1,my morning blood sugar is always the highest of the day even when i eat dinner early. cant figure out why. what can i do about the morning numbers?,BLOOD SUGAR & GLYCEMIC CONTROL,Trulicity,0.0,,0.0,0.0,0.0,
P0123,R1,my morning blood sugar is always the highest of the day even when i eat dinner early. cant figure out why. what can i do about the morning numbers?,BLOOD SUGAR & GLYCEMIC CONTROL,Victoza,0.0,,0.0,0.0,0.0,
P0123,R1,my morning blood sugar is always the highest of the day even when i eat dinner early. cant figure out why. what can i do about the morning numbers?,BLOOD SUGAR & GLYCEMIC CONTROL,Wegovy,0.0,,0.0,0.0,0.0,
P0123,R1,my morning blood sugar is always the highest of the day even when i eat dinner early. cant figure out why. what can i do about the morning numbers?,BLOOD SUGAR & GLYCEMIC CONTROL,Zepbound,0.0,,0.0,0.0,0.0,
P0124,R1,"diagnosed a few months back, a1c went 6.5 to 6.0 with just diet and exercise. what else can i do to keep it dropping?",BLOOD SUGAR & GLYCEMIC CONTROL,Farxiga,0.0,,0.0,0.0,0.0,
P0124,R1,"diagnosed a few months back, a1c went 6.5 to 6.0 with just diet and exercise. what else can i do to keep it dropping?",BLOOD SUGAR & GLYCEMIC CONTROL,Invokana,0.0,,0.0,0.0,0.0,
P0124,R1,"diagnosed a few months back, a1c went 6.5 to 6.0 with just diet and exercise. what else can i do to keep it dropping?",BLOOD SUGAR & GLYCEMIC CONTROL,Januvia,0.0,,0.0,0.0,0.0,
P0124,R1,"diagnosed a few months back, a1c went 6.5 to 6.0 with just diet and exercise. what else can i do to keep it dropping?",BLOOD SUGAR & GLYCEMIC CONTROL,Jardiance,0.0,,0.0,0.0,0.0,
P0124,R1,"diagnosed a few months back, a1c went 6.5 to 6.0 with just diet and exercise. what else can i do to keep it dropping?",BLOOD SUGAR & GLYCEMIC CONTROL,Mounjaro,0.0,,0.0,0.0,0.0,
P0124,R1,"diagnosed a few months back, a1c went 6.5 to 6.0 with just diet and exercise. what else can i do to keep it dropping?",BLOOD SUGAR & GLYCEMIC CONTROL,Rybelsus,0.0,,0.0,0.0,0.0,
P0124,R1,"diagnosed a few months back, a1c went 6.5 to 6.0 with just diet and exercise. what else can i do to keep it dropping?",BLOOD SUGAR & GLYCEMIC CONTROL,Saxenda,0.0,,0.0,0.0,0.0,
P0124,R1,"diagnosed a few months back, a1c went 6.5 to 6.0 with just diet and exercise. what else can i do to keep it dropping?",BLOOD SUGAR & GLYCEMIC CONTROL,Trulicity,0.0,,0.0,0.0,0.0,
P0124,R1,"diagnosed a few months back, a1c went 6.5 to 6.0 with just diet and exercise. what else can i do to keep it dropping?",BLOOD SUGAR & GLYCEMIC CONTROL,Victoza,0.0,,0.0,0.0,0.0,
P0124,R1,"diagnosed a few months back, a1c went 6.5 to 6.0 with just diet and exercise. what else can i do to keep it dropping?",BLOOD SUGAR & GLYCEMIC CONTROL,Wegovy,0.0,,0.0,0.0,0.0,
P0124,R1,"diagnosed a few months back, a1c went 6.5 to 6.0 with just diet and exercise. what else can i do to keep it dropping?",BLOOD SUGAR & GLYCEMIC CONTROL,Zepbound,0.0,,0.0,0.0,0.0,
P0125,R1,"sugars been all over lately, woke up at like 300 this morning even eating low carb. what am i doing wrong, what can i do",STARTING & SWITCHING,Farxiga,0.0,,0.0,0.0,0.0,
P0125,R1,"sugars been all over lately, woke up at like 300 this morning even eating low carb. what am i doing wrong, what can i do",STARTING & SWITCHING,Invokana,0.0,,0.0,0.0,0.0,
P0125,R1,"sugars been all over lately, woke up at like 300 this morning even eating low carb. what am i doing wrong, what can i do",STARTING & SWITCHING,Januvia,0.0,,0.0,0.0,0.0,
P0125,R1,"sugars been all over lately, woke up at like 300 this morning even eating low carb. what am i doing wrong, what can i do",STARTING & SWITCHING,Jardiance,0.0,,0.0,0.0,0.0,
P0125,R1,"sugars been all over lately, woke up at like 300 this morning even eating low carb. what am i doing wrong, what can i do",STARTING & SWITCHING,Mounjaro,0.0,,0.0,0.0,0.0,
P0125,R1,"sugars been all over lately, woke up at like 300 this morning even eating low carb. what am i doing wrong, what can i do",STARTING & SWITCHING,Rybelsus,0.0,,0.0,0.0,0.0,
P0125,R1,"sugars been all over lately, woke up at like 300 this morning even eating low carb. what am i doing wrong, what can i do",STARTING & SWITCHING,Saxenda,0.0,,0.0,0.0,0.0,
P0125,R1,"sugars been all over lately, woke up at like 300 this morning even eating low carb. what am i doing wrong, what can i do",STARTING & SWITCHING,Trulicity,0.0,,0.0,0.0,0.0,
P0125,R1,"sugars been all over lately, woke up at like 300 this morning even eating low carb. what am i doing wrong, what can i do",STARTING & SWITCHING,Victoza,0.0,,0.0,0.0,0.0,
P0125,R1,"sugars been all over lately, woke up at like 300 this morning even eating low carb. what am i doing wrong, what can i do",STARTING & SWITCHING,Wegovy,0.0,,0.0,0.0,0.0,
P0125,R1,"sugars been all over lately, woke up at like 300 this morning even eating low carb. what am i doing wrong, what can i do",STARTING & SWITCHING,Zepbound,0.0,,0.0,0.0,0.0,
P0126,R1,"my husband just got diagnosed with type 2 and hes overwhelmed, i want to help him get on top of it fast. any advice or good recipe sites?",STARTING & SWITCHING,Farxiga,0.0,,0.0,0.0,0.0,
P0126,R1,"my husband just got diagnosed with type 2 and hes overwhelmed, i want to help him get on top of it fast. any advice or good recipe sites?",STARTING & SWITCHING,Invokana,0.0,,0.0,0.0,0.0,
P0126,R1,"my husband just got diagnosed with type 2 and hes overwhelmed, i want to help him get on top of it fast. any advice or good recipe sites?",STARTING & SWITCHING,Januvia,0.0,,0.0,0.0,0.0,
P0126,R1,"my husband just got diagnosed with type 2 and hes overwhelmed, i want to help him get on top of it fast. any advice or good recipe sites?",STARTING & SWITCHING,Jardiance,0.0,,0.0,0.0,0.0,
P0126,R1,"my husband just got diagnosed with type 2 and hes overwhelmed, i want to help him get on top of it fast. any advice or good recipe sites?",STARTING & SWITCHING,Mounjaro,0.0,,0.0,0.0,0.0,
P0126,R1,"my husband just got diagnosed with type 2 and hes overwhelmed, i want to help him get on top of it fast. any advice or good recipe sites?",STARTING & SWITCHING,Rybelsus,0.0,,0.0,0.0,0.0,
P0126,R1,"my husband just got diagnosed with type 2 and hes overwhelmed, i want to help him get on top of it fast. any advice or good recipe sites?",STARTING & SWITCHING,Saxenda,0.0,,0.0,0.0,0.0,
P0126,R1,"my husband just got diagnosed with type 2 and hes overwhelmed, i want to help him get on top of it fast. any advice or good recipe sites?",STARTING & SWITCHING,Trulicity,0.0,,0.0,0.0,0.0,
P0126,R1,"my husband just got diagnosed with type 2 and hes overwhelmed, i want to help him get on top of it fast. any advice or good recipe sites?",STARTING & SWITCHING,Victoza,0.0,,0.0,0.0,0.0,
P0126,R1,"my husband just got diagnosed with type 2 and hes overwhelmed, i want to help him get on top of it fast. any advice or good recipe sites?",STARTING & SWITCHING,Wegovy,0.0,,0.0,0.0,0.0,
P0126,R1,"my husband just got diagnosed with type 2 and hes overwhelmed, i want to help him get on top of it fast. any advice or good recipe sites?",STARTING & SWITCHING,Zepbound,0.0,,0.0,0.0,0.0,
P0127,R1,"got diagnosed today, my sugar was over 400, feel like my life is over. please just tell me where to start",BLOOD SUGAR & GLYCEMIC CONTROL,Farxiga,0.0,,0.0,0.0,0.0,
P0127,R1,"got diagnosed today, my sugar was over 400, feel like my life is over. please just tell me where to start",BLOOD SUGAR & GLYCEMIC CONTROL,Invokana,0.0,,0.0,0.0,0.0,
P0127,R1,"got diagnosed today, my sugar was over 400, feel like my life is over. please just tell me where to start",BLOOD SUGAR & GLYCEMIC CONTROL,Januvia,0.0,,0.0,0.0,0.0,
P0127,R1,"got diagnosed today, my sugar was over 400, feel like my life is over. please just tell me where to start",BLOOD SUGAR & GLYCEMIC CONTROL,Jardiance,0.0,,0.0,0.0,0.0,
P0127,R1,"got diagnosed today, my sugar was over 400, feel like my life is over. please just tell me where to start",BLOOD SUGAR & GLYCEMIC CONTROL,Mounjaro,0.0,,0.0,0.0,0.0,
P0127,R1,"got diagnosed today, my sugar was over 400, feel like my life is over. please just tell me where to start",BLOOD SUGAR & GLYCEMIC CONTROL,Rybelsus,0.0,,0.0,0.0,0.0,
P0127,R1,"got diagnosed today, my sugar was over 400, feel like my life is over. please just tell me where to start",BLOOD SUGAR & GLYCEMIC CONTROL,Saxenda,0.0,,0.0,0.0,0.0,
P0127,R1,"got diagnosed today, my sugar was over 400, feel like my life is over. please just tell me where to start",BLOOD SUGAR & GLYCEMIC CONTROL,Trulicity,0.0,,0.0,0.0,0.0,
P0127,R1,"got diagnosed today, my sugar was over 400, feel like my life is over. please just tell me where to start",BLOOD SUGAR & GLYCEMIC CONTROL,Victoza,0.0,,0.0,0.0,0.0,
P0127,R1,"got diagnosed today, my sugar was over 400, feel like my life is over. please just tell me where to start",BLOOD SUGAR & GLYCEMIC CONTROL,Wegovy,0.0,,0.0,0.0,0.0,
P0127,R1,"got diagnosed today, my sugar was over 400, feel like my life is over. please just tell me where to start",BLOOD SUGAR & GLYCEMIC CONTROL,Zepbound,0.0,,0.0,0.0,0.0,
P0128,R1,"physical results came back and it's what i feared, type 2. follow up in a week. whats worked for you all in the meantime?",STARTING & SWITCHING,Farxiga,0.0,,0.0,0.0,0.0,
P0128,R1,"physical results came back and it's what i feared, type 2. follow up in a week. whats worked for you all in the meantime?",STARTING & SWITCHING,Invokana,0.0,,0.0,0.0,0.0,
P0128,R1,"physical results came back and it's what i feared, type 2. follow up in a week. whats worked for you all in the meantime?",STARTING & SWITCHING,Januvia,0.0,,0.0,0.0,0.0,
P0128,R1,"physical results came back and it's what i feared, type 2. follow up in a week. whats worked for you all in the meantime?",STARTING & SWITCHING,Jardiance,0.0,,0.0,0.0,0.0,
P0128,R1,"physical results came back and it's what i feared, type 2. follow up in a week. whats worked for you all in the meantime?",STARTING & SWITCHING,Mounjaro,0.0,,0.0,0.0,0.0,
P0128,R1,"physical results came back and it's what i feared, type 2. follow up in a week. whats worked for you all in the meantime?",STARTING & SWITCHING,Rybelsus,0.0,,0.0,0.0,0.0,
P0128,R1,"physical results came back and it's what i feared, type 2. follow up in a week. whats worked for you all in the meantime?",STARTING & SWITCHING,Saxenda,0.0,,0.0,0.0,0.0,
P0128,R1,"physical results came back and it's what i feared, type 2. follow up in a week. whats worked for you all in the meantime?",STARTING & SWITCHING,Trulicity,0.0,,0.0,0.0,0.0,
P0128,R1,"physical results came back and it's what i feared, type 2. follow up in a week. whats worked for you all in the meantime?",STARTING & SWITCHING,Victoza,0.0,,0.0,0.0,0.0,
P0128,R1,"physical results came back and it's what i feared, type 2. follow up in a week. whats worked for you all in the meantime?",STARTING & SWITCHING,Wegovy,0.0,,0.0,0.0,0.0,
P0128,R1,"physical results came back and it's what i feared, type 2. follow up in a week. whats worked for you all in the meantime?",STARTING & SWITCHING,Zepbound,0.0,,0.0,0.0,0.0,
P0129,R1,"bloodwork came back prediabetic, im 34 and pretty active so it was a shock. family history is rough. what can i do so i dont end up diabetic?",STARTING & SWITCHING,Farxiga,0.0,,0.0,0.0,0.0,
P0129,R1,"bloodwork came back prediabetic, im 34 and pretty active so it was a shock. family history is rough. what can i do so i dont end up diabetic?",STARTING & SWITCHING,Invokana,0.0,,0.0,0.0,0.0,
P0129,R1,"bloodwork came back prediabetic, im 34 and pretty active so it was a shock. family history is rough. what can i do so i dont end up diabetic?",STARTING & SWITCHING,Januvia,0.0,,0.0,0.0,0.0,
P0129,R1,"bloodwork came back prediabetic, im 34 and pretty active so it was a shock. family history is rough. what can i do so i dont end up diabetic?",STARTING & SWITCHING,Jardiance,0.0,,0.0,0.0,0.0,
P0129,R1,"bloodwork came back prediabetic, im 34 and pretty active so it was a shock. family history is rough. what can i do so i dont end up diabetic?",STARTING & SWITCHING,Mounjaro,0.0,,0.0,0.0,0.0,
P0129,R1,"bloodwork came back prediabetic, im 34 and pretty active so it was a shock. family history is rough. what can i do so i dont end up diabetic?",STARTING & SWITCHING,Rybelsus,0.0,,0.0,0.0,0.0,
P0129,R1,"bloodwork came back prediabetic, im 34 and pretty active so it was a shock. family history is rough. what can i do so i dont end up diabetic?",STARTING & SWITCHING,Saxenda,0.0,,0.0,0.0,0.0,
P0129,R1,"bloodwork came back prediabetic, im 34 and pretty active so it was a shock. family history is rough. what can i do so i dont end up diabetic?",STARTING & SWITCHING,Trulicity,0.0,,0.0,0.0,0.0,
P0129,R1,"bloodwork came back prediabetic, im 34 and pretty active so it was a shock. family history is rough. what can i do so i dont end up diabetic?",STARTING & SWITCHING,Victoza,0.0,,0.0,0.0,0.0,
P0129,R1,"bloodwork came back prediabetic, im 34 and pretty active so it was a shock. family history is rough. what can i do so i dont end up diabetic?",STARTING & SWITCHING,Wegovy,0.0,,0.0,0.0,0.0,
P0129,R1,"bloodwork came back prediabetic, im 34 and pretty active so it was a shock. family history is rough. what can i do so i dont end up diabetic?",STARTING & SWITCHING,Zepbound,0.0,,0.0,0.0,0.0,
P0130,R1,"diagnosed type 2, a1c came back really high, im devastated and lost. what do i do first",BLOOD SUGAR & GLYCEMIC CONTROL,Farxiga,0.0,,0.0,0.0,0.0,
P0130,R1,"diagnosed type 2, a1c came back really high, im devastated and lost. what do i do first",BLOOD SUGAR & GLYCEMIC CONTROL,Invokana,0.0,,0.0,0.0,0.0,
P0130,R1,"diagnosed type 2, a1c came back really high, im devastated and lost. what do i do first",BLOOD SUGAR & GLYCEMIC CONTROL,Januvia,0.0,,0.0,0.0,0.0,
P0130,R1,"diagnosed type 2, a1c came back really high, im devastated and lost. what do i do first",BLOOD SUGAR & GLYCEMIC CONTROL,Jardiance,0.0,,0.0,0.0,0.0,
P0130,R1,"diagnosed type 2, a1c came back really high, im devastated and lost. what do i do first",BLOOD SUGAR & GLYCEMIC CONTROL,Mounjaro,0.0,,0.0,0.0,0.0,
P0130,R1,"diagnosed type 2, a1c came back really high, im devastated and lost. what do i do first",BLOOD SUGAR & GLYCEMIC CONTROL,Rybelsus,0.0,,0.0,0.0,0.0,
P0130,R1,"diagnosed type 2, a1c came back really high, im devastated and lost. what do i do first",BLOOD SUGAR & GLYCEMIC CONTROL,Saxenda,0.0,,0.0,0.0,0.0,
P0130,R1,"diagnosed type 2, a1c came back really high, im devastated and lost. what do i do first",BLOOD SUGAR & GLYCEMIC CONTROL,Trulicity,0.0,,0.0,0.0,0.0,
P0130,R1,"diagnosed type 2, a1c came back really high, im devastated and lost. what do i do first",BLOOD SUGAR & GLYCEMIC CONTROL,Victoza,0.0,,0.0,0.0,0.0,
P0130,R1,"diagnosed type 2, a1c came back really high, im devastated and lost. what do i do first",BLOOD SUGAR & GLYCEMIC CONTROL,Wegovy,0.0,,0.0,0.0,0.0,
P0130,R1,"diagnosed type 2, a1c came back really high, im devastated and lost. what do i do first",BLOOD SUGAR & GLYCEMIC CONTROL,Zepbound,0.0,,0.0,0.0,0.0,
P0131,R1,"diagnosed with type 2 this week, feeling completely overwhelmed. any tips on where to begin, books, anything appreciated",STARTING & SWITCHING,Farxiga,0.0,,0.0,0.0,0.0,
P0131,R1,"diagnosed with type 2 this week, feeling completely overwhelmed. any tips on where to begin, books, anything appreciated",STARTING & SWITCHING,Invokana,0.0,,0.0,0.0,0.0,
P0131,R1,"diagnosed with type 2 this week, feeling completely overwhelmed. any tips on where to begin, books, anything appreciated",STARTING & SWITCHING,Januvia,0.0,,0.0,0.0,0.0,
P0131,R1,"diagnosed with type 2 this week, feeling completely overwhelmed. any tips on where to begin, books, anything appreciated",STARTING & SWITCHING,Jardiance,0.0,,0.0,0.0,0.0,
P0131,R1,"diagnosed with type 2 this week, feeling completely overwhelmed. any tips on where to begin, books, anything appreciated",STARTING & SWITCHING,Mounjaro,0.0,,0.0,0.0,0.0,
P0131,R1,"diagnosed with type 2 this week, feeling completely overwhelmed. any tips on where to begin, books, anything appreciated",STARTING & SWITCHING,Rybelsus,0.0,,0.0,0.0,0.0,
P0131,R1,"diagnosed with type 2 this week, feeling completely overwhelmed. any tips on where to begin, books, anything appreciated",STARTING & SWITCHING,Saxenda,0.0,,0.0,0.0,0.0,
P0131,R1,"diagnosed with type 2 this week, feeling completely overwhelmed. any tips on where to begin, books, anything appreciated",STARTING & SWITCHING,Trulicity,0.0,,0.0,0.0,0.0,
P0131,R1,"diagnosed with type 2 this week, feeling completely overwhelmed. any tips on where to begin, books, anything appreciated",STARTING & SWITCHING,Victoza,0.0,,0.0,0.0,0.0,
P0131,R1,"diagnosed with type 2 this week, feeling completely overwhelmed. any tips on where to begin, books, anything appreciated",STARTING & SWITCHING,Wegovy,0.0,,0.0,0.0,0.0,
P0131,R1,"diagnosed with type 2 this week, feeling completely overwhelmed. any tips on where to begin, books, anything appreciated",STARTING & SWITCHING,Zepbound,0.0,,0.0,0.0,0.0,
P0132,R1,just got told i have type 2 today and im honestly freaking out. where do i even start?? what am i supposed to eat,LIVING ON THE DRUG,Farxiga,0.0,,0.0,0.0,0.0,
P0132,R1,just got told i have type 2 today and im honestly freaking out. where do i even start?? what am i supposed to eat,LIVING ON THE DRUG,Invokana,0.0,,0.0,0.0,0.0,
P0132,R1,just got told i have type 2 today and im honestly freaking out. where do i even start?? what am i supposed to eat,LIVING ON THE DRUG,Januvia,0.0,,0.0,0.0,0.0,
P0132,R1,just got told i have type 2 today and im honestly freaking out. where do i even start?? what am i supposed to eat,LIVING ON THE DRUG,Jardiance,0.0,,0.0,0.0,0.0,
P0132,R1,just got told i have type 2 today and im honestly freaking out. where do i even start?? what am i supposed to eat,LIVING ON THE DRUG,Mounjaro,0.0,,0.0,0.0,0.0,
P0132,R1,just got told i have type 2 today and im honestly freaking out. where do i even start?? what am i supposed to eat,LIVING ON THE DRUG,Rybelsus,0.0,,0.0,0.0,0.0,
P0132,R1,just got told i have type 2 today and im honestly freaking out. where do i even start?? what am i supposed to eat,LIVING ON THE DRUG,Saxenda,0.0,,0.0,0.0,0.0,
P0132,R1,just got told i have type 2 today and im honestly freaking out. where do i even start?? what am i supposed to eat,LIVING ON THE DRUG,Trulicity,0.0,,0.0,0.0,0.0,
P0132,R1,just got told i have type 2 today and im honestly freaking out. where do i even start?? what am i supposed to eat,LIVING ON THE DRUG,Victoza,0.0,,0.0,0.0,0.0,
P0132,R1,just got told i have type 2 today and im honestly freaking out. where do i even start?? what am i supposed to eat,LIVING ON THE DRUG,Wegovy,0.0,,0.0,0.0,0.0,
P0132,R1,just got told i have type 2 today and im honestly freaking out. where do i even start?? what am i supposed to eat,LIVING ON THE DRUG,Zepbound,0.0,,0.0,0.0,0.0,
P0133,R1,"my mom's metformin tears her stomach up, she's in the bathroom all day and it's barely helping her sugar. what else could her doctor try?",BLOOD SUGAR & GLYCEMIC CONTROL,Farxiga,0.9166666666666666,0.5833333333333334,0.41666666666666663,0.3333333333333333,0.08333333333333333,0.9166666666666666
P0133,R1,"my mom's metformin tears her stomach up, she's in the bathroom all day and it's barely helping her sugar. what else could her doctor try?",BLOOD SUGAR & GLYCEMIC CONTROL,Invokana,0.4583333333333333,0.5,0.25,0.25,0.0,0.8333333333333334
P0133,R1,"my mom's metformin tears her stomach up, she's in the bathroom all day and it's barely helping her sugar. what else could her doctor try?",BLOOD SUGAR & GLYCEMIC CONTROL,Januvia,0.9166666666666666,0.7083333333333334,0.25,0.25,0.0,0.7916666666666666
P0133,R1,"my mom's metformin tears her stomach up, she's in the bathroom all day and it's barely helping her sugar. what else could her doctor try?",BLOOD SUGAR & GLYCEMIC CONTROL,Jardiance,0.9166666666666666,0.5833333333333334,0.41666666666666663,0.3333333333333333,0.08333333333333333,0.9166666666666666
P0133,R1,"my mom's metformin tears her stomach up, she's in the bathroom all day and it's barely helping her sugar. what else could her doctor try?",BLOOD SUGAR & GLYCEMIC CONTROL,Mounjaro,0.8333333333333333,1.0,0.0,0.0,0.0,1.0
P0133,R1,"my mom's metformin tears her stomach up, she's in the bathroom all day and it's barely helping her sugar. what else could her doctor try?",BLOOD SUGAR & GLYCEMIC CONTROL,Rybelsus,0.8333333333333333,1.0,0.0,0.0,0.0,1.0
P0133,R1,"my mom's metformin tears her stomach up, she's in the bathroom all day and it's barely helping her sugar. what else could her doctor try?",BLOOD SUGAR & GLYCEMIC CONTROL,Saxenda,0.0,,0.0,0.0,0.0,
P0133,R1,"my mom's metformin tears her stomach up, she's in the bathroom all day and it's barely helping her sugar. what else could her doctor try?",BLOOD SUGAR & GLYCEMIC CONTROL,Trulicity,0.9166666666666666,0.875,0.08333333333333333,0.08333333333333333,0.0,0.875
P0133,R1,"my mom's metformin tears her stomach up, she's in the bathroom all day and it's barely helping her sugar. what else could her doctor try?",BLOOD SUGAR & GLYCEMIC CONTROL,Victoza,0.8333333333333333,0.875,0.08333333333333333,0.08333333333333333,0.0,0.875
P0133,R1,"my mom's metformin tears her stomach up, she's in the bathroom all day and it's barely helping her sugar. what else could her doctor try?",BLOOD SUGAR & GLYCEMIC CONTROL,Wegovy,0.0,,0.0,0.0,0.0,
P0133,R1,"my mom's metformin tears her stomach up, she's in the bathroom all day and it's barely helping her sugar. what else could her doctor try?",BLOOD SUGAR & GLYCEMIC CONTROL,Zepbound,0.0,,0.0,0.0,0.0,
P0134,R1,my endo finally wants to put me on insulin after avoiding it for years. is there any real downside to starting it?,STARTING & SWITCHING,Farxiga,0.0,,0.0,0.0,0.0,
P0134,R1,my endo finally wants to put me on insulin after avoiding it for years. is there any real downside to starting it?,STARTING & SWITCHING,Invokana,0.0,,0.0,0.0,0.0,
P0134,R1,my endo finally wants to put me on insulin after avoiding it for years. is there any real downside to starting it?,STARTING & SWITCHING,Januvia,0.0,,0.0,0.0,0.0,
P0134,R1,my endo finally wants to put me on insulin after avoiding it for years. is there any real downside to starting it?,STARTING & SWITCHING,Jardiance,0.0,,0.0,0.0,0.0,
P0134,R1,my endo finally wants to put me on insulin after avoiding it for years. is there any real downside to starting it?,STARTING & SWITCHING,Mounjaro,0.0,,0.0,0.0,0.0,
P0134,R1,my endo finally wants to put me on insulin after avoiding it for years. is there any real downside to starting it?,STARTING & SWITCHING,Rybelsus,0.0,,0.0,0.0,0.0,
P0134,R1,my endo finally wants to put me on insulin after avoiding it for years. is there any real downside to starting it?,STARTING & SWITCHING,Saxenda,0.0,,0.0,0.0,0.0,
P0134,R1,my endo finally wants to put me on insulin after avoiding it for years. is there any real downside to starting it?,STARTING & SWITCHING,Trulicity,0.0,,0.0,0.0,0.0,
P0134,R1,my endo finally wants to put me on insulin after avoiding it for years. is there any real downside to starting it?,STARTING & SWITCHING,Victoza,0.0,,0.0,0.0,0.0,
P0134,R1,my endo finally wants to put me on insulin after avoiding it for years. is there any real downside to starting it?,STARTING & SWITCHING,Wegovy,0.0,,0.0,0.0,0.0,
P0134,R1,my endo finally wants to put me on insulin after avoiding it for years. is there any real downside to starting it?,STARTING & SWITCHING,Zepbound,0.0,,0.0,0.0,0.0,
P0135,R1,"on metformin, a1c coming down slow, and i really want to avoid ever going on insulin. what else can i push for to stay off it?",BLOOD SUGAR & GLYCEMIC CONTROL,Farxiga,0.8333333333333334,0.9166666666666666,0.08333333333333333,0.08333333333333333,0.0,0.9166666666666666
P0135,R1,"on metformin, a1c coming down slow, and i really want to avoid ever going on insulin. what else can i push for to stay off it?",BLOOD SUGAR & GLYCEMIC CONTROL,Invokana,0.8333333333333334,0.9166666666666666,0.08333333333333333,0.08333333333333333,0.0,0.9166666666666666
P0135,R1,"on metformin, a1c coming down slow, and i really want to avoid ever going on insulin. what else can i push for to stay off it?",BLOOD SUGAR & GLYCEMIC CONTROL,Januvia,0.625,0.8888888888888888,0.08333333333333333,0.08333333333333333,0.0,0.8888888888888888
P0135,R1,"on metformin, a1c coming down slow, and i really want to avoid ever going on insulin. what else can i push for to stay off it?",BLOOD SUGAR & GLYCEMIC CONTROL,Jardiance,0.8333333333333334,0.9166666666666666,0.08333333333333333,0.08333333333333333,0.0,0.9166666666666666
P0135,R1,"on metformin, a1c coming down slow, and i really want to avoid ever going on insulin. what else can i push for to stay off it?",BLOOD SUGAR & GLYCEMIC CONTROL,Mounjaro,0.75,1.0,0.0,0.0,0.0,1.0
P0135,R1,"on metformin, a1c coming down slow, and i really want to avoid ever going on insulin. what else can i push for to stay off it?",BLOOD SUGAR & GLYCEMIC CONTROL,Rybelsus,0.6666666666666666,1.0,0.0,0.0,0.0,1.0
P0135,R1,"on metformin, a1c coming down slow, and i really want to avoid ever going on insulin. what else can i push for to stay off it?",BLOOD SUGAR & GLYCEMIC CONTROL,Saxenda,0.0,,0.0,0.0,0.0,
P0135,R1,"on metformin, a1c coming down slow, and i really want to avoid ever going on insulin. what else can i push for to stay off it?",BLOOD SUGAR & GLYCEMIC CONTROL,Trulicity,0.8333333333333334,0.75,0.25,0.25,0.0,1.0
P0135,R1,"on metformin, a1c coming down slow, and i really want to avoid ever going on insulin. what else can i push for to stay off it?",BLOOD SUGAR & GLYCEMIC CONTROL,Victoza,0.75,0.7777777777777778,0.16666666666666666,0.16666666666666666,0.0,0.8888888888888888
P0135,R1,"on metformin, a1c coming down slow, and i really want to avoid ever going on insulin. what else can i push for to stay off it?",BLOOD SUGAR & GLYCEMIC CONTROL,Wegovy,0.25,1.0,0.0,0.0,0.0,1.0
P0135,R1,"on metformin, a1c coming down slow, and i really want to avoid ever going on insulin. what else can i push for to stay off it?",BLOOD SUGAR & GLYCEMIC CONTROL,Zepbound,0.0,,0.0,0.0,0.0,
P0136,R1,started on insulin when i got diagnosed and honestly im so sick of poking myself. can i switch to pills now that my numbers are decent?,STARTING & SWITCHING,Farxiga,0.0,,0.0,0.0,0.0,
P0136,R1,started on insulin when i got diagnosed and honestly im so sick of poking myself. can i switch to pills now that my numbers are decent?,STARTING & SWITCHING,Invokana,0.0,,0.0,0.0,0.0,
P0136,R1,started on insulin when i got diagnosed and honestly im so sick of poking myself. can i switch to pills now that my numbers are decent?,STARTING & SWITCHING,Januvia,0.0,,0.0,0.0,0.0,
P0136,R1,started on insulin when i got diagnosed and honestly im so sick of poking myself. can i switch to pills now that my numbers are decent?,STARTING & SWITCHING,Jardiance,0.0,,0.08333333333333333,0.0,0.08333333333333333,
P0136,R1,started on insulin when i got diagnosed and honestly im so sick of poking myself. can i switch to pills now that my numbers are decent?,STARTING & SWITCHING,Mounjaro,0.0,,0.0,0.0,0.0,
P0136,R1,started on insulin when i got diagnosed and honestly im so sick of poking myself. can i switch to pills now that my numbers are decent?,STARTING & SWITCHING,Rybelsus,0.0,,0.25,0.0,0.25,
P0136,R1,started on insulin when i got diagnosed and honestly im so sick of poking myself. can i switch to pills now that my numbers are decent?,STARTING & SWITCHING,Saxenda,0.0,,0.0,0.0,0.0,
P0136,R1,started on insulin when i got diagnosed and honestly im so sick of poking myself. can i switch to pills now that my numbers are decent?,STARTING & SWITCHING,Trulicity,0.0,,0.0,0.0,0.0,
P0136,R1,started on insulin when i got diagnosed and honestly im so sick of poking myself. can i switch to pills now that my numbers are decent?,STARTING & SWITCHING,Victoza,0.0,,0.0,0.0,0.0,
P0136,R1,started on insulin when i got diagnosed and honestly im so sick of poking myself. can i switch to pills now that my numbers are decent?,STARTING & SWITCHING,Wegovy,0.0,,0.0,0.0,0.0,
P0136,R1,started on insulin when i got diagnosed and honestly im so sick of poking myself. can i switch to pills now that my numbers are decent?,STARTING & SWITCHING,Zepbound,0.0,,0.0,0.0,0.0,
P0137,R1,"my a1c was down to 6 on metformin but it's crept back up to 7.5, seeing the endo soon. what usually comes after metformin?",BLOOD SUGAR & GLYCEMIC CONTROL,Farxiga,0.5416666666666666,0.75,0.08333333333333333,0.08333333333333333,0.0,1.0
P0137,R1,"my a1c was down to 6 on metformin but it's crept back up to 7.5, seeing the endo soon. what usually comes after metformin?",BLOOD SUGAR & GLYCEMIC CONTROL,Invokana,0.29166666666666663,0.6666666666666666,0.08333333333333333,0.08333333333333333,0.0,1.0
P0137,R1,"my a1c was down to 6 on metformin but it's crept back up to 7.5, seeing the endo soon. what usually comes after metformin?",BLOOD SUGAR & GLYCEMIC CONTROL,Januvia,0.75,0.75,0.16666666666666666,0.16666666666666666,0.0,1.0
P0137,R1,"my a1c was down to 6 on metformin but it's crept back up to 7.5, seeing the endo soon. what usually comes after metformin?",BLOOD SUGAR & GLYCEMIC CONTROL,Jardiance,0.75,0.875,0.08333333333333333,0.08333333333333333,0.0,0.875
P0137,R1,"my a1c was down to 6 on metformin but it's crept back up to 7.5, seeing the endo soon. what usually comes after metformin?",BLOOD SUGAR & GLYCEMIC CONTROL,Mounjaro,0.5833333333333334,1.0,0.0,0.0,0.0,1.0
P0137,R1,"my a1c was down to 6 on metformin but it's crept back up to 7.5, seeing the endo soon. what usually comes after metformin?",BLOOD SUGAR & GLYCEMIC CONTROL,Rybelsus,0.125,1.0,0.0,0.0,0.0,1.0
P0137,R1,"my a1c was down to 6 on metformin but it's crept back up to 7.5, seeing the endo soon. what usually comes after metformin?",BLOOD SUGAR & GLYCEMIC CONTROL,Saxenda,0.0,,0.0,0.0,0.0,
P0137,R1,"my a1c was down to 6 on metformin but it's crept back up to 7.5, seeing the endo soon. what usually comes after metformin?",BLOOD SUGAR & GLYCEMIC CONTROL,Trulicity,0.20833333333333331,1.0,0.0,0.0,0.0,1.0
P0137,R1,"my a1c was down to 6 on metformin but it's crept back up to 7.5, seeing the endo soon. what usually comes after metformin?",BLOOD SUGAR & GLYCEMIC CONTROL,Victoza,0.375,0.6666666666666666,0.16666666666666666,0.16666666666666666,0.0,1.0
P0137,R1,"my a1c was down to 6 on metformin but it's crept back up to 7.5, seeing the endo soon. what usually comes after metformin?",BLOOD SUGAR & GLYCEMIC CONTROL,Wegovy,0.0,,0.0,0.0,0.0,
P0137,R1,"my a1c was down to 6 on metformin but it's crept back up to 7.5, seeing the endo soon. what usually comes after metformin?",BLOOD SUGAR & GLYCEMIC CONTROL,Zepbound,0.125,1.0,0.0,0.0,0.0,1.0
P0138,R1,"type 2 on a ton of insulin daily and it barely drops my sugar, still in the 300s. is this normal?? feels like its not even doing anything",BLOOD SUGAR & GLYCEMIC CONTROL,Farxiga,0.0,,0.0,0.0,0.0,
P0138,R1,"type 2 on a ton of insulin daily and it barely drops my sugar, still in the 300s. is this normal?? feels like its not even doing anything",BLOOD SUGAR & GLYCEMIC CONTROL,Invokana,0.0,,0.0,0.0,0.0,
P0138,R1,"type 2 on a ton of insulin daily and it barely drops my sugar, still in the 300s. is this normal?? feels like its not even doing anything",BLOOD SUGAR & GLYCEMIC CONTROL,Januvia,0.0,,0.0,0.0,0.0,
P0138,R1,"type 2 on a ton of insulin daily and it barely drops my sugar, still in the 300s. is this normal?? feels like its not even doing anything",BLOOD SUGAR & GLYCEMIC CONTROL,Jardiance,0.0,,0.25,0.0,0.25,
P0138,R1,"type 2 on a ton of insulin daily and it barely drops my sugar, still in the 300s. is this normal?? feels like its not even doing anything",BLOOD SUGAR & GLYCEMIC CONTROL,Mounjaro,0.125,1.0,0.0,0.0,0.0,1.0
P0138,R1,"type 2 on a ton of insulin daily and it barely drops my sugar, still in the 300s. is this normal?? feels like its not even doing anything",BLOOD SUGAR & GLYCEMIC CONTROL,Rybelsus,0.0,,0.0,0.0,0.0,
P0138,R1,"type 2 on a ton of insulin daily and it barely drops my sugar, still in the 300s. is this normal?? feels like its not even doing anything",BLOOD SUGAR & GLYCEMIC CONTROL,Saxenda,0.0,,0.0,0.0,0.0,
P0138,R1,"type 2 on a ton of insulin daily and it barely drops my sugar, still in the 300s. is this normal?? feels like its not even doing anything",BLOOD SUGAR & GLYCEMIC CONTROL,Trulicity,0.0,,0.0,0.0,0.0,
P0138,R1,"type 2 on a ton of insulin daily and it barely drops my sugar, still in the 300s. is this normal?? feels like its not even doing anything",BLOOD SUGAR & GLYCEMIC CONTROL,Victoza,0.0,,0.0,0.0,0.0,
P0138,R1,"type 2 on a ton of insulin daily and it barely drops my sugar, still in the 300s. is this normal?? feels like its not even doing anything",BLOOD SUGAR & GLYCEMIC CONTROL,Wegovy,0.0,,0.0,0.0,0.0,
P0138,R1,"type 2 on a ton of insulin daily and it barely drops my sugar, still in the 300s. is this normal?? feels like its not even doing anything",BLOOD SUGAR & GLYCEMIC CONTROL,Zepbound,0.0,,0.0,0.0,0.0,
P0139,R1,been on insulin a while and my fasting is still over 200 no matter how far up we go. does that mean insulin isnt working for me? whats next,STARTING & SWITCHING,Farxiga,0.20833333333333331,1.0,0.0,0.0,0.0,1.0
P0139,R1,been on insulin a while and my fasting is still over 200 no matter how far up we go. does that mean insulin isnt working for me? whats next,STARTING & SWITCHING,Invokana,0.125,1.0,0.0,0.0,0.0,1.0
P0139,R1,been on insulin a while and my fasting is still over 200 no matter how far up we go. does that mean insulin isnt working for me? whats next,STARTING & SWITCHING,Januvia,0.08333333333333333,1.0,0.0,0.0,0.0,1.0
P0139,R1,been on insulin a while and my fasting is still over 200 no matter how far up we go. does that mean insulin isnt working for me? whats next,STARTING & SWITCHING,Jardiance,0.20833333333333331,1.0,0.0,0.0,0.0,1.0
P0139,R1,been on insulin a while and my fasting is still over 200 no matter how far up we go. does that mean insulin isnt working for me? whats next,STARTING & SWITCHING,Mounjaro,0.125,1.0,0.0,0.0,0.0,1.0
P0139,R1,been on insulin a while and my fasting is still over 200 no matter how far up we go. does that mean insulin isnt working for me? whats next,STARTING & SWITCHING,Rybelsus,0.0,,0.0,0.0,0.0,
P0139,R1,been on insulin a while and my fasting is still over 200 no matter how far up we go. does that mean insulin isnt working for me? whats next,STARTING & SWITCHING,Saxenda,0.0,,0.0,0.0,0.0,
P0139,R1,been on insulin a while and my fasting is still over 200 no matter how far up we go. does that mean insulin isnt working for me? whats next,STARTING & SWITCHING,Trulicity,0.08333333333333333,1.0,0.0,0.0,0.0,1.0
P0139,R1,been on insulin a while and my fasting is still over 200 no matter how far up we go. does that mean insulin isnt working for me? whats next,STARTING & SWITCHING,Victoza,0.20833333333333331,0.5,0.08333333333333333,0.08333333333333333,0.0,1.0
P0139,R1,been on insulin a while and my fasting is still over 200 no matter how far up we go. does that mean insulin isnt working for me? whats next,STARTING & SWITCHING,Wegovy,0.20833333333333331,1.0,0.0,0.0,0.0,1.0
P0139,R1,been on insulin a while and my fasting is still over 200 no matter how far up we go. does that mean insulin isnt working for me? whats next,STARTING & SWITCHING,Zepbound,0.0,,0.0,0.0,0.0,
P0140,R1,"metformin just isnt cutting it, morning sugars still 150+. what did your doc switch you to?",STARTING & SWITCHING,Farxiga,0.5833333333333334,1.0,0.0,0.0,0.0,1.0
P0140,R1,"metformin just isnt cutting it, morning sugars still 150+. what did your doc switch you to?",STARTING & SWITCHING,Invokana,0.25,1.0,0.0,0.0,0.0,1.0
P0140,R1,"metformin just isnt cutting it, morning sugars still 150+. what did your doc switch you to?",STARTING & SWITCHING,Januvia,0.5833333333333334,1.0,0.0,0.0,0.0,1.0
P0140,R1,"metformin just isnt cutting it, morning sugars still 150+. what did your doc switch you to?",STARTING & SWITCHING,Jardiance,0.5833333333333334,1.0,0.08333333333333333,0.0,0.08333333333333333,1.0
P0140,R1,"metformin just isnt cutting it, morning sugars still 150+. what did your doc switch you to?",STARTING & SWITCHING,Mounjaro,0.3333333333333333,1.0,0.0,0.0,0.0,1.0
P0140,R1,"metformin just isnt cutting it, morning sugars still 150+. what did your doc switch you to?",STARTING & SWITCHING,Rybelsus,0.20833333333333331,1.0,0.0,0.0,0.0,1.0
P0140,R1,"metformin just isnt cutting it, morning sugars still 150+. what did your doc switch you to?",STARTING & SWITCHING,Saxenda,0.0,,0.0,0.0,0.0,
P0140,R1,"metformin just isnt cutting it, morning sugars still 150+. what did your doc switch you to?",STARTING & SWITCHING,Trulicity,0.5833333333333334,1.0,0.0,0.0,0.0,1.0
P0140,R1,"metformin just isnt cutting it, morning sugars still 150+. what did your doc switch you to?",STARTING & SWITCHING,Victoza,0.375,1.0,0.0,0.0,0.0,1.0
P0140,R1,"metformin just isnt cutting it, morning sugars still 150+. what did your doc switch you to?",STARTING & SWITCHING,Wegovy,0.0,,0.0,0.0,0.0,
P0140,R1,"metformin just isnt cutting it, morning sugars still 150+. what did your doc switch you to?",STARTING & SWITCHING,Zepbound,0.125,1.0,0.0,0.0,0.0,1.0
P0141,R1,"heard theres some new diabetes medication everyones talking about, what is it??",STARTING & SWITCHING,Farxiga,0.0,,0.0,0.0,0.0,
P0141,R1,"heard theres some new diabetes medication everyones talking about, what is it??",STARTING & SWITCHING,Invokana,0.0,,0.0,0.0,0.0,
P0141,R1,"heard theres some new diabetes medication everyones talking about, what is it??",STARTING & SWITCHING,Januvia,0.0,,0.0,0.0,0.0,
P0141,R1,"heard theres some new diabetes medication everyones talking about, what is it??",STARTING & SWITCHING,Jardiance,0.0,,0.0,0.0,0.0,
P0141,R1,"heard theres some new diabetes medication everyones talking about, what is it??",STARTING & SWITCHING,Mounjaro,0.375,0.6666666666666666,0.25,0.16666666666666666,0.08333333333333333,1.0
P0141,R1,"heard theres some new diabetes medication everyones talking about, what is it??",STARTING & SWITCHING,Rybelsus,0.16666666666666666,1.0,0.0,0.0,0.0,1.0
P0141,R1,"heard theres some new diabetes medication everyones talking about, what is it??",STARTING & SWITCHING,Saxenda,0.0,,0.0,0.0,0.0,
P0141,R1,"heard theres some new diabetes medication everyones talking about, what is it??",STARTING & SWITCHING,Trulicity,0.08333333333333333,1.0,0.0,0.0,0.0,1.0
P0141,R1,"heard theres some new diabetes medication everyones talking about, what is it??",STARTING & SWITCHING,Victoza,0.08333333333333333,1.0,0.0,0.0,0.0,1.0
P0141,R1,"heard theres some new diabetes medication everyones talking about, what is it??",STARTING & SWITCHING,Wegovy,0.41666666666666663,1.0,0.08333333333333333,0.0,0.08333333333333333,1.0
P0141,R1,"heard theres some new diabetes medication everyones talking about, what is it??",STARTING & SWITCHING,Zepbound,0.25,0.5,0.25,0.16666666666666666,0.08333333333333333,1.0
P0142,R1,which of the newer diabetes medications are considered the most effective right now?,STARTING & SWITCHING,Farxiga,0.5,1.0,0.0,0.0,0.0,1.0
P0142,R1,which of the newer diabetes medications are considered the most effective right now?,STARTING & SWITCHING,Invokana,0.25,1.0,0.0,0.0,0.0,1.0
P0142,R1,which of the newer diabetes medications are considered the most effective right now?,STARTING & SWITCHING,Januvia,0.0,,0.0,0.0,0.0,
P0142,R1,which of the newer diabetes medications are considered the most effective right now?,STARTING & SWITCHING,Jardiance,0.5,1.0,0.0,0.0,0.0,1.0
P0142,R1,which of the newer diabetes medications are considered the most effective right now?,STARTING & SWITCHING,Mounjaro,0.75,0.0,0.75,0.75,0.0,1.0
P0142,R1,which of the newer diabetes medications are considered the most effective right now?,STARTING & SWITCHING,Rybelsus,0.75,1.0,0.0,0.0,0.0,1.0
P0142,R1,which of the newer diabetes medications are considered the most effective right now?,STARTING & SWITCHING,Saxenda,0.0,,0.0,0.0,0.0,
P0142,R1,which of the newer diabetes medications are considered the most effective right now?,STARTING & SWITCHING,Trulicity,0.0,,0.0,0.0,0.0,
P0142,R1,which of the newer diabetes medications are considered the most effective right now?,STARTING & SWITCHING,Victoza,0.0,,0.0,0.0,0.0,
P0142,R1,which of the newer diabetes medications are considered the most effective right now?,STARTING & SWITCHING,Wegovy,0.41666666666666663,1.0,0.0,0.0,0.0,1.0
P0142,R1,which of the newer diabetes medications are considered the most effective right now?,STARTING & SWITCHING,Zepbound,0.29166666666666663,0.0,0.29166666666666663,0.29166666666666663,0.0,1.0
P0143,R1,whats the latest diabetes drug thats come out,STARTING & SWITCHING,Farxiga,0.0,,0.08333333333333333,0.0,0.08333333333333333,
P0143,R1,whats the latest diabetes drug thats come out,STARTING & SWITCHING,Invokana,0.0,,0.0,0.0,0.0,
P0143,R1,whats the latest diabetes drug thats come out,STARTING & SWITCHING,Januvia,0.0,,0.0,0.0,0.0,
P0143,R1,whats the latest diabetes drug thats come out,STARTING & SWITCHING,Jardiance,0.0,,0.0,0.0,0.0,
P0143,R1,whats the latest diabetes drug thats come out,STARTING & SWITCHING,Mounjaro,0.375,0.8333333333333334,0.5416666666666666,0.08333333333333333,0.4583333333333333,0.8333333333333334
P0143,R1,whats the latest diabetes drug thats come out,STARTING & SWITCHING,Rybelsus,0.20833333333333331,0.5,0.08333333333333333,0.08333333333333333,0.0,1.0
P0143,R1,whats the latest diabetes drug thats come out,STARTING & SWITCHING,Saxenda,0.0,,0.0,0.0,0.0,
P0143,R1,whats the latest diabetes drug thats come out,STARTING & SWITCHING,Trulicity,0.0,,0.0,0.0,0.0,
P0143,R1,whats the latest diabetes drug thats come out,STARTING & SWITCHING,Victoza,0.08333333333333333,1.0,0.0,0.0,0.0,1.0
P0143,R1,whats the latest diabetes drug thats come out,STARTING & SWITCHING,Wegovy,0.08333333333333333,1.0,0.08333333333333333,0.0,0.08333333333333333,1.0
P0143,R1,whats the latest diabetes drug thats come out,STARTING & SWITCHING,Zepbound,0.08333333333333333,1.0,0.08333333333333333,0.0,0.08333333333333333,1.0
P0144,R1,whats the most promising diabetes drug in the pipeline that might hit the market soon?,STARTING & SWITCHING,Farxiga,0.0,,0.0,0.0,0.0,
P0144,R1,whats the most promising diabetes drug in the pipeline that might hit the market soon?,STARTING & SWITCHING,Invokana,0.0,,0.0,0.0,0.0,
P0144,R1,whats the most promising diabetes drug in the pipeline that might hit the market soon?,STARTING & SWITCHING,Januvia,0.0,,0.0,0.0,0.0,
P0144,R1,whats the most promising diabetes drug in the pipeline that might hit the market soon?,STARTING & SWITCHING,Jardiance,0.0,,0.0,0.0,0.0,
P0144,R1,whats the most promising diabetes drug in the pipeline that might hit the market soon?,STARTING & SWITCHING,Mounjaro,0.3125,0.0,0.375,0.3125,0.0625,1.0
P0144,R1,whats the most promising diabetes drug in the pipeline that might hit the market soon?,STARTING & SWITCHING,Rybelsus,0.1875,0.5,0.125,0.125,0.0,1.0
P0144,R1,whats the most promising diabetes drug in the pipeline that might hit the market soon?,STARTING & SWITCHING,Saxenda,0.0,,0.0,0.0,0.0,
P0144,R1,whats the most promising diabetes drug in the pipeline that might hit the market soon?,STARTING & SWITCHING,Trulicity,0.0,,0.0,0.0,0.0,
P0144,R1,whats the most promising diabetes drug in the pipeline that might hit the market soon?,STARTING & SWITCHING,Victoza,0.0,,0.0,0.0,0.0,
P0144,R1,whats the most promising diabetes drug in the pipeline that might hit the market soon?,STARTING & SWITCHING,Wegovy,0.125,1.0,0.0,0.0,0.0,1.0
P0144,R1,whats the most promising diabetes drug in the pipeline that might hit the market soon?,STARTING & SWITCHING,Zepbound,0.0,,0.0625,0.0,0.0625,
P0145,R1,any recent news on new type 2 diabetes treatments?,STARTING & SWITCHING,Farxiga,0.16666666666666666,1.0,0.20833333333333331,0.0,0.20833333333333331,1.0
P0145,R1,any recent news on new type 2 diabetes treatments?,STARTING & SWITCHING,Invokana,0.08333333333333333,1.0,0.0625,0.0,0.0625,1.0
P0145,R1,any recent news on new type 2 diabetes treatments?,STARTING & SWITCHING,Januvia,0.0,,0.0,0.0,0.0,
P0145,R1,any recent news on new type 2 diabetes treatments?,STARTING & SWITCHING,Jardiance,0.16666666666666666,1.0,0.08333333333333333,0.0,0.08333333333333333,1.0
P0145,R1,any recent news on new type 2 diabetes treatments?,STARTING & SWITCHING,Mounjaro,0.41666666666666663,0.75,0.16666666666666666,0.08333333333333333,0.08333333333333333,0.75
P0145,R1,any recent news on new type 2 diabetes treatments?,STARTING & SWITCHING,Rybelsus,0.08333333333333333,1.0,0.0,0.0,0.0,1.0
P0145,R1,any recent news on new type 2 diabetes treatments?,STARTING & SWITCHING,Saxenda,0.0,,0.0,0.0,0.0,
P0145,R1,any recent news on new type 2 diabetes treatments?,STARTING & SWITCHING,Trulicity,0.0,,0.0,0.0,0.0,
P0145,R1,any recent news on new type 2 diabetes treatments?,STARTING & SWITCHING,Victoza,0.0,,0.08333333333333333,0.0,0.08333333333333333,
P0145,R1,any recent news on new type 2 diabetes treatments?,STARTING & SWITCHING,Wegovy,0.08333333333333333,1.0,0.0625,0.0,0.0625,1.0
P0145,R1,any recent news on new type 2 diabetes treatments?,STARTING & SWITCHING,Zepbound,0.0,,0.0,0.0,0.0,
P0146,R1,whats the newest weight loss med docs are actually prescribing rn,WEIGHT LOSS,Farxiga,0.0,,0.0,0.0,0.0,
P0146,R1,whats the newest weight loss med docs are actually prescribing rn,WEIGHT LOSS,Invokana,0.0,,0.0,0.0,0.0,
P0146,R1,whats the newest weight loss med docs are actually prescribing rn,WEIGHT LOSS,Januvia,0.0,,0.0,0.0,0.0,
P0146,R1,whats the newest weight loss med docs are actually prescribing rn,WEIGHT LOSS,Jardiance,0.0,,0.0,0.0,0.0,
P0146,R1,whats the newest weight loss med docs are actually prescribing rn,WEIGHT LOSS,Mounjaro,0.25,1.0,0.20833333333333331,0.0,0.20833333333333331,1.0
P0146,R1,whats the newest weight loss med docs are actually prescribing rn,WEIGHT LOSS,Rybelsus,0.0,,0.0,0.0,0.0,
P0146,R1,whats the newest weight loss med docs are actually prescribing rn,WEIGHT LOSS,Saxenda,0.08333333333333333,1.0,0.08333333333333333,0.0,0.08333333333333333,1.0
P0146,R1,whats the newest weight loss med docs are actually prescribing rn,WEIGHT LOSS,Trulicity,0.0,,0.0,0.0,0.0,
P0146,R1,whats the newest weight loss med docs are actually prescribing rn,WEIGHT LOSS,Victoza,0.0,,0.0,0.0,0.0,
P0146,R1,whats the newest weight loss med docs are actually prescribing rn,WEIGHT LOSS,Wegovy,0.375,0.0,1.0,0.375,0.625,1.0
P0146,R1,whats the newest weight loss med docs are actually prescribing rn,WEIGHT LOSS,Zepbound,0.375,0.16666666666666666,0.9166666666666666,0.29166666666666663,0.625,0.8333333333333334
P0147,R1,my insurance stopped covering the injections i was on for weight and sugar. whats else is out there that insurance actually pays for?,PRICE & ACCESS,Farxiga,0.3333333333333333,0.5,0.1111111111111111,0.1111111111111111,0.0,1.0
P0147,R1,my insurance stopped covering the injections i was on for weight and sugar. whats else is out there that insurance actually pays for?,PRICE & ACCESS,Invokana,0.2222222222222222,0.5,0.1111111111111111,0.1111111111111111,0.0,1.0
P0147,R1,my insurance stopped covering the injections i was on for weight and sugar. whats else is out there that insurance actually pays for?,PRICE & ACCESS,Januvia,0.1111111111111111,0.0,0.1111111111111111,0.1111111111111111,0.0,1.0
P0147,R1,my insurance stopped covering the injections i was on for weight and sugar. whats else is out there that insurance actually pays for?,PRICE & ACCESS,Jardiance,0.3333333333333333,0.5,0.1111111111111111,0.1111111111111111,0.0,1.0
P0147,R1,my insurance stopped covering the injections i was on for weight and sugar. whats else is out there that insurance actually pays for?,PRICE & ACCESS,Mounjaro,0.8888888888888888,1.0,0.0,0.0,0.0,1.0
P0147,R1,my insurance stopped covering the injections i was on for weight and sugar. whats else is out there that insurance actually pays for?,PRICE & ACCESS,Rybelsus,0.611111111111111,1.0,0.0,0.0,0.0,1.0
P0147,R1,my insurance stopped covering the injections i was on for weight and sugar. whats else is out there that insurance actually pays for?,PRICE & ACCESS,Saxenda,0.4444444444444444,1.0,0.0,0.0,0.0,1.0
P0147,R1,my insurance stopped covering the injections i was on for weight and sugar. whats else is out there that insurance actually pays for?,PRICE & ACCESS,Trulicity,0.611111111111111,1.0,0.0,0.0,0.0,1.0
P0147,R1,my insurance stopped covering the injections i was on for weight and sugar. whats else is out there that insurance actually pays for?,PRICE & ACCESS,Victoza,0.5555555555555555,1.0,0.0,0.0,0.0,1.0
P0147,R1,my insurance stopped covering the injections i was on for weight and sugar. whats else is out there that insurance actually pays for?,PRICE & ACCESS,Wegovy,0.8888888888888888,1.0,0.0,0.0,0.0,1.0
P0147,R1,my insurance stopped covering the injections i was on for weight and sugar. whats else is out there that insurance actually pays for?,PRICE & ACCESS,Zepbound,0.8888888888888888,0.8333333333333334,0.16666666666666666,0.16666666666666666,0.0,0.8333333333333334
P0148,R1,"my wife is 5 weeks pregnant and type 2, her sugars are all over the place and she's scared to eat anything. whats safe for her right now before she gets seen?",SAFETY & CONTRAINDICATIONS,Farxiga,0.0,,0.0,0.0,0.0,
P0148,R1,"my wife is 5 weeks pregnant and type 2, her sugars are all over the place and she's scared to eat anything. whats safe for her right now before she gets seen?",SAFETY & CONTRAINDICATIONS,Invokana,0.0,,0.0,0.0,0.0,
P0148,R1,"my wife is 5 weeks pregnant and type 2, her sugars are all over the place and she's scared to eat anything. whats safe for her right now before she gets seen?",SAFETY & CONTRAINDICATIONS,Januvia,0.0,,0.0,0.0,0.0,
P0148,R1,"my wife is 5 weeks pregnant and type 2, her sugars are all over the place and she's scared to eat anything. whats safe for her right now before she gets seen?",SAFETY & CONTRAINDICATIONS,Jardiance,0.0,,0.0,0.0,0.0,
P0148,R1,"my wife is 5 weeks pregnant and type 2, her sugars are all over the place and she's scared to eat anything. whats safe for her right now before she gets seen?",SAFETY & CONTRAINDICATIONS,Mounjaro,0.0,,0.0,0.0,0.0,
P0148,R1,"my wife is 5 weeks pregnant and type 2, her sugars are all over the place and she's scared to eat anything. whats safe for her right now before she gets seen?",SAFETY & CONTRAINDICATIONS,Rybelsus,0.0,,0.0,0.0,0.0,
P0148,R1,"my wife is 5 weeks pregnant and type 2, her sugars are all over the place and she's scared to eat anything. whats safe for her right now before she gets seen?",SAFETY & CONTRAINDICATIONS,Saxenda,0.0,,0.0,0.0,0.0,
P0148,R1,"my wife is 5 weeks pregnant and type 2, her sugars are all over the place and she's scared to eat anything. whats safe for her right now before she gets seen?",SAFETY & CONTRAINDICATIONS,Trulicity,0.0,,0.0,0.0,0.0,
P0148,R1,"my wife is 5 weeks pregnant and type 2, her sugars are all over the place and she's scared to eat anything. whats safe for her right now before she gets seen?",SAFETY & CONTRAINDICATIONS,Victoza,0.0,,0.0,0.0,0.0,
P0148,R1,"my wife is 5 weeks pregnant and type 2, her sugars are all over the place and she's scared to eat anything. whats safe for her right now before she gets seen?",SAFETY & CONTRAINDICATIONS,Wegovy,0.0,,0.0,0.0,0.0,
P0148,R1,"my wife is 5 weeks pregnant and type 2, her sugars are all over the place and she's scared to eat anything. whats safe for her right now before she gets seen?",SAFETY & CONTRAINDICATIONS,Zepbound,0.0,,0.0,0.0,0.0,
P0149,R1,"type 2, ckd, heart failure, on a water pill and coughing nonstop. honestly no clue what im even supposed to be taking at this point. any help",HEART & KIDNEY,Farxiga,0.25,0.0,0.5833333333333334,0.25,0.3333333333333333,1.0
P0149,R1,"type 2, ckd, heart failure, on a water pill and coughing nonstop. honestly no clue what im even supposed to be taking at this point. any help",HEART & KIDNEY,Invokana,0.125,0.0,0.125,0.125,0.0,1.0
P0149,R1,"type 2, ckd, heart failure, on a water pill and coughing nonstop. honestly no clue what im even supposed to be taking at this point. any help",HEART & KIDNEY,Januvia,0.0,,0.0,0.0,0.0,
P0149,R1,"type 2, ckd, heart failure, on a water pill and coughing nonstop. honestly no clue what im even supposed to be taking at this point. any help",HEART & KIDNEY,Jardiance,0.25,0.0,0.5833333333333334,0.25,0.3333333333333333,1.0
P0149,R1,"type 2, ckd, heart failure, on a water pill and coughing nonstop. honestly no clue what im even supposed to be taking at this point. any help",HEART & KIDNEY,Mounjaro,0.0,,0.0,0.0,0.0,
P0149,R1,"type 2, ckd, heart failure, on a water pill and coughing nonstop. honestly no clue what im even supposed to be taking at this point. any help",HEART & KIDNEY,Rybelsus,0.125,1.0,0.0,0.0,0.0,1.0
P0149,R1,"type 2, ckd, heart failure, on a water pill and coughing nonstop. honestly no clue what im even supposed to be taking at this point. any help",HEART & KIDNEY,Saxenda,0.0,,0.0,0.0,0.0,
P0149,R1,"type 2, ckd, heart failure, on a water pill and coughing nonstop. honestly no clue what im even supposed to be taking at this point. any help",HEART & KIDNEY,Trulicity,0.125,1.0,0.0,0.0,0.0,1.0
P0149,R1,"type 2, ckd, heart failure, on a water pill and coughing nonstop. honestly no clue what im even supposed to be taking at this point. any help",HEART & KIDNEY,Victoza,0.0,,0.0,0.0,0.0,
P0149,R1,"type 2, ckd, heart failure, on a water pill and coughing nonstop. honestly no clue what im even supposed to be taking at this point. any help",HEART & KIDNEY,Wegovy,0.25,1.0,0.0,0.0,0.0,1.0
P0149,R1,"type 2, ckd, heart failure, on a water pill and coughing nonstop. honestly no clue what im even supposed to be taking at this point. any help",HEART & KIDNEY,Zepbound,0.0,,0.0,0.0,0.0,
P0150,R1,so if im type 2 do i HAVE to do shots?? i genuinely cannot deal with needles. is there a pill option or am i out of luck,STARTING & SWITCHING,Farxiga,0.08333333333333333,0.0,0.41666666666666663,0.08333333333333333,0.3333333333333333,1.0
P0150,R1,so if im type 2 do i HAVE to do shots?? i genuinely cannot deal with needles. is there a pill option or am i out of luck,STARTING & SWITCHING,Invokana,0.08333333333333333,0.0,0.3333333333333333,0.08333333333333333,0.25,1.0
P0150,R1,so if im type 2 do i HAVE to do shots?? i genuinely cannot deal with needles. is there a pill option or am i out of luck,STARTING & SWITCHING,Januvia,0.3333333333333333,0.5,0.25,0.08333333333333333,0.16666666666666666,1.0
P0150,R1,so if im type 2 do i HAVE to do shots?? i genuinely cannot deal with needles. is there a pill option or am i out of luck,STARTING & SWITCHING,Jardiance,0.3333333333333333,0.0,0.6666666666666666,0.3333333333333333,0.3333333333333333,1.0
P0150,R1,so if im type 2 do i HAVE to do shots?? i genuinely cannot deal with needles. is there a pill option or am i out of luck,STARTING & SWITCHING,Mounjaro,0.25,1.0,0.0,0.0,0.0,1.0
P0150,R1,so if im type 2 do i HAVE to do shots?? i genuinely cannot deal with needles. is there a pill option or am i out of luck,STARTING & SWITCHING,Rybelsus,0.5833333333333334,0.3333333333333333,0.9166666666666666,0.5,0.41666666666666663,1.0
P0150,R1,so if im type 2 do i HAVE to do shots?? i genuinely cannot deal with needles. is there a pill option or am i out of luck,STARTING & SWITCHING,Saxenda,0.0,,0.0,0.0,0.0,
P0150,R1,so if im type 2 do i HAVE to do shots?? i genuinely cannot deal with needles. is there a pill option or am i out of luck,STARTING & SWITCHING,Trulicity,0.25,1.0,0.0,0.0,0.0,1.0
P0150,R1,so if im type 2 do i HAVE to do shots?? i genuinely cannot deal with needles. is there a pill option or am i out of luck,STARTING & SWITCHING,Victoza,0.0,,0.0,0.0,0.0,
P0150,R1,so if im type 2 do i HAVE to do shots?? i genuinely cannot deal with needles. is there a pill option or am i out of luck,STARTING & SWITCHING,Wegovy,0.08333333333333333,1.0,0.0,0.0,0.0,1.0
P0150,R1,so if im type 2 do i HAVE to do shots?? i genuinely cannot deal with needles. is there a pill option or am i out of luck,STARTING & SWITCHING,Zepbound,0.0,,0.0,0.0,0.0,
P0151,R1,my dad's creatinine is up around 2.2 and he's diabetic. which diabetes drugs are off the table with kidney function like that?,SAFETY & CONTRAINDICATIONS,Farxiga,0.20833333333333331,0.0,0.4583333333333333,0.20833333333333331,0.25,1.0
P0151,R1,my dad's creatinine is up around 2.2 and he's diabetic. which diabetes drugs are off the table with kidney function like that?,SAFETY & CONTRAINDICATIONS,Invokana,0.20833333333333331,0.0,0.4583333333333333,0.20833333333333331,0.25,1.0
P0151,R1,my dad's creatinine is up around 2.2 and he's diabetic. which diabetes drugs are off the table with kidney function like that?,SAFETY & CONTRAINDICATIONS,Januvia,0.20833333333333331,1.0,0.0,0.0,0.0,1.0
P0151,R1,my dad's creatinine is up around 2.2 and he's diabetic. which diabetes drugs are off the table with kidney function like that?,SAFETY & CONTRAINDICATIONS,Jardiance,0.20833333333333331,0.0,0.4583333333333333,0.20833333333333331,0.25,1.0
P0151,R1,my dad's creatinine is up around 2.2 and he's diabetic. which diabetes drugs are off the table with kidney function like that?,SAFETY & CONTRAINDICATIONS,Mounjaro,0.08333333333333333,1.0,0.0,0.0,0.0,1.0
P0151,R1,my dad's creatinine is up around 2.2 and he's diabetic. which diabetes drugs are off the table with kidney function like that?,SAFETY & CONTRAINDICATIONS,Rybelsus,0.08333333333333333,1.0,0.0,0.0,0.0,1.0
P0151,R1,my dad's creatinine is up around 2.2 and he's diabetic. which diabetes drugs are off the table with kidney function like that?,SAFETY & CONTRAINDICATIONS,Saxenda,0.0,,0.0,0.0,0.0,
P0151,R1,my dad's creatinine is up around 2.2 and he's diabetic. which diabetes drugs are off the table with kidney function like that?,SAFETY & CONTRAINDICATIONS,Trulicity,0.3333333333333333,1.0,0.0,0.0,0.0,1.0
P0151,R1,my dad's creatinine is up around 2.2 and he's diabetic. which diabetes drugs are off the table with kidney function like that?,SAFETY & CONTRAINDICATIONS,Victoza,0.3333333333333333,1.0,0.0,0.0,0.0,1.0
P0151,R1,my dad's creatinine is up around 2.2 and he's diabetic. which diabetes drugs are off the table with kidney function like that?,SAFETY & CONTRAINDICATIONS,Wegovy,0.0,,0.0,0.0,0.0,
P0151,R1,my dad's creatinine is up around 2.2 and he's diabetic. which diabetes drugs are off the table with kidney function like that?,SAFETY & CONTRAINDICATIONS,Zepbound,0.0,,0.0,0.0,0.0,
P0152,R1,whats a good diabetes medication if you also have high blood pressure? dont want something that messes with my bp,STARTING & SWITCHING,Farxiga,0.3333333333333333,0.25,0.25,0.25,0.0,0.75
P0152,R1,whats a good diabetes medication if you also have high blood pressure? dont want something that messes with my bp,STARTING & SWITCHING,Invokana,0.5833333333333334,0.0,0.5833333333333334,0.5833333333333334,0.0,1.0
P0152,R1,whats a good diabetes medication if you also have high blood pressure? dont want something that messes with my bp,STARTING & SWITCHING,Januvia,0.08333333333333333,1.0,0.0,0.0,0.0,1.0
P0152,R1,whats a good diabetes medication if you also have high blood pressure? dont want something that messes with my bp,STARTING & SWITCHING,Jardiance,0.6666666666666666,0.16666666666666666,0.5833333333333334,0.5833333333333334,0.0,0.8333333333333334
P0152,R1,whats a good diabetes medication if you also have high blood pressure? dont want something that messes with my bp,STARTING & SWITCHING,Mounjaro,0.25,1.0,0.0,0.0,0.0,1.0
P0152,R1,whats a good diabetes medication if you also have high blood pressure? dont want something that messes with my bp,STARTING & SWITCHING,Rybelsus,0.3333333333333333,1.0,0.0,0.0,0.0,1.0
P0152,R1,whats a good diabetes medication if you also have high blood pressure? dont want something that messes with my bp,STARTING & SWITCHING,Saxenda,0.16666666666666666,1.0,0.0,0.0,0.0,1.0
P0152,R1,whats a good diabetes medication if you also have high blood pressure? dont want something that messes with my bp,STARTING & SWITCHING,Trulicity,0.4583333333333333,0.8333333333333334,0.08333333333333333,0.08333333333333333,0.0,0.8333333333333334
P0152,R1,whats a good diabetes medication if you also have high blood pressure? dont want something that messes with my bp,STARTING & SWITCHING,Victoza,0.5833333333333334,0.6666666666666666,0.08333333333333333,0.08333333333333333,0.0,1.0
P0152,R1,whats a good diabetes medication if you also have high blood pressure? dont want something that messes with my bp,STARTING & SWITCHING,Wegovy,0.3333333333333333,1.0,0.0,0.0,0.0,1.0
P0152,R1,whats a good diabetes medication if you also have high blood pressure? dont want something that messes with my bp,STARTING & SWITCHING,Zepbound,0.16666666666666666,1.0,0.0,0.0,0.0,1.0
P0153,R1,I have type 2 and stage 3 CKD. which diabetes meds are actually considered safe with reduced kidney function? want to go into my appointment prepared.,SAFETY & CONTRAINDICATIONS,Farxiga,0.6666666666666666,0.0,0.6666666666666666,0.6666666666666666,0.0,1.0
P0153,R1,I have type 2 and stage 3 CKD. which diabetes meds are actually considered safe with reduced kidney function? want to go into my appointment prepared.,SAFETY & CONTRAINDICATIONS,Invokana,0.75,0.0,0.75,0.75,0.0,1.0
P0153,R1,I have type 2 and stage 3 CKD. which diabetes meds are actually considered safe with reduced kidney function? want to go into my appointment prepared.,SAFETY & CONTRAINDICATIONS,Januvia,0.3333333333333333,1.0,0.0,0.0,0.0,1.0
P0153,R1,I have type 2 and stage 3 CKD. which diabetes meds are actually considered safe with reduced kidney function? want to go into my appointment prepared.,SAFETY & CONTRAINDICATIONS,Jardiance,0.6666666666666666,0.0,0.6666666666666666,0.6666666666666666,0.0,1.0
P0153,R1,I have type 2 and stage 3 CKD. which diabetes meds are actually considered safe with reduced kidney function? want to go into my appointment prepared.,SAFETY & CONTRAINDICATIONS,Mounjaro,0.0,,0.0,0.0,0.0,
P0153,R1,I have type 2 and stage 3 CKD. which diabetes meds are actually considered safe with reduced kidney function? want to go into my appointment prepared.,SAFETY & CONTRAINDICATIONS,Rybelsus,0.4583333333333333,1.0,0.0,0.0,0.0,1.0
P0153,R1,I have type 2 and stage 3 CKD. which diabetes meds are actually considered safe with reduced kidney function? want to go into my appointment prepared.,SAFETY & CONTRAINDICATIONS,Saxenda,0.0,,0.0,0.0,0.0,
P0153,R1,I have type 2 and stage 3 CKD. which diabetes meds are actually considered safe with reduced kidney function? want to go into my appointment prepared.,SAFETY & CONTRAINDICATIONS,Trulicity,0.5833333333333334,1.0,0.0,0.0,0.0,1.0
P0153,R1,I have type 2 and stage 3 CKD. which diabetes meds are actually considered safe with reduced kidney function? want to go into my appointment prepared.,SAFETY & CONTRAINDICATIONS,Victoza,0.5833333333333334,1.0,0.0,0.0,0.0,1.0
P0153,R1,I have type 2 and stage 3 CKD. which diabetes meds are actually considered safe with reduced kidney function? want to go into my appointment prepared.,SAFETY & CONTRAINDICATIONS,Wegovy,0.5,1.0,0.0,0.0,0.0,1.0
P0153,R1,I have type 2 and stage 3 CKD. which diabetes meds are actually considered safe with reduced kidney function? want to go into my appointment prepared.,SAFETY & CONTRAINDICATIONS,Zepbound,0.0,,0.0,0.0,0.0,
P0154,R1,got my diabetes scripts and it's like 1700 bucks after insurance?? theres no way i can pay that. are there cheaper meds that actually work or am i just screwed,PRICE & ACCESS,Farxiga,0.25,1.0,0.0,0.0,0.0,1.0
P0154,R1,got my diabetes scripts and it's like 1700 bucks after insurance?? theres no way i can pay that. are there cheaper meds that actually work or am i just screwed,PRICE & ACCESS,Invokana,0.0,,0.0,0.0,0.0,
P0154,R1,got my diabetes scripts and it's like 1700 bucks after insurance?? theres no way i can pay that. are there cheaper meds that actually work or am i just screwed,PRICE & ACCESS,Januvia,0.0,,0.0,0.0,0.0,
P0154,R1,got my diabetes scripts and it's like 1700 bucks after insurance?? theres no way i can pay that. are there cheaper meds that actually work or am i just screwed,PRICE & ACCESS,Jardiance,0.375,1.0,0.0,0.0,0.0,1.0
P0154,R1,got my diabetes scripts and it's like 1700 bucks after insurance?? theres no way i can pay that. are there cheaper meds that actually work or am i just screwed,PRICE & ACCESS,Mounjaro,0.5833333333333334,1.0,0.0,0.0,0.0,1.0
P0154,R1,got my diabetes scripts and it's like 1700 bucks after insurance?? theres no way i can pay that. are there cheaper meds that actually work or am i just screwed,PRICE & ACCESS,Rybelsus,0.125,1.0,0.0,0.0,0.0,1.0
P0154,R1,got my diabetes scripts and it's like 1700 bucks after insurance?? theres no way i can pay that. are there cheaper meds that actually work or am i just screwed,PRICE & ACCESS,Saxenda,0.08333333333333333,1.0,0.0,0.0,0.0,1.0
P0154,R1,got my diabetes scripts and it's like 1700 bucks after insurance?? theres no way i can pay that. are there cheaper meds that actually work or am i just screwed,PRICE & ACCESS,Trulicity,0.125,1.0,0.0,0.0,0.0,1.0
P0154,R1,got my diabetes scripts and it's like 1700 bucks after insurance?? theres no way i can pay that. are there cheaper meds that actually work or am i just screwed,PRICE & ACCESS,Victoza,0.6666666666666666,0.8333333333333334,0.125,0.125,0.0,0.8333333333333334
P0154,R1,got my diabetes scripts and it's like 1700 bucks after insurance?? theres no way i can pay that. are there cheaper meds that actually work or am i just screwed,PRICE & ACCESS,Wegovy,0.5,1.0,0.0,0.0,0.0,1.0
P0154,R1,got my diabetes scripts and it's like 1700 bucks after insurance?? theres no way i can pay that. are there cheaper meds that actually work or am i just screwed,PRICE & ACCESS,Zepbound,0.0,,0.0,0.0,0.0,
P0155,R1,"my sister's prediabetic and has POTS, every pill or supplement we try makes her heart race like crazy. is there ANYTHING she can take that won't do that? we're kind of stuck",HEART & KIDNEY,Farxiga,0.08333333333333333,0.0,0.08333333333333333,0.08333333333333333,0.0,1.0
P0155,R1,"my sister's prediabetic and has POTS, every pill or supplement we try makes her heart race like crazy. is there ANYTHING she can take that won't do that? we're kind of stuck",HEART & KIDNEY,Invokana,0.0,,0.0,0.0,0.0,
P0155,R1,"my sister's prediabetic and has POTS, every pill or supplement we try makes her heart race like crazy. is there ANYTHING she can take that won't do that? we're kind of stuck",HEART & KIDNEY,Januvia,0.0,,0.0,0.0,0.0,
P0155,R1,"my sister's prediabetic and has POTS, every pill or supplement we try makes her heart race like crazy. is there ANYTHING she can take that won't do that? we're kind of stuck",HEART & KIDNEY,Jardiance,0.08333333333333333,0.0,0.08333333333333333,0.08333333333333333,0.0,1.0
P0155,R1,"my sister's prediabetic and has POTS, every pill or supplement we try makes her heart race like crazy. is there ANYTHING she can take that won't do that? we're kind of stuck",HEART & KIDNEY,Mounjaro,0.0,,0.0,0.0,0.0,
P0155,R1,"my sister's prediabetic and has POTS, every pill or supplement we try makes her heart race like crazy. is there ANYTHING she can take that won't do that? we're kind of stuck",HEART & KIDNEY,Rybelsus,0.0,,0.0,0.0,0.0,
P0155,R1,"my sister's prediabetic and has POTS, every pill or supplement we try makes her heart race like crazy. is there ANYTHING she can take that won't do that? we're kind of stuck",HEART & KIDNEY,Saxenda,0.0,,0.0,0.0,0.0,
P0155,R1,"my sister's prediabetic and has POTS, every pill or supplement we try makes her heart race like crazy. is there ANYTHING she can take that won't do that? we're kind of stuck",HEART & KIDNEY,Trulicity,0.0,,0.0,0.0,0.0,
P0155,R1,"my sister's prediabetic and has POTS, every pill or supplement we try makes her heart race like crazy. is there ANYTHING she can take that won't do that? we're kind of stuck",HEART & KIDNEY,Victoza,0.08333333333333333,0.0,0.08333333333333333,0.08333333333333333,0.0,1.0
P0155,R1,"my sister's prediabetic and has POTS, every pill or supplement we try makes her heart race like crazy. is there ANYTHING she can take that won't do that? we're kind of stuck",HEART & KIDNEY,Wegovy,0.0,,0.0,0.0,0.0,
P0155,R1,"my sister's prediabetic and has POTS, every pill or supplement we try makes her heart race like crazy. is there ANYTHING she can take that won't do that? we're kind of stuck",HEART & KIDNEY,Zepbound,0.0,,0.0,0.0,0.0,
P0156,R1,just found out i'm pregnant and i already have type 2 that i've been handling with diet only. can't see my OB for a few weeks. is it safe to keep going with just diet till then or do i need something now?,SAFETY & CONTRAINDICATIONS,Farxiga,0.0,,0.0,0.0,0.0,
P0156,R1,just found out i'm pregnant and i already have type 2 that i've been handling with diet only. can't see my OB for a few weeks. is it safe to keep going with just diet till then or do i need something now?,SAFETY & CONTRAINDICATIONS,Invokana,0.0,,0.0,0.0,0.0,
P0156,R1,just found out i'm pregnant and i already have type 2 that i've been handling with diet only. can't see my OB for a few weeks. is it safe to keep going with just diet till then or do i need something now?,SAFETY & CONTRAINDICATIONS,Januvia,0.0,,0.0,0.0,0.0,
P0156,R1,just found out i'm pregnant and i already have type 2 that i've been handling with diet only. can't see my OB for a few weeks. is it safe to keep going with just diet till then or do i need something now?,SAFETY & CONTRAINDICATIONS,Jardiance,0.0,,0.0,0.0,0.0,
P0156,R1,just found out i'm pregnant and i already have type 2 that i've been handling with diet only. can't see my OB for a few weeks. is it safe to keep going with just diet till then or do i need something now?,SAFETY & CONTRAINDICATIONS,Mounjaro,0.0,,0.0,0.0,0.0,
P0156,R1,just found out i'm pregnant and i already have type 2 that i've been handling with diet only. can't see my OB for a few weeks. is it safe to keep going with just diet till then or do i need something now?,SAFETY & CONTRAINDICATIONS,Rybelsus,0.0,,0.0,0.0,0.0,
P0156,R1,just found out i'm pregnant and i already have type 2 that i've been handling with diet only. can't see my OB for a few weeks. is it safe to keep going with just diet till then or do i need something now?,SAFETY & CONTRAINDICATIONS,Saxenda,0.0,,0.0,0.0,0.0,
P0156,R1,just found out i'm pregnant and i already have type 2 that i've been handling with diet only. can't see my OB for a few weeks. is it safe to keep going with just diet till then or do i need something now?,SAFETY & CONTRAINDICATIONS,Trulicity,0.0,,0.0,0.0,0.0,
P0156,R1,just found out i'm pregnant and i already have type 2 that i've been handling with diet only. can't see my OB for a few weeks. is it safe to keep going with just diet till then or do i need something now?,SAFETY & CONTRAINDICATIONS,Victoza,0.0,,0.0,0.0,0.0,
P0156,R1,just found out i'm pregnant and i already have type 2 that i've been handling with diet only. can't see my OB for a few weeks. is it safe to keep going with just diet till then or do i need something now?,SAFETY & CONTRAINDICATIONS,Wegovy,0.0,,0.0,0.0,0.0,
P0156,R1,just found out i'm pregnant and i already have type 2 that i've been handling with diet only. can't see my OB for a few weeks. is it safe to keep going with just diet till then or do i need something now?,SAFETY & CONTRAINDICATIONS,Zepbound,0.0,,0.0,0.0,0.0,
P0157,R1,"After trying to manage my sugar levels through lifestyle changes, exercise and healthy eating, the doctors have told me I really need to start medication asap as I've had high levels for a couple of years. The only reason I didn't want to go on meds was the lifelong nature of it. They said such high diabetes can affect kidneys and heart. I'm 36 with a very young family and I eat well and work out. Is there anything else I can do to reverse this situation and be healthy?",SAFETY & CONTRAINDICATIONS,Farxiga,0.25,0.5,0.125,0.125,0.0,0.5
P0157,R1,"After trying to manage my sugar levels through lifestyle changes, exercise and healthy eating, the doctors have told me I really need to start medication asap as I've had high levels for a couple of years. The only reason I didn't want to go on meds was the lifelong nature of it. They said such high diabetes can affect kidneys and heart. I'm 36 with a very young family and I eat well and work out. Is there anything else I can do to reverse this situation and be healthy?",SAFETY & CONTRAINDICATIONS,Invokana,0.0,,0.0,0.0,0.0,
P0157,R1,"After trying to manage my sugar levels through lifestyle changes, exercise and healthy eating, the doctors have told me I really need to start medication asap as I've had high levels for a couple of years. The only reason I didn't want to go on meds was the lifelong nature of it. They said such high diabetes can affect kidneys and heart. I'm 36 with a very young family and I eat well and work out. Is there anything else I can do to reverse this situation and be healthy?",SAFETY & CONTRAINDICATIONS,Januvia,0.0,,0.0,0.0,0.0,
P0157,R1,"After trying to manage my sugar levels through lifestyle changes, exercise and healthy eating, the doctors have told me I really need to start medication asap as I've had high levels for a couple of years. The only reason I didn't want to go on meds was the lifelong nature of it. They said such high diabetes can affect kidneys and heart. I'm 36 with a very young family and I eat well and work out. Is there anything else I can do to reverse this situation and be healthy?",SAFETY & CONTRAINDICATIONS,Jardiance,0.25,0.5,0.125,0.125,0.0,0.5
P0157,R1,"After trying to manage my sugar levels through lifestyle changes, exercise and healthy eating, the doctors have told me I really need to start medication asap as I've had high levels for a couple of years. The only reason I didn't want to go on meds was the lifelong nature of it. They said such high diabetes can affect kidneys and heart. I'm 36 with a very young family and I eat well and work out. Is there anything else I can do to reverse this situation and be healthy?",SAFETY & CONTRAINDICATIONS,Mounjaro,0.08333333333333333,1.0,0.0,0.0,0.0,1.0
P0157,R1,"After trying to manage my sugar levels through lifestyle changes, exercise and healthy eating, the doctors have told me I really need to start medication asap as I've had high levels for a couple of years. The only reason I didn't want to go on meds was the lifelong nature of it. They said such high diabetes can affect kidneys and heart. I'm 36 with a very young family and I eat well and work out. Is there anything else I can do to reverse this situation and be healthy?",SAFETY & CONTRAINDICATIONS,Rybelsus,0.08333333333333333,1.0,0.0,0.0,0.0,1.0
P0157,R1,"After trying to manage my sugar levels through lifestyle changes, exercise and healthy eating, the doctors have told me I really need to start medication asap as I've had high levels for a couple of years. The only reason I didn't want to go on meds was the lifelong nature of it. They said such high diabetes can affect kidneys and heart. I'm 36 with a very young family and I eat well and work out. Is there anything else I can do to reverse this situation and be healthy?",SAFETY & CONTRAINDICATIONS,Saxenda,0.0,,0.0,0.0,0.0,
P0157,R1,"After trying to manage my sugar levels through lifestyle changes, exercise and healthy eating, the doctors have told me I really need to start medication asap as I've had high levels for a couple of years. The only reason I didn't want to go on meds was the lifelong nature of it. They said such high diabetes can affect kidneys and heart. I'm 36 with a very young family and I eat well and work out. Is there anything else I can do to reverse this situation and be healthy?",SAFETY & CONTRAINDICATIONS,Trulicity,0.25,0.5,0.125,0.125,0.0,0.5
P0157,R1,"After trying to manage my sugar levels through lifestyle changes, exercise and healthy eating, the doctors have told me I really need to start medication asap as I've had high levels for a couple of years. The only reason I didn't want to go on meds was the lifelong nature of it. They said such high diabetes can affect kidneys and heart. I'm 36 with a very young family and I eat well and work out. Is there anything else I can do to reverse this situation and be healthy?",SAFETY & CONTRAINDICATIONS,Victoza,0.0,,0.0,0.0,0.0,
P0157,R1,"After trying to manage my sugar levels through lifestyle changes, exercise and healthy eating, the doctors have told me I really need to start medication asap as I've had high levels for a couple of years. The only reason I didn't want to go on meds was the lifelong nature of it. They said such high diabetes can affect kidneys and heart. I'm 36 with a very young family and I eat well and work out. Is there anything else I can do to reverse this situation and be healthy?",SAFETY & CONTRAINDICATIONS,Wegovy,0.0,,0.0,0.0,0.0,
P0157,R1,"After trying to manage my sugar levels through lifestyle changes, exercise and healthy eating, the doctors have told me I really need to start medication asap as I've had high levels for a couple of years. The only reason I didn't want to go on meds was the lifelong nature of it. They said such high diabetes can affect kidneys and heart. I'm 36 with a very young family and I eat well and work out. Is there anything else I can do to reverse this situation and be healthy?",SAFETY & CONTRAINDICATIONS,Zepbound,0.0,,0.0,0.0,0.0,
P0158,R1,"I'm type 2 and also taking insulin — have you had any luck with it lowering your sugar, or does it just not work at all? I currently do a 70u basal/bolus dose (140u daily) and that's enough to drop my sugar by only about 50 points, which puts me in the 390 range and is about as low as it goes.",BLOOD SUGAR & GLYCEMIC CONTROL,Farxiga,0.125,1.0,0.0,0.0,0.0,1.0
P0158,R1,"I'm type 2 and also taking insulin — have you had any luck with it lowering your sugar, or does it just not work at all? I currently do a 70u basal/bolus dose (140u daily) and that's enough to drop my sugar by only about 50 points, which puts me in the 390 range and is about as low as it goes.",BLOOD SUGAR & GLYCEMIC CONTROL,Invokana,0.0,,0.0,0.0,0.0,
P0158,R1,"I'm type 2 and also taking insulin — have you had any luck with it lowering your sugar, or does it just not work at all? I currently do a 70u basal/bolus dose (140u daily) and that's enough to drop my sugar by only about 50 points, which puts me in the 390 range and is about as low as it goes.",BLOOD SUGAR & GLYCEMIC CONTROL,Januvia,0.0,,0.0,0.0,0.0,
P0158,R1,"I'm type 2 and also taking insulin — have you had any luck with it lowering your sugar, or does it just not work at all? I currently do a 70u basal/bolus dose (140u daily) and that's enough to drop my sugar by only about 50 points, which puts me in the 390 range and is about as low as it goes.",BLOOD SUGAR & GLYCEMIC CONTROL,Jardiance,0.125,1.0,0.0,0.0,0.0,1.0
P0158,R1,"I'm type 2 and also taking insulin — have you had any luck with it lowering your sugar, or does it just not work at all? I currently do a 70u basal/bolus dose (140u daily) and that's enough to drop my sugar by only about 50 points, which puts me in the 390 range and is about as low as it goes.",BLOOD SUGAR & GLYCEMIC CONTROL,Mounjaro,0.0,,0.0,0.0,0.0,
P0158,R1,"I'm type 2 and also taking insulin — have you had any luck with it lowering your sugar, or does it just not work at all? I currently do a 70u basal/bolus dose (140u daily) and that's enough to drop my sugar by only about 50 points, which puts me in the 390 range and is about as low as it goes.",BLOOD SUGAR & GLYCEMIC CONTROL,Rybelsus,0.0,,0.0,0.0,0.0,
P0158,R1,"I'm type 2 and also taking insulin — have you had any luck with it lowering your sugar, or does it just not work at all? I currently do a 70u basal/bolus dose (140u daily) and that's enough to drop my sugar by only about 50 points, which puts me in the 390 range and is about as low as it goes.",BLOOD SUGAR & GLYCEMIC CONTROL,Saxenda,0.0,,0.0,0.0,0.0,
P0158,R1,"I'm type 2 and also taking insulin — have you had any luck with it lowering your sugar, or does it just not work at all? I currently do a 70u basal/bolus dose (140u daily) and that's enough to drop my sugar by only about 50 points, which puts me in the 390 range and is about as low as it goes.",BLOOD SUGAR & GLYCEMIC CONTROL,Trulicity,0.0,,0.0,0.0,0.0,
P0158,R1,"I'm type 2 and also taking insulin — have you had any luck with it lowering your sugar, or does it just not work at all? I currently do a 70u basal/bolus dose (140u daily) and that's enough to drop my sugar by only about 50 points, which puts me in the 390 range and is about as low as it goes.",BLOOD SUGAR & GLYCEMIC CONTROL,Victoza,0.0,,0.0,0.0,0.0,
P0158,R1,"I'm type 2 and also taking insulin — have you had any luck with it lowering your sugar, or does it just not work at all? I currently do a 70u basal/bolus dose (140u daily) and that's enough to drop my sugar by only about 50 points, which puts me in the 390 range and is about as low as it goes.",BLOOD SUGAR & GLYCEMIC CONTROL,Wegovy,0.0,,0.0,0.0,0.0,
P0158,R1,"I'm type 2 and also taking insulin — have you had any luck with it lowering your sugar, or does it just not work at all? I currently do a 70u basal/bolus dose (140u daily) and that's enough to drop my sugar by only about 50 points, which puts me in the 390 range and is about as low as it goes.",BLOOD SUGAR & GLYCEMIC CONTROL,Zepbound,0.0,,0.0,0.0,0.0,
P0159,R1,"My 50yo mother has HbA1c 6.7 with fatty liver, high blood pressure and high cholesterol. She is currently taking blood pressure medications and is a little medication-phobic. Her blood sugar doesn't lower even though she doesn't eat much and does all the housework. I'm totally new to this topic and don't know how to handle it — any suggestions?",SAFETY & CONTRAINDICATIONS,Farxiga,0.0,,0.0,0.0,0.0,
P0159,R1,"My 50yo mother has HbA1c 6.7 with fatty liver, high blood pressure and high cholesterol. She is currently taking blood pressure medications and is a little medication-phobic. Her blood sugar doesn't lower even though she doesn't eat much and does all the housework. I'm totally new to this topic and don't know how to handle it — any suggestions?",SAFETY & CONTRAINDICATIONS,Invokana,0.0,,0.0,0.0,0.0,
P0159,R1,"My 50yo mother has HbA1c 6.7 with fatty liver, high blood pressure and high cholesterol. She is currently taking blood pressure medications and is a little medication-phobic. Her blood sugar doesn't lower even though she doesn't eat much and does all the housework. I'm totally new to this topic and don't know how to handle it — any suggestions?",SAFETY & CONTRAINDICATIONS,Januvia,0.0,,0.0,0.0,0.0,
P0159,R1,"My 50yo mother has HbA1c 6.7 with fatty liver, high blood pressure and high cholesterol. She is currently taking blood pressure medications and is a little medication-phobic. Her blood sugar doesn't lower even though she doesn't eat much and does all the housework. I'm totally new to this topic and don't know how to handle it — any suggestions?",SAFETY & CONTRAINDICATIONS,Jardiance,0.0,,0.0,0.0,0.0,
P0159,R1,"My 50yo mother has HbA1c 6.7 with fatty liver, high blood pressure and high cholesterol. She is currently taking blood pressure medications and is a little medication-phobic. Her blood sugar doesn't lower even though she doesn't eat much and does all the housework. I'm totally new to this topic and don't know how to handle it — any suggestions?",SAFETY & CONTRAINDICATIONS,Mounjaro,0.0,,0.0,0.0,0.0,
P0159,R1,"My 50yo mother has HbA1c 6.7 with fatty liver, high blood pressure and high cholesterol. She is currently taking blood pressure medications and is a little medication-phobic. Her blood sugar doesn't lower even though she doesn't eat much and does all the housework. I'm totally new to this topic and don't know how to handle it — any suggestions?",SAFETY & CONTRAINDICATIONS,Rybelsus,0.0,,0.0,0.0,0.0,
P0159,R1,"My 50yo mother has HbA1c 6.7 with fatty liver, high blood pressure and high cholesterol. She is currently taking blood pressure medications and is a little medication-phobic. Her blood sugar doesn't lower even though she doesn't eat much and does all the housework. I'm totally new to this topic and don't know how to handle it — any suggestions?",SAFETY & CONTRAINDICATIONS,Saxenda,0.0,,0.0,0.0,0.0,
P0159,R1,"My 50yo mother has HbA1c 6.7 with fatty liver, high blood pressure and high cholesterol. She is currently taking blood pressure medications and is a little medication-phobic. Her blood sugar doesn't lower even though she doesn't eat much and does all the housework. I'm totally new to this topic and don't know how to handle it — any suggestions?",SAFETY & CONTRAINDICATIONS,Trulicity,0.0,,0.0,0.0,0.0,
P0159,R1,"My 50yo mother has HbA1c 6.7 with fatty liver, high blood pressure and high cholesterol. She is currently taking blood pressure medications and is a little medication-phobic. Her blood sugar doesn't lower even though she doesn't eat much and does all the housework. I'm totally new to this topic and don't know how to handle it — any suggestions?",SAFETY & CONTRAINDICATIONS,Victoza,0.0,,0.0,0.0,0.0,
P0159,R1,"My 50yo mother has HbA1c 6.7 with fatty liver, high blood pressure and high cholesterol. She is currently taking blood pressure medications and is a little medication-phobic. Her blood sugar doesn't lower even though she doesn't eat much and does all the housework. I'm totally new to this topic and don't know how to handle it — any suggestions?",SAFETY & CONTRAINDICATIONS,Wegovy,0.0,,0.0,0.0,0.0,
P0159,R1,"My 50yo mother has HbA1c 6.7 with fatty liver, high blood pressure and high cholesterol. She is currently taking blood pressure medications and is a little medication-phobic. Her blood sugar doesn't lower even though she doesn't eat much and does all the housework. I'm totally new to this topic and don't know how to handle it — any suggestions?",SAFETY & CONTRAINDICATIONS,Zepbound,0.0,,0.0,0.0,0.0,
P0160,R1,"My A1C has been 6.7 for 6 months, after being in the 6.0 range for a year before. I also have high lipid numbers and just got a call that I have fatty liver (moderate to severe) from an ultrasound. I've gained about 25 to 30 pounds. I'm so incredibly scared and have no idea how I ended up here. What steps did everyone take when they got their diagnosis?",SAFETY & CONTRAINDICATIONS,Farxiga,0.0,,0.0,0.0,0.0,
P0160,R1,"My A1C has been 6.7 for 6 months, after being in the 6.0 range for a year before. I also have high lipid numbers and just got a call that I have fatty liver (moderate to severe) from an ultrasound. I've gained about 25 to 30 pounds. I'm so incredibly scared and have no idea how I ended up here. What steps did everyone take when they got their diagnosis?",SAFETY & CONTRAINDICATIONS,Invokana,0.0,,0.0,0.0,0.0,
P0160,R1,"My A1C has been 6.7 for 6 months, after being in the 6.0 range for a year before. I also have high lipid numbers and just got a call that I have fatty liver (moderate to severe) from an ultrasound. I've gained about 25 to 30 pounds. I'm so incredibly scared and have no idea how I ended up here. What steps did everyone take when they got their diagnosis?",SAFETY & CONTRAINDICATIONS,Januvia,0.0,,0.0,0.0,0.0,
P0160,R1,"My A1C has been 6.7 for 6 months, after being in the 6.0 range for a year before. I also have high lipid numbers and just got a call that I have fatty liver (moderate to severe) from an ultrasound. I've gained about 25 to 30 pounds. I'm so incredibly scared and have no idea how I ended up here. What steps did everyone take when they got their diagnosis?",SAFETY & CONTRAINDICATIONS,Jardiance,0.0,,0.0,0.0,0.0,
P0160,R1,"My A1C has been 6.7 for 6 months, after being in the 6.0 range for a year before. I also have high lipid numbers and just got a call that I have fatty liver (moderate to severe) from an ultrasound. I've gained about 25 to 30 pounds. I'm so incredibly scared and have no idea how I ended up here. What steps did everyone take when they got their diagnosis?",SAFETY & CONTRAINDICATIONS,Mounjaro,0.08333333333333333,1.0,0.0,0.0,0.0,1.0
P0160,R1,"My A1C has been 6.7 for 6 months, after being in the 6.0 range for a year before. I also have high lipid numbers and just got a call that I have fatty liver (moderate to severe) from an ultrasound. I've gained about 25 to 30 pounds. I'm so incredibly scared and have no idea how I ended up here. What steps did everyone take when they got their diagnosis?",SAFETY & CONTRAINDICATIONS,Rybelsus,0.0,,0.0,0.0,0.0,
P0160,R1,"My A1C has been 6.7 for 6 months, after being in the 6.0 range for a year before. I also have high lipid numbers and just got a call that I have fatty liver (moderate to severe) from an ultrasound. I've gained about 25 to 30 pounds. I'm so incredibly scared and have no idea how I ended up here. What steps did everyone take when they got their diagnosis?",SAFETY & CONTRAINDICATIONS,Saxenda,0.08333333333333333,1.0,0.0,0.0,0.0,1.0
P0160,R1,"My A1C has been 6.7 for 6 months, after being in the 6.0 range for a year before. I also have high lipid numbers and just got a call that I have fatty liver (moderate to severe) from an ultrasound. I've gained about 25 to 30 pounds. I'm so incredibly scared and have no idea how I ended up here. What steps did everyone take when they got their diagnosis?",SAFETY & CONTRAINDICATIONS,Trulicity,0.0,,0.0,0.0,0.0,
P0160,R1,"My A1C has been 6.7 for 6 months, after being in the 6.0 range for a year before. I also have high lipid numbers and just got a call that I have fatty liver (moderate to severe) from an ultrasound. I've gained about 25 to 30 pounds. I'm so incredibly scared and have no idea how I ended up here. What steps did everyone take when they got their diagnosis?",SAFETY & CONTRAINDICATIONS,Victoza,0.08333333333333333,1.0,0.0,0.0,0.0,1.0
P0160,R1,"My A1C has been 6.7 for 6 months, after being in the 6.0 range for a year before. I also have high lipid numbers and just got a call that I have fatty liver (moderate to severe) from an ultrasound. I've gained about 25 to 30 pounds. I'm so incredibly scared and have no idea how I ended up here. What steps did everyone take when they got their diagnosis?",SAFETY & CONTRAINDICATIONS,Wegovy,0.3333333333333333,1.0,0.0,0.0,0.0,1.0
P0160,R1,"My A1C has been 6.7 for 6 months, after being in the 6.0 range for a year before. I also have high lipid numbers and just got a call that I have fatty liver (moderate to severe) from an ultrasound. I've gained about 25 to 30 pounds. I'm so incredibly scared and have no idea how I ended up here. What steps did everyone take when they got their diagnosis?",SAFETY & CONTRAINDICATIONS,Zepbound,0.08333333333333333,1.0,0.0,0.0,0.0,1.0
P0161,R1,I'm type 2 diabetic & since august i've been having hypoglycemic attacks more & more now there happening everyday some times up to 4 times a day?,BLOOD SUGAR & GLYCEMIC CONTROL,Farxiga,0.0,,0.0,0.0,0.0,
P0161,R1,I'm type 2 diabetic & since august i've been having hypoglycemic attacks more & more now there happening everyday some times up to 4 times a day?,BLOOD SUGAR & GLYCEMIC CONTROL,Invokana,0.0,,0.0,0.0,0.0,
P0161,R1,I'm type 2 diabetic & since august i've been having hypoglycemic attacks more & more now there happening everyday some times up to 4 times a day?,BLOOD SUGAR & GLYCEMIC CONTROL,Januvia,0.0,,0.0,0.0,0.0,
P0161,R1,I'm type 2 diabetic & since august i've been having hypoglycemic attacks more & more now there happening everyday some times up to 4 times a day?,BLOOD SUGAR & GLYCEMIC CONTROL,Jardiance,0.0,,0.0,0.0,0.0,
P0161,R1,I'm type 2 diabetic & since august i've been having hypoglycemic attacks more & more now there happening everyday some times up to 4 times a day?,BLOOD SUGAR & GLYCEMIC CONTROL,Mounjaro,0.0,,0.0,0.0,0.0,
P0161,R1,I'm type 2 diabetic & since august i've been having hypoglycemic attacks more & more now there happening everyday some times up to 4 times a day?,BLOOD SUGAR & GLYCEMIC CONTROL,Rybelsus,0.0,,0.0,0.0,0.0,
P0161,R1,I'm type 2 diabetic & since august i've been having hypoglycemic attacks more & more now there happening everyday some times up to 4 times a day?,BLOOD SUGAR & GLYCEMIC CONTROL,Saxenda,0.0,,0.0,0.0,0.0,
P0161,R1,I'm type 2 diabetic & since august i've been having hypoglycemic attacks more & more now there happening everyday some times up to 4 times a day?,BLOOD SUGAR & GLYCEMIC CONTROL,Trulicity,0.0,,0.0,0.0,0.0,
P0161,R1,I'm type 2 diabetic & since august i've been having hypoglycemic attacks more & more now there happening everyday some times up to 4 times a day?,BLOOD SUGAR & GLYCEMIC CONTROL,Victoza,0.0,,0.0,0.0,0.0,
P0161,R1,I'm type 2 diabetic & since august i've been having hypoglycemic attacks more & more now there happening everyday some times up to 4 times a day?,BLOOD SUGAR & GLYCEMIC CONTROL,Wegovy,0.0,,0.0,0.0,0.0,
P0161,R1,I'm type 2 diabetic & since august i've been having hypoglycemic attacks more & more now there happening everyday some times up to 4 times a day?,BLOOD SUGAR & GLYCEMIC CONTROL,Zepbound,0.0,,0.0,0.0,0.0,
P0162,R1,"fasting glucose 104, a1c 5.8. am i diabetic or just prediabetic, and should i be on anything at this point?",BLOOD SUGAR & GLYCEMIC CONTROL,Farxiga,0.0,,0.0,0.0,0.0,
P0162,R1,"fasting glucose 104, a1c 5.8. am i diabetic or just prediabetic, and should i be on anything at this point?",BLOOD SUGAR & GLYCEMIC CONTROL,Invokana,0.0,,0.0,0.0,0.0,
P0162,R1,"fasting glucose 104, a1c 5.8. am i diabetic or just prediabetic, and should i be on anything at this point?",BLOOD SUGAR & GLYCEMIC CONTROL,Januvia,0.0,,0.0,0.0,0.0,
P0162,R1,"fasting glucose 104, a1c 5.8. am i diabetic or just prediabetic, and should i be on anything at this point?",BLOOD SUGAR & GLYCEMIC CONTROL,Jardiance,0.0,,0.0,0.0,0.0,
P0162,R1,"fasting glucose 104, a1c 5.8. am i diabetic or just prediabetic, and should i be on anything at this point?",BLOOD SUGAR & GLYCEMIC CONTROL,Mounjaro,0.0,,0.0,0.0,0.0,
P0162,R1,"fasting glucose 104, a1c 5.8. am i diabetic or just prediabetic, and should i be on anything at this point?",BLOOD SUGAR & GLYCEMIC CONTROL,Rybelsus,0.0,,0.0,0.0,0.0,
P0162,R1,"fasting glucose 104, a1c 5.8. am i diabetic or just prediabetic, and should i be on anything at this point?",BLOOD SUGAR & GLYCEMIC CONTROL,Saxenda,0.0,,0.0,0.0,0.0,
P0162,R1,"fasting glucose 104, a1c 5.8. am i diabetic or just prediabetic, and should i be on anything at this point?",BLOOD SUGAR & GLYCEMIC CONTROL,Trulicity,0.0,,0.0,0.0,0.0,
P0162,R1,"fasting glucose 104, a1c 5.8. am i diabetic or just prediabetic, and should i be on anything at this point?",BLOOD SUGAR & GLYCEMIC CONTROL,Victoza,0.0,,0.0,0.0,0.0,
P0162,R1,"fasting glucose 104, a1c 5.8. am i diabetic or just prediabetic, and should i be on anything at this point?",BLOOD SUGAR & GLYCEMIC CONTROL,Wegovy,0.0,,0.0,0.0,0.0,
P0162,R1,"fasting glucose 104, a1c 5.8. am i diabetic or just prediabetic, and should i be on anything at this point?",BLOOD SUGAR & GLYCEMIC CONTROL,Zepbound,0.0,,0.0,0.0,0.0,
P0163,R1,What's the best alternative medicine for diabetes?,STARTING & SWITCHING,Farxiga,0.0,,0.0,0.0,0.0,
P0163,R1,What's the best alternative medicine for diabetes?,STARTING & SWITCHING,Invokana,0.0,,0.0,0.0,0.0,
P0163,R1,What's the best alternative medicine for diabetes?,STARTING & SWITCHING,Januvia,0.0,,0.0,0.0,0.0,
P0163,R1,What's the best alternative medicine for diabetes?,STARTING & SWITCHING,Jardiance,0.0,,0.0,0.0,0.0,
P0163,R1,What's the best alternative medicine for diabetes?,STARTING & SWITCHING,Mounjaro,0.0,,0.0,0.0,0.0,
P0163,R1,What's the best alternative medicine for diabetes?,STARTING & SWITCHING,Rybelsus,0.0,,0.0,0.0,0.0,
P0163,R1,What's the best alternative medicine for diabetes?,STARTING & SWITCHING,Saxenda,0.0,,0.0,0.0,0.0,
P0163,R1,What's the best alternative medicine for diabetes?,STARTING & SWITCHING,Trulicity,0.0,,0.0,0.0,0.0,
P0163,R1,What's the best alternative medicine for diabetes?,STARTING & SWITCHING,Victoza,0.0,,0.0,0.0,0.0,
P0163,R1,What's the best alternative medicine for diabetes?,STARTING & SWITCHING,Wegovy,0.0,,0.0,0.0,0.0,
P0163,R1,What's the best alternative medicine for diabetes?,STARTING & SWITCHING,Zepbound,0.0,,0.0,0.0,0.0,
P0164,R1,What diabetes management tools are available?,STARTING & SWITCHING,Farxiga,0.0,,0.0,0.0,0.0,
P0164,R1,What diabetes management tools are available?,STARTING & SWITCHING,Invokana,0.0,,0.0,0.0,0.0,
P0164,R1,What diabetes management tools are available?,STARTING & SWITCHING,Januvia,0.0,,0.0,0.0,0.0,
P0164,R1,What diabetes management tools are available?,STARTING & SWITCHING,Jardiance,0.0,,0.0,0.0,0.0,
P0164,R1,What diabetes management tools are available?,STARTING & SWITCHING,Mounjaro,0.0,,0.0,0.0,0.0,
P0164,R1,What diabetes management tools are available?,STARTING & SWITCHING,Rybelsus,0.0,,0.0,0.0,0.0,
P0164,R1,What diabetes management tools are available?,STARTING & SWITCHING,Saxenda,0.0,,0.0,0.0,0.0,
P0164,R1,What diabetes management tools are available?,STARTING & SWITCHING,Trulicity,0.0,,0.0,0.0,0.0,
P0164,R1,What diabetes management tools are available?,STARTING & SWITCHING,Victoza,0.0,,0.0,0.0,0.0,
P0164,R1,What diabetes management tools are available?,STARTING & SWITCHING,Wegovy,0.0,,0.0,0.0,0.0,
P0164,R1,What diabetes management tools are available?,STARTING & SWITCHING,Zepbound,0.0,,0.0,0.0,0.0,
P0165,R1,What hormone injections are available for someone with diabetes mellitus?,STARTING & SWITCHING,Farxiga,0.0,,0.0,0.0,0.0,
P0165,R1,What hormone injections are available for someone with diabetes mellitus?,STARTING & SWITCHING,Invokana,0.0,,0.0,0.0,0.0,
P0165,R1,What hormone injections are available for someone with diabetes mellitus?,STARTING & SWITCHING,Januvia,0.0,,0.0,0.0,0.0,
P0165,R1,What hormone injections are available for someone with diabetes mellitus?,STARTING & SWITCHING,Jardiance,0.0,,0.0,0.0,0.0,
P0165,R1,What hormone injections are available for someone with diabetes mellitus?,STARTING & SWITCHING,Mounjaro,0.8888888888888888,1.0,0.1111111111111111,0.0,0.1111111111111111,1.0
P0165,R1,What hormone injections are available for someone with diabetes mellitus?,STARTING & SWITCHING,Rybelsus,0.0,,0.0,0.0,0.0,
P0165,R1,What hormone injections are available for someone with diabetes mellitus?,STARTING & SWITCHING,Saxenda,0.0,,0.0,0.0,0.0,
P0165,R1,What hormone injections are available for someone with diabetes mellitus?,STARTING & SWITCHING,Trulicity,0.8888888888888888,0.16666666666666666,0.7777777777777778,0.7777777777777778,0.0,0.8333333333333334
P0165,R1,What hormone injections are available for someone with diabetes mellitus?,STARTING & SWITCHING,Victoza,0.8888888888888888,0.3333333333333333,0.6666666666666666,0.6666666666666666,0.0,1.0
P0165,R1,What hormone injections are available for someone with diabetes mellitus?,STARTING & SWITCHING,Wegovy,0.2222222222222222,1.0,0.0,0.0,0.0,1.0
P0165,R1,What hormone injections are available for someone with diabetes mellitus?,STARTING & SWITCHING,Zepbound,0.16666666666666666,1.0,0.0,0.0,0.0,1.0
P0166,R1,"I was just diagnosed today with type 2 diabetes and feel like my life is over. About a month ago I noticed severe dry mouth, drinking tons of water and peeing a lot at night, and I've dropped 15-20 lbs from my normal (I'm 6'1 and 185lbs normally). My first reading today was 485. I thought diabetes was about sugar, which I hardly ever eat. Please tell me it won't be as bad as I am imagining.",WEIGHT LOSS,Farxiga,0.0,,0.0,0.0,0.0,
P0166,R1,"I was just diagnosed today with type 2 diabetes and feel like my life is over. About a month ago I noticed severe dry mouth, drinking tons of water and peeing a lot at night, and I've dropped 15-20 lbs from my normal (I'm 6'1 and 185lbs normally). My first reading today was 485. I thought diabetes was about sugar, which I hardly ever eat. Please tell me it won't be as bad as I am imagining.",WEIGHT LOSS,Invokana,0.0,,0.0,0.0,0.0,
P0166,R1,"I was just diagnosed today with type 2 diabetes and feel like my life is over. About a month ago I noticed severe dry mouth, drinking tons of water and peeing a lot at night, and I've dropped 15-20 lbs from my normal (I'm 6'1 and 185lbs normally). My first reading today was 485. I thought diabetes was about sugar, which I hardly ever eat. Please tell me it won't be as bad as I am imagining.",WEIGHT LOSS,Januvia,0.0,,0.0,0.0,0.0,
P0166,R1,"I was just diagnosed today with type 2 diabetes and feel like my life is over. About a month ago I noticed severe dry mouth, drinking tons of water and peeing a lot at night, and I've dropped 15-20 lbs from my normal (I'm 6'1 and 185lbs normally). My first reading today was 485. I thought diabetes was about sugar, which I hardly ever eat. Please tell me it won't be as bad as I am imagining.",WEIGHT LOSS,Jardiance,0.0,,0.0,0.0,0.0,
P0166,R1,"I was just diagnosed today with type 2 diabetes and feel like my life is over. About a month ago I noticed severe dry mouth, drinking tons of water and peeing a lot at night, and I've dropped 15-20 lbs from my normal (I'm 6'1 and 185lbs normally). My first reading today was 485. I thought diabetes was about sugar, which I hardly ever eat. Please tell me it won't be as bad as I am imagining.",WEIGHT LOSS,Mounjaro,0.125,1.0,0.0,0.0,0.0,1.0
P0166,R1,"I was just diagnosed today with type 2 diabetes and feel like my life is over. About a month ago I noticed severe dry mouth, drinking tons of water and peeing a lot at night, and I've dropped 15-20 lbs from my normal (I'm 6'1 and 185lbs normally). My first reading today was 485. I thought diabetes was about sugar, which I hardly ever eat. Please tell me it won't be as bad as I am imagining.",WEIGHT LOSS,Rybelsus,0.0,,0.0,0.0,0.0,
P0166,R1,"I was just diagnosed today with type 2 diabetes and feel like my life is over. About a month ago I noticed severe dry mouth, drinking tons of water and peeing a lot at night, and I've dropped 15-20 lbs from my normal (I'm 6'1 and 185lbs normally). My first reading today was 485. I thought diabetes was about sugar, which I hardly ever eat. Please tell me it won't be as bad as I am imagining.",WEIGHT LOSS,Saxenda,0.0,,0.0,0.0,0.0,
P0166,R1,"I was just diagnosed today with type 2 diabetes and feel like my life is over. About a month ago I noticed severe dry mouth, drinking tons of water and peeing a lot at night, and I've dropped 15-20 lbs from my normal (I'm 6'1 and 185lbs normally). My first reading today was 485. I thought diabetes was about sugar, which I hardly ever eat. Please tell me it won't be as bad as I am imagining.",WEIGHT LOSS,Trulicity,0.0,,0.0,0.0,0.0,
P0166,R1,"I was just diagnosed today with type 2 diabetes and feel like my life is over. About a month ago I noticed severe dry mouth, drinking tons of water and peeing a lot at night, and I've dropped 15-20 lbs from my normal (I'm 6'1 and 185lbs normally). My first reading today was 485. I thought diabetes was about sugar, which I hardly ever eat. Please tell me it won't be as bad as I am imagining.",WEIGHT LOSS,Victoza,0.0,,0.0,0.0,0.0,
P0166,R1,"I was just diagnosed today with type 2 diabetes and feel like my life is over. About a month ago I noticed severe dry mouth, drinking tons of water and peeing a lot at night, and I've dropped 15-20 lbs from my normal (I'm 6'1 and 185lbs normally). My first reading today was 485. I thought diabetes was about sugar, which I hardly ever eat. Please tell me it won't be as bad as I am imagining.",WEIGHT LOSS,Wegovy,0.0,,0.0,0.0,0.0,
P0166,R1,"I was just diagnosed today with type 2 diabetes and feel like my life is over. About a month ago I noticed severe dry mouth, drinking tons of water and peeing a lot at night, and I've dropped 15-20 lbs from my normal (I'm 6'1 and 185lbs normally). My first reading today was 485. I thought diabetes was about sugar, which I hardly ever eat. Please tell me it won't be as bad as I am imagining.",WEIGHT LOSS,Zepbound,0.0,,0.0,0.0,0.0,
P0167,R1,"I've gotten all of my tests back and I'm 99% sure I'm a type 2 diabetic. My question is, do all type 2 diabetics have to inject themselves with insulin or any other type of medication? I'm terrified of needles, that's why I'm asking.",STARTING & SWITCHING,Farxiga,0.16666666666666666,0.0,0.3333333333333333,0.16666666666666666,0.16666666666666666,1.0
P0167,R1,"I've gotten all of my tests back and I'm 99% sure I'm a type 2 diabetic. My question is, do all type 2 diabetics have to inject themselves with insulin or any other type of medication? I'm terrified of needles, that's why I'm asking.",STARTING & SWITCHING,Invokana,0.08333333333333333,0.0,0.16666666666666666,0.08333333333333333,0.08333333333333333,1.0
P0167,R1,"I've gotten all of my tests back and I'm 99% sure I'm a type 2 diabetic. My question is, do all type 2 diabetics have to inject themselves with insulin or any other type of medication? I'm terrified of needles, that's why I'm asking.",STARTING & SWITCHING,Januvia,0.16666666666666666,0.0,0.16666666666666666,0.16666666666666666,0.0,1.0
P0167,R1,"I've gotten all of my tests back and I'm 99% sure I'm a type 2 diabetic. My question is, do all type 2 diabetics have to inject themselves with insulin or any other type of medication? I'm terrified of needles, that's why I'm asking.",STARTING & SWITCHING,Jardiance,0.41666666666666663,0.0,0.5833333333333334,0.41666666666666663,0.16666666666666666,1.0
P0167,R1,"I've gotten all of my tests back and I'm 99% sure I'm a type 2 diabetic. My question is, do all type 2 diabetics have to inject themselves with insulin or any other type of medication? I'm terrified of needles, that's why I'm asking.",STARTING & SWITCHING,Mounjaro,0.4583333333333333,1.0,0.0,0.0,0.0,1.0
P0167,R1,"I've gotten all of my tests back and I'm 99% sure I'm a type 2 diabetic. My question is, do all type 2 diabetics have to inject themselves with insulin or any other type of medication? I'm terrified of needles, that's why I'm asking.",STARTING & SWITCHING,Rybelsus,0.4583333333333333,0.6666666666666666,0.3333333333333333,0.25,0.08333333333333333,1.0
P0167,R1,"I've gotten all of my tests back and I'm 99% sure I'm a type 2 diabetic. My question is, do all type 2 diabetics have to inject themselves with insulin or any other type of medication? I'm terrified of needles, that's why I'm asking.",STARTING & SWITCHING,Saxenda,0.0,,0.0,0.0,0.0,
P0167,R1,"I've gotten all of my tests back and I'm 99% sure I'm a type 2 diabetic. My question is, do all type 2 diabetics have to inject themselves with insulin or any other type of medication? I'm terrified of needles, that's why I'm asking.",STARTING & SWITCHING,Trulicity,0.16666666666666666,1.0,0.0,0.0,0.0,1.0
P0167,R1,"I've gotten all of my tests back and I'm 99% sure I'm a type 2 diabetic. My question is, do all type 2 diabetics have to inject themselves with insulin or any other type of medication? I'm terrified of needles, that's why I'm asking.",STARTING & SWITCHING,Victoza,0.08333333333333333,1.0,0.0,0.0,0.0,1.0
P0167,R1,"I've gotten all of my tests back and I'm 99% sure I'm a type 2 diabetic. My question is, do all type 2 diabetics have to inject themselves with insulin or any other type of medication? I'm terrified of needles, that's why I'm asking.",STARTING & SWITCHING,Wegovy,0.0,,0.0,0.0,0.0,
P0167,R1,"I've gotten all of my tests back and I'm 99% sure I'm a type 2 diabetic. My question is, do all type 2 diabetics have to inject themselves with insulin or any other type of medication? I'm terrified of needles, that's why I'm asking.",STARTING & SWITCHING,Zepbound,0.0,,0.0,0.0,0.0,
P0168,R1,Over the years my endo has put me on every medicine except insulin. Last week I asked her if I need to be on insulin and she reluctantly said yes and plans on writing a script next week. Is there any negative to going on insulin?,STARTING & SWITCHING,Farxiga,0.0,,0.0,0.0,0.0,
P0168,R1,Over the years my endo has put me on every medicine except insulin. Last week I asked her if I need to be on insulin and she reluctantly said yes and plans on writing a script next week. Is there any negative to going on insulin?,STARTING & SWITCHING,Invokana,0.0,,0.0,0.0,0.0,
P0168,R1,Over the years my endo has put me on every medicine except insulin. Last week I asked her if I need to be on insulin and she reluctantly said yes and plans on writing a script next week. Is there any negative to going on insulin?,STARTING & SWITCHING,Januvia,0.0,,0.0,0.0,0.0,
P0168,R1,Over the years my endo has put me on every medicine except insulin. Last week I asked her if I need to be on insulin and she reluctantly said yes and plans on writing a script next week. Is there any negative to going on insulin?,STARTING & SWITCHING,Jardiance,0.0,,0.0,0.0,0.0,
P0168,R1,Over the years my endo has put me on every medicine except insulin. Last week I asked her if I need to be on insulin and she reluctantly said yes and plans on writing a script next week. Is there any negative to going on insulin?,STARTING & SWITCHING,Mounjaro,0.0,,0.0,0.0,0.0,
P0168,R1,Over the years my endo has put me on every medicine except insulin. Last week I asked her if I need to be on insulin and she reluctantly said yes and plans on writing a script next week. Is there any negative to going on insulin?,STARTING & SWITCHING,Rybelsus,0.0,,0.0,0.0,0.0,
P0168,R1,Over the years my endo has put me on every medicine except insulin. Last week I asked her if I need to be on insulin and she reluctantly said yes and plans on writing a script next week. Is there any negative to going on insulin?,STARTING & SWITCHING,Saxenda,0.0,,0.0,0.0,0.0,
P0168,R1,Over the years my endo has put me on every medicine except insulin. Last week I asked her if I need to be on insulin and she reluctantly said yes and plans on writing a script next week. Is there any negative to going on insulin?,STARTING & SWITCHING,Trulicity,0.0,,0.0,0.0,0.0,
P0168,R1,Over the years my endo has put me on every medicine except insulin. Last week I asked her if I need to be on insulin and she reluctantly said yes and plans on writing a script next week. Is there any negative to going on insulin?,STARTING & SWITCHING,Victoza,0.0,,0.0,0.0,0.0,
P0168,R1,Over the years my endo has put me on every medicine except insulin. Last week I asked her if I need to be on insulin and she reluctantly said yes and plans on writing a script next week. Is there any negative to going on insulin?,STARTING & SWITCHING,Wegovy,0.0,,0.0,0.0,0.0,
P0168,R1,Over the years my endo has put me on every medicine except insulin. Last week I asked her if I need to be on insulin and she reluctantly said yes and plans on writing a script next week. Is there any negative to going on insulin?,STARTING & SWITCHING,Zepbound,0.0,,0.0,0.0,0.0,
P0169,R1,"I was diagnosed with T2 last month with my A1C at 11. My doctor put me on insulin directly (for fast action) plus fenofibrate for my triglycerides, and I've been eating a clean low carb/low fat diet. My daily average blood glucose has decreased to the 110-130 range. Can I get off the insulin and take oral meds? Kind of fed up with poking. Also, are any supplements you have used that work?",WEIGHT LOSS,Farxiga,0.0,,0.3333333333333333,0.0,0.3333333333333333,
P0169,R1,"I was diagnosed with T2 last month with my A1C at 11. My doctor put me on insulin directly (for fast action) plus fenofibrate for my triglycerides, and I've been eating a clean low carb/low fat diet. My daily average blood glucose has decreased to the 110-130 range. Can I get off the insulin and take oral meds? Kind of fed up with poking. Also, are any supplements you have used that work?",WEIGHT LOSS,Invokana,0.0,,0.0,0.0,0.0,
P0169,R1,"I was diagnosed with T2 last month with my A1C at 11. My doctor put me on insulin directly (for fast action) plus fenofibrate for my triglycerides, and I've been eating a clean low carb/low fat diet. My daily average blood glucose has decreased to the 110-130 range. Can I get off the insulin and take oral meds? Kind of fed up with poking. Also, are any supplements you have used that work?",WEIGHT LOSS,Januvia,0.0,,0.16666666666666666,0.0,0.16666666666666666,
P0169,R1,"I was diagnosed with T2 last month with my A1C at 11. My doctor put me on insulin directly (for fast action) plus fenofibrate for my triglycerides, and I've been eating a clean low carb/low fat diet. My daily average blood glucose has decreased to the 110-130 range. Can I get off the insulin and take oral meds? Kind of fed up with poking. Also, are any supplements you have used that work?",WEIGHT LOSS,Jardiance,0.0,,0.3333333333333333,0.0,0.3333333333333333,
P0169,R1,"I was diagnosed with T2 last month with my A1C at 11. My doctor put me on insulin directly (for fast action) plus fenofibrate for my triglycerides, and I've been eating a clean low carb/low fat diet. My daily average blood glucose has decreased to the 110-130 range. Can I get off the insulin and take oral meds? Kind of fed up with poking. Also, are any supplements you have used that work?",WEIGHT LOSS,Mounjaro,0.0,,0.0,0.0,0.0,
P0169,R1,"I was diagnosed with T2 last month with my A1C at 11. My doctor put me on insulin directly (for fast action) plus fenofibrate for my triglycerides, and I've been eating a clean low carb/low fat diet. My daily average blood glucose has decreased to the 110-130 range. Can I get off the insulin and take oral meds? Kind of fed up with poking. Also, are any supplements you have used that work?",WEIGHT LOSS,Rybelsus,0.0,,0.3333333333333333,0.0,0.3333333333333333,
P0169,R1,"I was diagnosed with T2 last month with my A1C at 11. My doctor put me on insulin directly (for fast action) plus fenofibrate for my triglycerides, and I've been eating a clean low carb/low fat diet. My daily average blood glucose has decreased to the 110-130 range. Can I get off the insulin and take oral meds? Kind of fed up with poking. Also, are any supplements you have used that work?",WEIGHT LOSS,Saxenda,0.0,,0.0,0.0,0.0,
P0169,R1,"I was diagnosed with T2 last month with my A1C at 11. My doctor put me on insulin directly (for fast action) plus fenofibrate for my triglycerides, and I've been eating a clean low carb/low fat diet. My daily average blood glucose has decreased to the 110-130 range. Can I get off the insulin and take oral meds? Kind of fed up with poking. Also, are any supplements you have used that work?",WEIGHT LOSS,Trulicity,0.0,,0.0,0.0,0.0,
P0169,R1,"I was diagnosed with T2 last month with my A1C at 11. My doctor put me on insulin directly (for fast action) plus fenofibrate for my triglycerides, and I've been eating a clean low carb/low fat diet. My daily average blood glucose has decreased to the 110-130 range. Can I get off the insulin and take oral meds? Kind of fed up with poking. Also, are any supplements you have used that work?",WEIGHT LOSS,Victoza,0.0,,0.0,0.0,0.0,
P0169,R1,"I was diagnosed with T2 last month with my A1C at 11. My doctor put me on insulin directly (for fast action) plus fenofibrate for my triglycerides, and I've been eating a clean low carb/low fat diet. My daily average blood glucose has decreased to the 110-130 range. Can I get off the insulin and take oral meds? Kind of fed up with poking. Also, are any supplements you have used that work?",WEIGHT LOSS,Wegovy,0.0,,0.0,0.0,0.0,
P0169,R1,"I was diagnosed with T2 last month with my A1C at 11. My doctor put me on insulin directly (for fast action) plus fenofibrate for my triglycerides, and I've been eating a clean low carb/low fat diet. My daily average blood glucose has decreased to the 110-130 range. Can I get off the insulin and take oral meds? Kind of fed up with poking. Also, are any supplements you have used that work?",WEIGHT LOSS,Zepbound,0.0,,0.0,0.0,0.0,
P0170,R1,"Hi all,  
I am devastated. I got diagnosed by type 2 diabetes (extremely high). Got an Hba1c of 13. I’m 36 and I am really lost and sad. I don’t know what to do.",BLOOD SUGAR & GLYCEMIC CONTROL,Farxiga,0.0,,0.0,0.0,0.0,
P0170,R1,"Hi all,  
I am devastated. I got diagnosed by type 2 diabetes (extremely high). Got an Hba1c of 13. I’m 36 and I am really lost and sad. I don’t know what to do.",BLOOD SUGAR & GLYCEMIC CONTROL,Invokana,0.0,,0.0,0.0,0.0,
P0170,R1,"Hi all,  
I am devastated. I got diagnosed by type 2 diabetes (extremely high). Got an Hba1c of 13. I’m 36 and I am really lost and sad. I don’t know what to do.",BLOOD SUGAR & GLYCEMIC CONTROL,Januvia,0.0,,0.0,0.0,0.0,
P0170,R1,"Hi all,  
I am devastated. I got diagnosed by type 2 diabetes (extremely high). Got an Hba1c of 13. I’m 36 and I am really lost and sad. I don’t know what to do.",BLOOD SUGAR & GLYCEMIC CONTROL,Jardiance,0.0,,0.0,0.0,0.0,
P0170,R1,"Hi all,  
I am devastated. I got diagnosed by type 2 diabetes (extremely high). Got an Hba1c of 13. I’m 36 and I am really lost and sad. I don’t know what to do.",BLOOD SUGAR & GLYCEMIC CONTROL,Mounjaro,0.0,,0.0,0.0,0.0,
P0170,R1,"Hi all,  
I am devastated. I got diagnosed by type 2 diabetes (extremely high). Got an Hba1c of 13. I’m 36 and I am really lost and sad. I don’t know what to do.",BLOOD SUGAR & GLYCEMIC CONTROL,Rybelsus,0.125,1.0,0.0,0.0,0.0,1.0
P0170,R1,"Hi all,  
I am devastated. I got diagnosed by type 2 diabetes (extremely high). Got an Hba1c of 13. I’m 36 and I am really lost and sad. I don’t know what to do.",BLOOD SUGAR & GLYCEMIC CONTROL,Saxenda,0.0,,0.0,0.0,0.0,
P0170,R1,"Hi all,  
I am devastated. I got diagnosed by type 2 diabetes (extremely high). Got an Hba1c of 13. I’m 36 and I am really lost and sad. I don’t know what to do.",BLOOD SUGAR & GLYCEMIC CONTROL,Trulicity,0.0,,0.0,0.0,0.0,
P0170,R1,"Hi all,  
I am devastated. I got diagnosed by type 2 diabetes (extremely high). Got an Hba1c of 13. I’m 36 and I am really lost and sad. I don’t know what to do.",BLOOD SUGAR & GLYCEMIC CONTROL,Victoza,0.0,,0.0,0.0,0.0,
P0170,R1,"Hi all,  
I am devastated. I got diagnosed by type 2 diabetes (extremely high). Got an Hba1c of 13. I’m 36 and I am really lost and sad. I don’t know what to do.",BLOOD SUGAR & GLYCEMIC CONTROL,Wegovy,0.0,,0.0,0.0,0.0,
P0170,R1,"Hi all,  
I am devastated. I got diagnosed by type 2 diabetes (extremely high). Got an Hba1c of 13. I’m 36 and I am really lost and sad. I don’t know what to do.",BLOOD SUGAR & GLYCEMIC CONTROL,Zepbound,0.0,,0.0,0.0,0.0,
P0171,R1,"I was just diagnosed and so far I went grocery shopping and got a bunch of healthy, low sugar foods, got rid of sugary foods/drinks, and I'm falling down rabbit holes of healthy diabetic diet recipes. Just trying my best to make the changes I need to. Any advice is appreciated.",BLOOD SUGAR & GLYCEMIC CONTROL,Farxiga,0.0,,0.0,0.0,0.0,
P0171,R1,"I was just diagnosed and so far I went grocery shopping and got a bunch of healthy, low sugar foods, got rid of sugary foods/drinks, and I'm falling down rabbit holes of healthy diabetic diet recipes. Just trying my best to make the changes I need to. Any advice is appreciated.",BLOOD SUGAR & GLYCEMIC CONTROL,Invokana,0.0,,0.0,0.0,0.0,
P0171,R1,"I was just diagnosed and so far I went grocery shopping and got a bunch of healthy, low sugar foods, got rid of sugary foods/drinks, and I'm falling down rabbit holes of healthy diabetic diet recipes. Just trying my best to make the changes I need to. Any advice is appreciated.",BLOOD SUGAR & GLYCEMIC CONTROL,Januvia,0.0,,0.0,0.0,0.0,
P0171,R1,"I was just diagnosed and so far I went grocery shopping and got a bunch of healthy, low sugar foods, got rid of sugary foods/drinks, and I'm falling down rabbit holes of healthy diabetic diet recipes. Just trying my best to make the changes I need to. Any advice is appreciated.",BLOOD SUGAR & GLYCEMIC CONTROL,Jardiance,0.0,,0.0,0.0,0.0,
P0171,R1,"I was just diagnosed and so far I went grocery shopping and got a bunch of healthy, low sugar foods, got rid of sugary foods/drinks, and I'm falling down rabbit holes of healthy diabetic diet recipes. Just trying my best to make the changes I need to. Any advice is appreciated.",BLOOD SUGAR & GLYCEMIC CONTROL,Mounjaro,0.0,,0.0,0.0,0.0,
P0171,R1,"I was just diagnosed and so far I went grocery shopping and got a bunch of healthy, low sugar foods, got rid of sugary foods/drinks, and I'm falling down rabbit holes of healthy diabetic diet recipes. Just trying my best to make the changes I need to. Any advice is appreciated.",BLOOD SUGAR & GLYCEMIC CONTROL,Rybelsus,0.0,,0.0,0.0,0.0,
P0171,R1,"I was just diagnosed and so far I went grocery shopping and got a bunch of healthy, low sugar foods, got rid of sugary foods/drinks, and I'm falling down rabbit holes of healthy diabetic diet recipes. Just trying my best to make the changes I need to. Any advice is appreciated.",BLOOD SUGAR & GLYCEMIC CONTROL,Saxenda,0.0,,0.0,0.0,0.0,
P0171,R1,"I was just diagnosed and so far I went grocery shopping and got a bunch of healthy, low sugar foods, got rid of sugary foods/drinks, and I'm falling down rabbit holes of healthy diabetic diet recipes. Just trying my best to make the changes I need to. Any advice is appreciated.",BLOOD SUGAR & GLYCEMIC CONTROL,Trulicity,0.0,,0.0,0.0,0.0,
P0171,R1,"I was just diagnosed and so far I went grocery shopping and got a bunch of healthy, low sugar foods, got rid of sugary foods/drinks, and I'm falling down rabbit holes of healthy diabetic diet recipes. Just trying my best to make the changes I need to. Any advice is appreciated.",BLOOD SUGAR & GLYCEMIC CONTROL,Victoza,0.0,,0.0,0.0,0.0,
P0171,R1,"I was just diagnosed and so far I went grocery shopping and got a bunch of healthy, low sugar foods, got rid of sugary foods/drinks, and I'm falling down rabbit holes of healthy diabetic diet recipes. Just trying my best to make the changes I need to. Any advice is appreciated.",BLOOD SUGAR & GLYCEMIC CONTROL,Wegovy,0.0,,0.0,0.0,0.0,
P0171,R1,"I was just diagnosed and so far I went grocery shopping and got a bunch of healthy, low sugar foods, got rid of sugary foods/drinks, and I'm falling down rabbit holes of healthy diabetic diet recipes. Just trying my best to make the changes I need to. Any advice is appreciated.",BLOOD SUGAR & GLYCEMIC CONTROL,Zepbound,0.0,,0.0,0.0,0.0,
P0172,R1,"I recently found out I'm pre-diabetic — my HBA1C is 6.2 (44mmol). I'm 34, active, 5ft 8, 168lbs (overweight but not hugely). My dad was diagnosed at 30ish and my sister at 33, so there's family history. I want to not end up with diabetes. Please, what can I do?",WEIGHT LOSS,Farxiga,0.0,,0.0,0.0,0.0,
P0172,R1,"I recently found out I'm pre-diabetic — my HBA1C is 6.2 (44mmol). I'm 34, active, 5ft 8, 168lbs (overweight but not hugely). My dad was diagnosed at 30ish and my sister at 33, so there's family history. I want to not end up with diabetes. Please, what can I do?",WEIGHT LOSS,Invokana,0.0,,0.0,0.0,0.0,
P0172,R1,"I recently found out I'm pre-diabetic — my HBA1C is 6.2 (44mmol). I'm 34, active, 5ft 8, 168lbs (overweight but not hugely). My dad was diagnosed at 30ish and my sister at 33, so there's family history. I want to not end up with diabetes. Please, what can I do?",WEIGHT LOSS,Januvia,0.0,,0.0,0.0,0.0,
P0172,R1,"I recently found out I'm pre-diabetic — my HBA1C is 6.2 (44mmol). I'm 34, active, 5ft 8, 168lbs (overweight but not hugely). My dad was diagnosed at 30ish and my sister at 33, so there's family history. I want to not end up with diabetes. Please, what can I do?",WEIGHT LOSS,Jardiance,0.0,,0.0,0.0,0.0,
P0172,R1,"I recently found out I'm pre-diabetic — my HBA1C is 6.2 (44mmol). I'm 34, active, 5ft 8, 168lbs (overweight but not hugely). My dad was diagnosed at 30ish and my sister at 33, so there's family history. I want to not end up with diabetes. Please, what can I do?",WEIGHT LOSS,Mounjaro,0.0,,0.0,0.0,0.0,
P0172,R1,"I recently found out I'm pre-diabetic — my HBA1C is 6.2 (44mmol). I'm 34, active, 5ft 8, 168lbs (overweight but not hugely). My dad was diagnosed at 30ish and my sister at 33, so there's family history. I want to not end up with diabetes. Please, what can I do?",WEIGHT LOSS,Rybelsus,0.0,,0.0,0.0,0.0,
P0172,R1,"I recently found out I'm pre-diabetic — my HBA1C is 6.2 (44mmol). I'm 34, active, 5ft 8, 168lbs (overweight but not hugely). My dad was diagnosed at 30ish and my sister at 33, so there's family history. I want to not end up with diabetes. Please, what can I do?",WEIGHT LOSS,Saxenda,0.0,,0.0,0.0,0.0,
P0172,R1,"I recently found out I'm pre-diabetic — my HBA1C is 6.2 (44mmol). I'm 34, active, 5ft 8, 168lbs (overweight but not hugely). My dad was diagnosed at 30ish and my sister at 33, so there's family history. I want to not end up with diabetes. Please, what can I do?",WEIGHT LOSS,Trulicity,0.0,,0.0,0.0,0.0,
P0172,R1,"I recently found out I'm pre-diabetic — my HBA1C is 6.2 (44mmol). I'm 34, active, 5ft 8, 168lbs (overweight but not hugely). My dad was diagnosed at 30ish and my sister at 33, so there's family history. I want to not end up with diabetes. Please, what can I do?",WEIGHT LOSS,Victoza,0.0,,0.0,0.0,0.0,
P0172,R1,"I recently found out I'm pre-diabetic — my HBA1C is 6.2 (44mmol). I'm 34, active, 5ft 8, 168lbs (overweight but not hugely). My dad was diagnosed at 30ish and my sister at 33, so there's family history. I want to not end up with diabetes. Please, what can I do?",WEIGHT LOSS,Wegovy,0.0,,0.125,0.0,0.125,
P0172,R1,"I recently found out I'm pre-diabetic — my HBA1C is 6.2 (44mmol). I'm 34, active, 5ft 8, 168lbs (overweight but not hugely). My dad was diagnosed at 30ish and my sister at 33, so there's family history. I want to not end up with diabetes. Please, what can I do?",WEIGHT LOSS,Zepbound,0.0,,0.125,0.0,0.125,
P0173,R1,"I (36M) just got told I officially have type 2 diabetes today and it's overwhelming — there's just SO much information. I could use some guidance on where to start, any helpful tips, stories, books maybe? Anything I can begin with. I have a relative plan to change diet and exercise but can always use a refresher and advice.",STARTING & SWITCHING,Farxiga,0.0,,0.0,0.0,0.0,
P0173,R1,"I (36M) just got told I officially have type 2 diabetes today and it's overwhelming — there's just SO much information. I could use some guidance on where to start, any helpful tips, stories, books maybe? Anything I can begin with. I have a relative plan to change diet and exercise but can always use a refresher and advice.",STARTING & SWITCHING,Invokana,0.0,,0.0,0.0,0.0,
P0173,R1,"I (36M) just got told I officially have type 2 diabetes today and it's overwhelming — there's just SO much information. I could use some guidance on where to start, any helpful tips, stories, books maybe? Anything I can begin with. I have a relative plan to change diet and exercise but can always use a refresher and advice.",STARTING & SWITCHING,Januvia,0.0,,0.0,0.0,0.0,
P0173,R1,"I (36M) just got told I officially have type 2 diabetes today and it's overwhelming — there's just SO much information. I could use some guidance on where to start, any helpful tips, stories, books maybe? Anything I can begin with. I have a relative plan to change diet and exercise but can always use a refresher and advice.",STARTING & SWITCHING,Jardiance,0.0,,0.0,0.0,0.0,
P0173,R1,"I (36M) just got told I officially have type 2 diabetes today and it's overwhelming — there's just SO much information. I could use some guidance on where to start, any helpful tips, stories, books maybe? Anything I can begin with. I have a relative plan to change diet and exercise but can always use a refresher and advice.",STARTING & SWITCHING,Mounjaro,0.0,,0.0,0.0,0.0,
P0173,R1,"I (36M) just got told I officially have type 2 diabetes today and it's overwhelming — there's just SO much information. I could use some guidance on where to start, any helpful tips, stories, books maybe? Anything I can begin with. I have a relative plan to change diet and exercise but can always use a refresher and advice.",STARTING & SWITCHING,Rybelsus,0.0,,0.0,0.0,0.0,
P0173,R1,"I (36M) just got told I officially have type 2 diabetes today and it's overwhelming — there's just SO much information. I could use some guidance on where to start, any helpful tips, stories, books maybe? Anything I can begin with. I have a relative plan to change diet and exercise but can always use a refresher and advice.",STARTING & SWITCHING,Saxenda,0.0,,0.0,0.0,0.0,
P0173,R1,"I (36M) just got told I officially have type 2 diabetes today and it's overwhelming — there's just SO much information. I could use some guidance on where to start, any helpful tips, stories, books maybe? Anything I can begin with. I have a relative plan to change diet and exercise but can always use a refresher and advice.",STARTING & SWITCHING,Trulicity,0.0,,0.0,0.0,0.0,
P0173,R1,"I (36M) just got told I officially have type 2 diabetes today and it's overwhelming — there's just SO much information. I could use some guidance on where to start, any helpful tips, stories, books maybe? Anything I can begin with. I have a relative plan to change diet and exercise but can always use a refresher and advice.",STARTING & SWITCHING,Victoza,0.0,,0.0,0.0,0.0,
P0173,R1,"I (36M) just got told I officially have type 2 diabetes today and it's overwhelming — there's just SO much information. I could use some guidance on where to start, any helpful tips, stories, books maybe? Anything I can begin with. I have a relative plan to change diet and exercise but can always use a refresher and advice.",STARTING & SWITCHING,Wegovy,0.0,,0.0,0.0,0.0,
P0173,R1,"I (36M) just got told I officially have type 2 diabetes today and it's overwhelming — there's just SO much information. I could use some guidance on where to start, any helpful tips, stories, books maybe? Anything I can begin with. I have a relative plan to change diet and exercise but can always use a refresher and advice.",STARTING & SWITCHING,Zepbound,0.0,,0.0,0.0,0.0,
P0174,R1,My dad was told he's a type 2 diabetic last week and wants to get on top of it as quickly as possible. What can I do? And what quick easy recipes or websites for them do you guys recommend?,STARTING & SWITCHING,Farxiga,0.0,,0.0,0.0,0.0,
P0174,R1,My dad was told he's a type 2 diabetic last week and wants to get on top of it as quickly as possible. What can I do? And what quick easy recipes or websites for them do you guys recommend?,STARTING & SWITCHING,Invokana,0.0,,0.0,0.0,0.0,
P0174,R1,My dad was told he's a type 2 diabetic last week and wants to get on top of it as quickly as possible. What can I do? And what quick easy recipes or websites for them do you guys recommend?,STARTING & SWITCHING,Januvia,0.0,,0.0,0.0,0.0,
P0174,R1,My dad was told he's a type 2 diabetic last week and wants to get on top of it as quickly as possible. What can I do? And what quick easy recipes or websites for them do you guys recommend?,STARTING & SWITCHING,Jardiance,0.0,,0.0,0.0,0.0,
P0174,R1,My dad was told he's a type 2 diabetic last week and wants to get on top of it as quickly as possible. What can I do? And what quick easy recipes or websites for them do you guys recommend?,STARTING & SWITCHING,Mounjaro,0.0,,0.0,0.0,0.0,
P0174,R1,My dad was told he's a type 2 diabetic last week and wants to get on top of it as quickly as possible. What can I do? And what quick easy recipes or websites for them do you guys recommend?,STARTING & SWITCHING,Rybelsus,0.0,,0.0,0.0,0.0,
P0174,R1,My dad was told he's a type 2 diabetic last week and wants to get on top of it as quickly as possible. What can I do? And what quick easy recipes or websites for them do you guys recommend?,STARTING & SWITCHING,Saxenda,0.0,,0.0,0.0,0.0,
P0174,R1,My dad was told he's a type 2 diabetic last week and wants to get on top of it as quickly as possible. What can I do? And what quick easy recipes or websites for them do you guys recommend?,STARTING & SWITCHING,Trulicity,0.0,,0.0,0.0,0.0,
P0174,R1,My dad was told he's a type 2 diabetic last week and wants to get on top of it as quickly as possible. What can I do? And what quick easy recipes or websites for them do you guys recommend?,STARTING & SWITCHING,Victoza,0.0,,0.0,0.0,0.0,
P0174,R1,My dad was told he's a type 2 diabetic last week and wants to get on top of it as quickly as possible. What can I do? And what quick easy recipes or websites for them do you guys recommend?,STARTING & SWITCHING,Wegovy,0.0,,0.0,0.0,0.0,
P0174,R1,My dad was told he's a type 2 diabetic last week and wants to get on top of it as quickly as possible. What can I do? And what quick easy recipes or websites for them do you guys recommend?,STARTING & SWITCHING,Zepbound,0.0,,0.0,0.0,0.0,
P0175,R1,"I was put on 1000mg metformin 2x daily 2 years ago and it was doing its job (A1c down to 6). But my sugars have been out of control the last 4 months and are right back to where they were when I was diagnosed. My doctor wants me to try a more aggressive med, but I'm scared to be put on insulin because you can't back-track from that. Has anyone had metformin just not work for them anymore, and what are you on now?",BLOOD SUGAR & GLYCEMIC CONTROL,Farxiga,0.5833333333333334,0.6666666666666666,0.08333333333333333,0.08333333333333333,0.0,1.0
P0175,R1,"I was put on 1000mg metformin 2x daily 2 years ago and it was doing its job (A1c down to 6). But my sugars have been out of control the last 4 months and are right back to where they were when I was diagnosed. My doctor wants me to try a more aggressive med, but I'm scared to be put on insulin because you can't back-track from that. Has anyone had metformin just not work for them anymore, and what are you on now?",BLOOD SUGAR & GLYCEMIC CONTROL,Invokana,0.20833333333333331,0.5,0.08333333333333333,0.08333333333333333,0.0,1.0
P0175,R1,"I was put on 1000mg metformin 2x daily 2 years ago and it was doing its job (A1c down to 6). But my sugars have been out of control the last 4 months and are right back to where they were when I was diagnosed. My doctor wants me to try a more aggressive med, but I'm scared to be put on insulin because you can't back-track from that. Has anyone had metformin just not work for them anymore, and what are you on now?",BLOOD SUGAR & GLYCEMIC CONTROL,Januvia,0.41666666666666663,0.75,0.08333333333333333,0.08333333333333333,0.0,0.75
P0175,R1,"I was put on 1000mg metformin 2x daily 2 years ago and it was doing its job (A1c down to 6). But my sugars have been out of control the last 4 months and are right back to where they were when I was diagnosed. My doctor wants me to try a more aggressive med, but I'm scared to be put on insulin because you can't back-track from that. Has anyone had metformin just not work for them anymore, and what are you on now?",BLOOD SUGAR & GLYCEMIC CONTROL,Jardiance,0.6666666666666666,0.6666666666666666,0.16666666666666666,0.16666666666666666,0.0,1.0
P0175,R1,"I was put on 1000mg metformin 2x daily 2 years ago and it was doing its job (A1c down to 6). But my sugars have been out of control the last 4 months and are right back to where they were when I was diagnosed. My doctor wants me to try a more aggressive med, but I'm scared to be put on insulin because you can't back-track from that. Has anyone had metformin just not work for them anymore, and what are you on now?",BLOOD SUGAR & GLYCEMIC CONTROL,Mounjaro,0.5833333333333334,1.0,0.08333333333333333,0.0,0.08333333333333333,1.0
P0175,R1,"I was put on 1000mg metformin 2x daily 2 years ago and it was doing its job (A1c down to 6). But my sugars have been out of control the last 4 months and are right back to where they were when I was diagnosed. My doctor wants me to try a more aggressive med, but I'm scared to be put on insulin because you can't back-track from that. Has anyone had metformin just not work for them anymore, and what are you on now?",BLOOD SUGAR & GLYCEMIC CONTROL,Rybelsus,0.3333333333333333,1.0,0.0,0.0,0.0,1.0
P0175,R1,"I was put on 1000mg metformin 2x daily 2 years ago and it was doing its job (A1c down to 6). But my sugars have been out of control the last 4 months and are right back to where they were when I was diagnosed. My doctor wants me to try a more aggressive med, but I'm scared to be put on insulin because you can't back-track from that. Has anyone had metformin just not work for them anymore, and what are you on now?",BLOOD SUGAR & GLYCEMIC CONTROL,Saxenda,0.0,,0.0,0.0,0.0,
P0175,R1,"I was put on 1000mg metformin 2x daily 2 years ago and it was doing its job (A1c down to 6). But my sugars have been out of control the last 4 months and are right back to where they were when I was diagnosed. My doctor wants me to try a more aggressive med, but I'm scared to be put on insulin because you can't back-track from that. Has anyone had metformin just not work for them anymore, and what are you on now?",BLOOD SUGAR & GLYCEMIC CONTROL,Trulicity,0.5833333333333334,0.6666666666666666,0.08333333333333333,0.08333333333333333,0.0,1.0
P0175,R1,"I was put on 1000mg metformin 2x daily 2 years ago and it was doing its job (A1c down to 6). But my sugars have been out of control the last 4 months and are right back to where they were when I was diagnosed. My doctor wants me to try a more aggressive med, but I'm scared to be put on insulin because you can't back-track from that. Has anyone had metformin just not work for them anymore, and what are you on now?",BLOOD SUGAR & GLYCEMIC CONTROL,Victoza,0.6666666666666666,0.8333333333333334,0.08333333333333333,0.08333333333333333,0.0,0.8333333333333334
P0175,R1,"I was put on 1000mg metformin 2x daily 2 years ago and it was doing its job (A1c down to 6). But my sugars have been out of control the last 4 months and are right back to where they were when I was diagnosed. My doctor wants me to try a more aggressive med, but I'm scared to be put on insulin because you can't back-track from that. Has anyone had metformin just not work for them anymore, and what are you on now?",BLOOD SUGAR & GLYCEMIC CONTROL,Wegovy,0.0,,0.0,0.0,0.0,
P0175,R1,"I was put on 1000mg metformin 2x daily 2 years ago and it was doing its job (A1c down to 6). But my sugars have been out of control the last 4 months and are right back to where they were when I was diagnosed. My doctor wants me to try a more aggressive med, but I'm scared to be put on insulin because you can't back-track from that. Has anyone had metformin just not work for them anymore, and what are you on now?",BLOOD SUGAR & GLYCEMIC CONTROL,Zepbound,0.0,,0.0,0.0,0.0,
P0176,R1,"I'm 30M, diagnosed with T2D (hba1c ~12) 4 years ago. Metformin brought it under control quickly, but I stopped monitoring twice and it crept back to 10+. This time the third doctor put me on insulin, increasing +2 every 3 days — I'm at 20 units now (started at 12), but no matter how much I increase, my fasting isn't coming below 200mg/dl. Did anyone else feel Metformin brought sugar levels under control faster than insulin? And did anyone come back to tablets from insulin?",PRICE & ACCESS,Farxiga,0.0,,0.0,0.0,0.0,
P0176,R1,"I'm 30M, diagnosed with T2D (hba1c ~12) 4 years ago. Metformin brought it under control quickly, but I stopped monitoring twice and it crept back to 10+. This time the third doctor put me on insulin, increasing +2 every 3 days — I'm at 20 units now (started at 12), but no matter how much I increase, my fasting isn't coming below 200mg/dl. Did anyone else feel Metformin brought sugar levels under control faster than insulin? And did anyone come back to tablets from insulin?",PRICE & ACCESS,Invokana,0.0,,0.0,0.0,0.0,
P0176,R1,"I'm 30M, diagnosed with T2D (hba1c ~12) 4 years ago. Metformin brought it under control quickly, but I stopped monitoring twice and it crept back to 10+. This time the third doctor put me on insulin, increasing +2 every 3 days — I'm at 20 units now (started at 12), but no matter how much I increase, my fasting isn't coming below 200mg/dl. Did anyone else feel Metformin brought sugar levels under control faster than insulin? And did anyone come back to tablets from insulin?",PRICE & ACCESS,Januvia,0.0,,0.0,0.0,0.0,
P0176,R1,"I'm 30M, diagnosed with T2D (hba1c ~12) 4 years ago. Metformin brought it under control quickly, but I stopped monitoring twice and it crept back to 10+. This time the third doctor put me on insulin, increasing +2 every 3 days — I'm at 20 units now (started at 12), but no matter how much I increase, my fasting isn't coming below 200mg/dl. Did anyone else feel Metformin brought sugar levels under control faster than insulin? And did anyone come back to tablets from insulin?",PRICE & ACCESS,Jardiance,0.0,,0.0,0.0,0.0,
P0176,R1,"I'm 30M, diagnosed with T2D (hba1c ~12) 4 years ago. Metformin brought it under control quickly, but I stopped monitoring twice and it crept back to 10+. This time the third doctor put me on insulin, increasing +2 every 3 days — I'm at 20 units now (started at 12), but no matter how much I increase, my fasting isn't coming below 200mg/dl. Did anyone else feel Metformin brought sugar levels under control faster than insulin? And did anyone come back to tablets from insulin?",PRICE & ACCESS,Mounjaro,0.0,,0.0,0.0,0.0,
P0176,R1,"I'm 30M, diagnosed with T2D (hba1c ~12) 4 years ago. Metformin brought it under control quickly, but I stopped monitoring twice and it crept back to 10+. This time the third doctor put me on insulin, increasing +2 every 3 days — I'm at 20 units now (started at 12), but no matter how much I increase, my fasting isn't coming below 200mg/dl. Did anyone else feel Metformin brought sugar levels under control faster than insulin? And did anyone come back to tablets from insulin?",PRICE & ACCESS,Rybelsus,0.0,,0.0,0.0,0.0,
P0176,R1,"I'm 30M, diagnosed with T2D (hba1c ~12) 4 years ago. Metformin brought it under control quickly, but I stopped monitoring twice and it crept back to 10+. This time the third doctor put me on insulin, increasing +2 every 3 days — I'm at 20 units now (started at 12), but no matter how much I increase, my fasting isn't coming below 200mg/dl. Did anyone else feel Metformin brought sugar levels under control faster than insulin? And did anyone come back to tablets from insulin?",PRICE & ACCESS,Saxenda,0.0,,0.0,0.0,0.0,
P0176,R1,"I'm 30M, diagnosed with T2D (hba1c ~12) 4 years ago. Metformin brought it under control quickly, but I stopped monitoring twice and it crept back to 10+. This time the third doctor put me on insulin, increasing +2 every 3 days — I'm at 20 units now (started at 12), but no matter how much I increase, my fasting isn't coming below 200mg/dl. Did anyone else feel Metformin brought sugar levels under control faster than insulin? And did anyone come back to tablets from insulin?",PRICE & ACCESS,Trulicity,0.0,,0.0,0.0,0.0,
P0176,R1,"I'm 30M, diagnosed with T2D (hba1c ~12) 4 years ago. Metformin brought it under control quickly, but I stopped monitoring twice and it crept back to 10+. This time the third doctor put me on insulin, increasing +2 every 3 days — I'm at 20 units now (started at 12), but no matter how much I increase, my fasting isn't coming below 200mg/dl. Did anyone else feel Metformin brought sugar levels under control faster than insulin? And did anyone come back to tablets from insulin?",PRICE & ACCESS,Victoza,0.125,1.0,0.0,0.0,0.0,1.0
P0176,R1,"I'm 30M, diagnosed with T2D (hba1c ~12) 4 years ago. Metformin brought it under control quickly, but I stopped monitoring twice and it crept back to 10+. This time the third doctor put me on insulin, increasing +2 every 3 days — I'm at 20 units now (started at 12), but no matter how much I increase, my fasting isn't coming below 200mg/dl. Did anyone else feel Metformin brought sugar levels under control faster than insulin? And did anyone come back to tablets from insulin?",PRICE & ACCESS,Wegovy,0.0,,0.0,0.0,0.0,
P0176,R1,"I'm 30M, diagnosed with T2D (hba1c ~12) 4 years ago. Metformin brought it under control quickly, but I stopped monitoring twice and it crept back to 10+. This time the third doctor put me on insulin, increasing +2 every 3 days — I'm at 20 units now (started at 12), but no matter how much I increase, my fasting isn't coming below 200mg/dl. Did anyone else feel Metformin brought sugar levels under control faster than insulin? And did anyone come back to tablets from insulin?",PRICE & ACCESS,Zepbound,0.0,,0.0,0.0,0.0,
P0177,R1,"They prescribed me metformin (1000 mg) as well as insulin (10 units, increasing until my morning blood sugars are in target range). My A1c is pretty bad and I'm pretty scared of needles so I've been dreading it. Has anyone had insulin and metformin at the same time? What is your experience, and what should I expect?",BLOOD SUGAR & GLYCEMIC CONTROL,Farxiga,0.0,,0.0,0.0,0.0,
P0177,R1,"They prescribed me metformin (1000 mg) as well as insulin (10 units, increasing until my morning blood sugars are in target range). My A1c is pretty bad and I'm pretty scared of needles so I've been dreading it. Has anyone had insulin and metformin at the same time? What is your experience, and what should I expect?",BLOOD SUGAR & GLYCEMIC CONTROL,Invokana,0.0,,0.0,0.0,0.0,
P0177,R1,"They prescribed me metformin (1000 mg) as well as insulin (10 units, increasing until my morning blood sugars are in target range). My A1c is pretty bad and I'm pretty scared of needles so I've been dreading it. Has anyone had insulin and metformin at the same time? What is your experience, and what should I expect?",BLOOD SUGAR & GLYCEMIC CONTROL,Januvia,0.0,,0.0,0.0,0.0,
P0177,R1,"They prescribed me metformin (1000 mg) as well as insulin (10 units, increasing until my morning blood sugars are in target range). My A1c is pretty bad and I'm pretty scared of needles so I've been dreading it. Has anyone had insulin and metformin at the same time? What is your experience, and what should I expect?",BLOOD SUGAR & GLYCEMIC CONTROL,Jardiance,0.0,,0.0,0.0,0.0,
P0177,R1,"They prescribed me metformin (1000 mg) as well as insulin (10 units, increasing until my morning blood sugars are in target range). My A1c is pretty bad and I'm pretty scared of needles so I've been dreading it. Has anyone had insulin and metformin at the same time? What is your experience, and what should I expect?",BLOOD SUGAR & GLYCEMIC CONTROL,Mounjaro,0.0,,0.0,0.0,0.0,
P0177,R1,"They prescribed me metformin (1000 mg) as well as insulin (10 units, increasing until my morning blood sugars are in target range). My A1c is pretty bad and I'm pretty scared of needles so I've been dreading it. Has anyone had insulin and metformin at the same time? What is your experience, and what should I expect?",BLOOD SUGAR & GLYCEMIC CONTROL,Rybelsus,0.0,,0.0,0.0,0.0,
P0177,R1,"They prescribed me metformin (1000 mg) as well as insulin (10 units, increasing until my morning blood sugars are in target range). My A1c is pretty bad and I'm pretty scared of needles so I've been dreading it. Has anyone had insulin and metformin at the same time? What is your experience, and what should I expect?",BLOOD SUGAR & GLYCEMIC CONTROL,Saxenda,0.0,,0.0,0.0,0.0,
P0177,R1,"They prescribed me metformin (1000 mg) as well as insulin (10 units, increasing until my morning blood sugars are in target range). My A1c is pretty bad and I'm pretty scared of needles so I've been dreading it. Has anyone had insulin and metformin at the same time? What is your experience, and what should I expect?",BLOOD SUGAR & GLYCEMIC CONTROL,Trulicity,0.0,,0.0,0.0,0.0,
P0177,R1,"They prescribed me metformin (1000 mg) as well as insulin (10 units, increasing until my morning blood sugars are in target range). My A1c is pretty bad and I'm pretty scared of needles so I've been dreading it. Has anyone had insulin and metformin at the same time? What is your experience, and what should I expect?",BLOOD SUGAR & GLYCEMIC CONTROL,Victoza,0.0,,0.0,0.0,0.0,
P0177,R1,"They prescribed me metformin (1000 mg) as well as insulin (10 units, increasing until my morning blood sugars are in target range). My A1c is pretty bad and I'm pretty scared of needles so I've been dreading it. Has anyone had insulin and metformin at the same time? What is your experience, and what should I expect?",BLOOD SUGAR & GLYCEMIC CONTROL,Wegovy,0.0,,0.0,0.0,0.0,
P0177,R1,"They prescribed me metformin (1000 mg) as well as insulin (10 units, increasing until my morning blood sugars are in target range). My A1c is pretty bad and I'm pretty scared of needles so I've been dreading it. Has anyone had insulin and metformin at the same time? What is your experience, and what should I expect?",BLOOD SUGAR & GLYCEMIC CONTROL,Zepbound,0.0,,0.0,0.0,0.0,
P0178,R1,"I was diagnosed with type 2 diabetes few days ago, my ac1 was 14% and my glucose level was 363mg, now my doctor wants me to use insulin. I’m so scared and anxious",BLOOD SUGAR & GLYCEMIC CONTROL,Farxiga,0.0,,0.0,0.0,0.0,
P0178,R1,"I was diagnosed with type 2 diabetes few days ago, my ac1 was 14% and my glucose level was 363mg, now my doctor wants me to use insulin. I’m so scared and anxious",BLOOD SUGAR & GLYCEMIC CONTROL,Invokana,0.0,,0.0,0.0,0.0,
P0178,R1,"I was diagnosed with type 2 diabetes few days ago, my ac1 was 14% and my glucose level was 363mg, now my doctor wants me to use insulin. I’m so scared and anxious",BLOOD SUGAR & GLYCEMIC CONTROL,Januvia,0.0,,0.0,0.0,0.0,
P0178,R1,"I was diagnosed with type 2 diabetes few days ago, my ac1 was 14% and my glucose level was 363mg, now my doctor wants me to use insulin. I’m so scared and anxious",BLOOD SUGAR & GLYCEMIC CONTROL,Jardiance,0.0,,0.0,0.0,0.0,
P0178,R1,"I was diagnosed with type 2 diabetes few days ago, my ac1 was 14% and my glucose level was 363mg, now my doctor wants me to use insulin. I’m so scared and anxious",BLOOD SUGAR & GLYCEMIC CONTROL,Mounjaro,0.0,,0.0,0.0,0.0,
P0178,R1,"I was diagnosed with type 2 diabetes few days ago, my ac1 was 14% and my glucose level was 363mg, now my doctor wants me to use insulin. I’m so scared and anxious",BLOOD SUGAR & GLYCEMIC CONTROL,Rybelsus,0.0,,0.0,0.0,0.0,
P0178,R1,"I was diagnosed with type 2 diabetes few days ago, my ac1 was 14% and my glucose level was 363mg, now my doctor wants me to use insulin. I’m so scared and anxious",BLOOD SUGAR & GLYCEMIC CONTROL,Saxenda,0.0,,0.0,0.0,0.0,
P0178,R1,"I was diagnosed with type 2 diabetes few days ago, my ac1 was 14% and my glucose level was 363mg, now my doctor wants me to use insulin. I’m so scared and anxious",BLOOD SUGAR & GLYCEMIC CONTROL,Trulicity,0.0,,0.0,0.0,0.0,
P0178,R1,"I was diagnosed with type 2 diabetes few days ago, my ac1 was 14% and my glucose level was 363mg, now my doctor wants me to use insulin. I’m so scared and anxious",BLOOD SUGAR & GLYCEMIC CONTROL,Victoza,0.0,,0.0,0.0,0.0,
P0178,R1,"I was diagnosed with type 2 diabetes few days ago, my ac1 was 14% and my glucose level was 363mg, now my doctor wants me to use insulin. I’m so scared and anxious",BLOOD SUGAR & GLYCEMIC CONTROL,Wegovy,0.0,,0.0,0.0,0.0,
P0178,R1,"I was diagnosed with type 2 diabetes few days ago, my ac1 was 14% and my glucose level was 363mg, now my doctor wants me to use insulin. I’m so scared and anxious",BLOOD SUGAR & GLYCEMIC CONTROL,Zepbound,0.0,,0.0,0.0,0.0,
P0179,R1,My dad was just diagnosed and I think his doctor is going to give him pills to manage it — what are these pills? What can he eat and what can't he eat? It's just me and him and we do not know how to cook at all. Are there any good TV dinners for diabetics that are sold anywhere? I want to make sure my dad is as healthy as he can be.,LIVING ON THE DRUG,Farxiga,0.27777777777777773,0.5,0.27777777777777773,0.16666666666666666,0.1111111111111111,1.0
P0179,R1,My dad was just diagnosed and I think his doctor is going to give him pills to manage it — what are these pills? What can he eat and what can't he eat? It's just me and him and we do not know how to cook at all. Are there any good TV dinners for diabetics that are sold anywhere? I want to make sure my dad is as healthy as he can be.,LIVING ON THE DRUG,Invokana,0.27777777777777773,0.5,0.27777777777777773,0.16666666666666666,0.1111111111111111,1.0
P0179,R1,My dad was just diagnosed and I think his doctor is going to give him pills to manage it — what are these pills? What can he eat and what can't he eat? It's just me and him and we do not know how to cook at all. Are there any good TV dinners for diabetics that are sold anywhere? I want to make sure my dad is as healthy as he can be.,LIVING ON THE DRUG,Januvia,0.3333333333333333,0.0,0.4444444444444444,0.3333333333333333,0.1111111111111111,1.0
P0179,R1,My dad was just diagnosed and I think his doctor is going to give him pills to manage it — what are these pills? What can he eat and what can't he eat? It's just me and him and we do not know how to cook at all. Are there any good TV dinners for diabetics that are sold anywhere? I want to make sure my dad is as healthy as he can be.,LIVING ON THE DRUG,Jardiance,0.16666666666666666,0.0,0.27777777777777773,0.16666666666666666,0.1111111111111111,1.0
P0179,R1,My dad was just diagnosed and I think his doctor is going to give him pills to manage it — what are these pills? What can he eat and what can't he eat? It's just me and him and we do not know how to cook at all. Are there any good TV dinners for diabetics that are sold anywhere? I want to make sure my dad is as healthy as he can be.,LIVING ON THE DRUG,Mounjaro,0.16666666666666666,1.0,0.0,0.0,0.0,1.0
P0179,R1,My dad was just diagnosed and I think his doctor is going to give him pills to manage it — what are these pills? What can he eat and what can't he eat? It's just me and him and we do not know how to cook at all. Are there any good TV dinners for diabetics that are sold anywhere? I want to make sure my dad is as healthy as he can be.,LIVING ON THE DRUG,Rybelsus,0.4444444444444444,0.75,0.16666666666666666,0.16666666666666666,0.0,0.75
P0179,R1,My dad was just diagnosed and I think his doctor is going to give him pills to manage it — what are these pills? What can he eat and what can't he eat? It's just me and him and we do not know how to cook at all. Are there any good TV dinners for diabetics that are sold anywhere? I want to make sure my dad is as healthy as he can be.,LIVING ON THE DRUG,Saxenda,0.0,,0.0,0.0,0.0,
P0179,R1,My dad was just diagnosed and I think his doctor is going to give him pills to manage it — what are these pills? What can he eat and what can't he eat? It's just me and him and we do not know how to cook at all. Are there any good TV dinners for diabetics that are sold anywhere? I want to make sure my dad is as healthy as he can be.,LIVING ON THE DRUG,Trulicity,0.1111111111111111,0.0,0.1111111111111111,0.1111111111111111,0.0,1.0
P0179,R1,My dad was just diagnosed and I think his doctor is going to give him pills to manage it — what are these pills? What can he eat and what can't he eat? It's just me and him and we do not know how to cook at all. Are there any good TV dinners for diabetics that are sold anywhere? I want to make sure my dad is as healthy as he can be.,LIVING ON THE DRUG,Victoza,0.0,,0.0,0.0,0.0,
P0179,R1,My dad was just diagnosed and I think his doctor is going to give him pills to manage it — what are these pills? What can he eat and what can't he eat? It's just me and him and we do not know how to cook at all. Are there any good TV dinners for diabetics that are sold anywhere? I want to make sure my dad is as healthy as he can be.,LIVING ON THE DRUG,Wegovy,0.0,,0.0,0.0,0.0,
P0179,R1,My dad was just diagnosed and I think his doctor is going to give him pills to manage it — what are these pills? What can he eat and what can't he eat? It's just me and him and we do not know how to cook at all. Are there any good TV dinners for diabetics that are sold anywhere? I want to make sure my dad is as healthy as he can be.,LIVING ON THE DRUG,Zepbound,0.0,,0.0,0.0,0.0,
P0180,R1,"What can I do to help my dad? He's diabetic and needs to lose weight but isn't losing much at all. He's on the road constantly so he gets take-out, though he says it's good stuff like lean meat and salad. He also has heart disease, and if his blood sugar isn't under control before his surgery he'll have to have emergency surgery. I make him low sodium foods and just want to help without pushing him away.",SAFETY & CONTRAINDICATIONS,Farxiga,0.0,,0.1111111111111111,0.0,0.1111111111111111,
P0180,R1,"What can I do to help my dad? He's diabetic and needs to lose weight but isn't losing much at all. He's on the road constantly so he gets take-out, though he says it's good stuff like lean meat and salad. He also has heart disease, and if his blood sugar isn't under control before his surgery he'll have to have emergency surgery. I make him low sodium foods and just want to help without pushing him away.",SAFETY & CONTRAINDICATIONS,Invokana,0.0,,0.1111111111111111,0.0,0.1111111111111111,
P0180,R1,"What can I do to help my dad? He's diabetic and needs to lose weight but isn't losing much at all. He's on the road constantly so he gets take-out, though he says it's good stuff like lean meat and salad. He also has heart disease, and if his blood sugar isn't under control before his surgery he'll have to have emergency surgery. I make him low sodium foods and just want to help without pushing him away.",SAFETY & CONTRAINDICATIONS,Januvia,0.0,,0.0,0.0,0.0,
P0180,R1,"What can I do to help my dad? He's diabetic and needs to lose weight but isn't losing much at all. He's on the road constantly so he gets take-out, though he says it's good stuff like lean meat and salad. He also has heart disease, and if his blood sugar isn't under control before his surgery he'll have to have emergency surgery. I make him low sodium foods and just want to help without pushing him away.",SAFETY & CONTRAINDICATIONS,Jardiance,0.0,,0.1111111111111111,0.0,0.1111111111111111,
P0180,R1,"What can I do to help my dad? He's diabetic and needs to lose weight but isn't losing much at all. He's on the road constantly so he gets take-out, though he says it's good stuff like lean meat and salad. He also has heart disease, and if his blood sugar isn't under control before his surgery he'll have to have emergency surgery. I make him low sodium foods and just want to help without pushing him away.",SAFETY & CONTRAINDICATIONS,Mounjaro,0.0,,0.0,0.0,0.0,
P0180,R1,"What can I do to help my dad? He's diabetic and needs to lose weight but isn't losing much at all. He's on the road constantly so he gets take-out, though he says it's good stuff like lean meat and salad. He also has heart disease, and if his blood sugar isn't under control before his surgery he'll have to have emergency surgery. I make him low sodium foods and just want to help without pushing him away.",SAFETY & CONTRAINDICATIONS,Rybelsus,0.0,,0.0,0.0,0.0,
P0180,R1,"What can I do to help my dad? He's diabetic and needs to lose weight but isn't losing much at all. He's on the road constantly so he gets take-out, though he says it's good stuff like lean meat and salad. He also has heart disease, and if his blood sugar isn't under control before his surgery he'll have to have emergency surgery. I make him low sodium foods and just want to help without pushing him away.",SAFETY & CONTRAINDICATIONS,Saxenda,0.0,,0.0,0.0,0.0,
P0180,R1,"What can I do to help my dad? He's diabetic and needs to lose weight but isn't losing much at all. He's on the road constantly so he gets take-out, though he says it's good stuff like lean meat and salad. He also has heart disease, and if his blood sugar isn't under control before his surgery he'll have to have emergency surgery. I make him low sodium foods and just want to help without pushing him away.",SAFETY & CONTRAINDICATIONS,Trulicity,0.0,,0.0,0.0,0.0,
P0180,R1,"What can I do to help my dad? He's diabetic and needs to lose weight but isn't losing much at all. He's on the road constantly so he gets take-out, though he says it's good stuff like lean meat and salad. He also has heart disease, and if his blood sugar isn't under control before his surgery he'll have to have emergency surgery. I make him low sodium foods and just want to help without pushing him away.",SAFETY & CONTRAINDICATIONS,Victoza,0.0,,0.0,0.0,0.0,
P0180,R1,"What can I do to help my dad? He's diabetic and needs to lose weight but isn't losing much at all. He's on the road constantly so he gets take-out, though he says it's good stuff like lean meat and salad. He also has heart disease, and if his blood sugar isn't under control before his surgery he'll have to have emergency surgery. I make him low sodium foods and just want to help without pushing him away.",SAFETY & CONTRAINDICATIONS,Wegovy,0.0,,0.0,0.0,0.0,
P0180,R1,"What can I do to help my dad? He's diabetic and needs to lose weight but isn't losing much at all. He's on the road constantly so he gets take-out, though he says it's good stuff like lean meat and salad. He also has heart disease, and if his blood sugar isn't under control before his surgery he'll have to have emergency surgery. I make him low sodium foods and just want to help without pushing him away.",SAFETY & CONTRAINDICATIONS,Zepbound,0.0,,0.0,0.0,0.0,
P0181,R1,"My most recent A1C was 8.2 and I'm always between 170 and 200 regardless of what I eat. I'm 67, thin (5ft 3, 128lbs), and have been on Lipitor for 6 years, plus lisinopril, metoprolol and 81mg aspirin. I accept being diabetic but am very very hesitant to add ANY more meds to my day. I eat extremely low carb and cut out sugar 4 years ago. Any one else in this boat?",BLOOD SUGAR & GLYCEMIC CONTROL,Farxiga,0.08333333333333333,1.0,0.0,0.0,0.0,1.0
P0181,R1,"My most recent A1C was 8.2 and I'm always between 170 and 200 regardless of what I eat. I'm 67, thin (5ft 3, 128lbs), and have been on Lipitor for 6 years, plus lisinopril, metoprolol and 81mg aspirin. I accept being diabetic but am very very hesitant to add ANY more meds to my day. I eat extremely low carb and cut out sugar 4 years ago. Any one else in this boat?",BLOOD SUGAR & GLYCEMIC CONTROL,Invokana,0.0,,0.0,0.0,0.0,
P0181,R1,"My most recent A1C was 8.2 and I'm always between 170 and 200 regardless of what I eat. I'm 67, thin (5ft 3, 128lbs), and have been on Lipitor for 6 years, plus lisinopril, metoprolol and 81mg aspirin. I accept being diabetic but am very very hesitant to add ANY more meds to my day. I eat extremely low carb and cut out sugar 4 years ago. Any one else in this boat?",BLOOD SUGAR & GLYCEMIC CONTROL,Januvia,0.0,,0.0,0.0,0.0,
P0181,R1,"My most recent A1C was 8.2 and I'm always between 170 and 200 regardless of what I eat. I'm 67, thin (5ft 3, 128lbs), and have been on Lipitor for 6 years, plus lisinopril, metoprolol and 81mg aspirin. I accept being diabetic but am very very hesitant to add ANY more meds to my day. I eat extremely low carb and cut out sugar 4 years ago. Any one else in this boat?",BLOOD SUGAR & GLYCEMIC CONTROL,Jardiance,0.08333333333333333,1.0,0.0,0.0,0.0,1.0
P0181,R1,"My most recent A1C was 8.2 and I'm always between 170 and 200 regardless of what I eat. I'm 67, thin (5ft 3, 128lbs), and have been on Lipitor for 6 years, plus lisinopril, metoprolol and 81mg aspirin. I accept being diabetic but am very very hesitant to add ANY more meds to my day. I eat extremely low carb and cut out sugar 4 years ago. Any one else in this boat?",BLOOD SUGAR & GLYCEMIC CONTROL,Mounjaro,0.08333333333333333,1.0,0.0,0.0,0.0,1.0
P0181,R1,"My most recent A1C was 8.2 and I'm always between 170 and 200 regardless of what I eat. I'm 67, thin (5ft 3, 128lbs), and have been on Lipitor for 6 years, plus lisinopril, metoprolol and 81mg aspirin. I accept being diabetic but am very very hesitant to add ANY more meds to my day. I eat extremely low carb and cut out sugar 4 years ago. Any one else in this boat?",BLOOD SUGAR & GLYCEMIC CONTROL,Rybelsus,0.0,,0.0,0.0,0.0,
P0181,R1,"My most recent A1C was 8.2 and I'm always between 170 and 200 regardless of what I eat. I'm 67, thin (5ft 3, 128lbs), and have been on Lipitor for 6 years, plus lisinopril, metoprolol and 81mg aspirin. I accept being diabetic but am very very hesitant to add ANY more meds to my day. I eat extremely low carb and cut out sugar 4 years ago. Any one else in this boat?",BLOOD SUGAR & GLYCEMIC CONTROL,Saxenda,0.0,,0.0,0.0,0.0,
P0181,R1,"My most recent A1C was 8.2 and I'm always between 170 and 200 regardless of what I eat. I'm 67, thin (5ft 3, 128lbs), and have been on Lipitor for 6 years, plus lisinopril, metoprolol and 81mg aspirin. I accept being diabetic but am very very hesitant to add ANY more meds to my day. I eat extremely low carb and cut out sugar 4 years ago. Any one else in this boat?",BLOOD SUGAR & GLYCEMIC CONTROL,Trulicity,0.08333333333333333,1.0,0.0,0.0,0.0,1.0
P0181,R1,"My most recent A1C was 8.2 and I'm always between 170 and 200 regardless of what I eat. I'm 67, thin (5ft 3, 128lbs), and have been on Lipitor for 6 years, plus lisinopril, metoprolol and 81mg aspirin. I accept being diabetic but am very very hesitant to add ANY more meds to my day. I eat extremely low carb and cut out sugar 4 years ago. Any one else in this boat?",BLOOD SUGAR & GLYCEMIC CONTROL,Victoza,0.08333333333333333,1.0,0.0,0.0,0.0,1.0
P0181,R1,"My most recent A1C was 8.2 and I'm always between 170 and 200 regardless of what I eat. I'm 67, thin (5ft 3, 128lbs), and have been on Lipitor for 6 years, plus lisinopril, metoprolol and 81mg aspirin. I accept being diabetic but am very very hesitant to add ANY more meds to my day. I eat extremely low carb and cut out sugar 4 years ago. Any one else in this boat?",BLOOD SUGAR & GLYCEMIC CONTROL,Wegovy,0.0,,0.0,0.0,0.0,
P0181,R1,"My most recent A1C was 8.2 and I'm always between 170 and 200 regardless of what I eat. I'm 67, thin (5ft 3, 128lbs), and have been on Lipitor for 6 years, plus lisinopril, metoprolol and 81mg aspirin. I accept being diabetic but am very very hesitant to add ANY more meds to my day. I eat extremely low carb and cut out sugar 4 years ago. Any one else in this boat?",BLOOD SUGAR & GLYCEMIC CONTROL,Zepbound,0.0,,0.0,0.0,0.0,
P0182,R1,T2 since 13 year old. It's almost year I suffer from extreme hypoglycemia every day 😕 lost 8 kg. What can I do?,WEIGHT LOSS,Farxiga,0.0,,0.0,0.0,0.0,
P0182,R1,T2 since 13 year old. It's almost year I suffer from extreme hypoglycemia every day 😕 lost 8 kg. What can I do?,WEIGHT LOSS,Invokana,0.0,,0.0,0.0,0.0,
P0182,R1,T2 since 13 year old. It's almost year I suffer from extreme hypoglycemia every day 😕 lost 8 kg. What can I do?,WEIGHT LOSS,Januvia,0.0,,0.0,0.0,0.0,
P0182,R1,T2 since 13 year old. It's almost year I suffer from extreme hypoglycemia every day 😕 lost 8 kg. What can I do?,WEIGHT LOSS,Jardiance,0.0,,0.0,0.0,0.0,
P0182,R1,T2 since 13 year old. It's almost year I suffer from extreme hypoglycemia every day 😕 lost 8 kg. What can I do?,WEIGHT LOSS,Mounjaro,0.0,,0.0,0.0,0.0,
P0182,R1,T2 since 13 year old. It's almost year I suffer from extreme hypoglycemia every day 😕 lost 8 kg. What can I do?,WEIGHT LOSS,Rybelsus,0.0,,0.0,0.0,0.0,
P0182,R1,T2 since 13 year old. It's almost year I suffer from extreme hypoglycemia every day 😕 lost 8 kg. What can I do?,WEIGHT LOSS,Saxenda,0.0,,0.0,0.0,0.0,
P0182,R1,T2 since 13 year old. It's almost year I suffer from extreme hypoglycemia every day 😕 lost 8 kg. What can I do?,WEIGHT LOSS,Trulicity,0.0,,0.0,0.0,0.0,
P0182,R1,T2 since 13 year old. It's almost year I suffer from extreme hypoglycemia every day 😕 lost 8 kg. What can I do?,WEIGHT LOSS,Victoza,0.0,,0.0,0.0,0.0,
P0182,R1,T2 since 13 year old. It's almost year I suffer from extreme hypoglycemia every day 😕 lost 8 kg. What can I do?,WEIGHT LOSS,Wegovy,0.0,,0.0,0.0,0.0,
P0182,R1,T2 since 13 year old. It's almost year I suffer from extreme hypoglycemia every day 😕 lost 8 kg. What can I do?,WEIGHT LOSS,Zepbound,0.0,,0.0,0.0,0.0,
P0183,R1,"My primary doctor called me about my recent blood work and said I was diabetic — it was 7.2. He wants me to diet, exercise and limit carbs and retest in 6 months. My grandma, who has been diabetic for 30 years, told me to see an endo for a second opinion. I really don't even know where to begin — this is all very overwhelming. What would you suggest to do?",STARTING & SWITCHING,Farxiga,0.0,,0.0,0.0,0.0,
P0183,R1,"My primary doctor called me about my recent blood work and said I was diabetic — it was 7.2. He wants me to diet, exercise and limit carbs and retest in 6 months. My grandma, who has been diabetic for 30 years, told me to see an endo for a second opinion. I really don't even know where to begin — this is all very overwhelming. What would you suggest to do?",STARTING & SWITCHING,Invokana,0.0,,0.0,0.0,0.0,
P0183,R1,"My primary doctor called me about my recent blood work and said I was diabetic — it was 7.2. He wants me to diet, exercise and limit carbs and retest in 6 months. My grandma, who has been diabetic for 30 years, told me to see an endo for a second opinion. I really don't even know where to begin — this is all very overwhelming. What would you suggest to do?",STARTING & SWITCHING,Januvia,0.0,,0.0,0.0,0.0,
P0183,R1,"My primary doctor called me about my recent blood work and said I was diabetic — it was 7.2. He wants me to diet, exercise and limit carbs and retest in 6 months. My grandma, who has been diabetic for 30 years, told me to see an endo for a second opinion. I really don't even know where to begin — this is all very overwhelming. What would you suggest to do?",STARTING & SWITCHING,Jardiance,0.0,,0.0,0.0,0.0,
P0183,R1,"My primary doctor called me about my recent blood work and said I was diabetic — it was 7.2. He wants me to diet, exercise and limit carbs and retest in 6 months. My grandma, who has been diabetic for 30 years, told me to see an endo for a second opinion. I really don't even know where to begin — this is all very overwhelming. What would you suggest to do?",STARTING & SWITCHING,Mounjaro,0.0,,0.0,0.0,0.0,
P0183,R1,"My primary doctor called me about my recent blood work and said I was diabetic — it was 7.2. He wants me to diet, exercise and limit carbs and retest in 6 months. My grandma, who has been diabetic for 30 years, told me to see an endo for a second opinion. I really don't even know where to begin — this is all very overwhelming. What would you suggest to do?",STARTING & SWITCHING,Rybelsus,0.0,,0.0,0.0,0.0,
P0183,R1,"My primary doctor called me about my recent blood work and said I was diabetic — it was 7.2. He wants me to diet, exercise and limit carbs and retest in 6 months. My grandma, who has been diabetic for 30 years, told me to see an endo for a second opinion. I really don't even know where to begin — this is all very overwhelming. What would you suggest to do?",STARTING & SWITCHING,Saxenda,0.0,,0.0,0.0,0.0,
P0183,R1,"My primary doctor called me about my recent blood work and said I was diabetic — it was 7.2. He wants me to diet, exercise and limit carbs and retest in 6 months. My grandma, who has been diabetic for 30 years, told me to see an endo for a second opinion. I really don't even know where to begin — this is all very overwhelming. What would you suggest to do?",STARTING & SWITCHING,Trulicity,0.0,,0.0,0.0,0.0,
P0183,R1,"My primary doctor called me about my recent blood work and said I was diabetic — it was 7.2. He wants me to diet, exercise and limit carbs and retest in 6 months. My grandma, who has been diabetic for 30 years, told me to see an endo for a second opinion. I really don't even know where to begin — this is all very overwhelming. What would you suggest to do?",STARTING & SWITCHING,Victoza,0.0,,0.0,0.0,0.0,
P0183,R1,"My primary doctor called me about my recent blood work and said I was diabetic — it was 7.2. He wants me to diet, exercise and limit carbs and retest in 6 months. My grandma, who has been diabetic for 30 years, told me to see an endo for a second opinion. I really don't even know where to begin — this is all very overwhelming. What would you suggest to do?",STARTING & SWITCHING,Wegovy,0.0,,0.0,0.0,0.0,
P0183,R1,"My primary doctor called me about my recent blood work and said I was diabetic — it was 7.2. He wants me to diet, exercise and limit carbs and retest in 6 months. My grandma, who has been diabetic for 30 years, told me to see an endo for a second opinion. I really don't even know where to begin — this is all very overwhelming. What would you suggest to do?",STARTING & SWITCHING,Zepbound,0.0,,0.0,0.0,0.0,
P0184,R1,What is the best medicine for a new diabetic with fbs 9.0 & rbs 13?,STARTING & SWITCHING,Farxiga,0.25,0.5,0.125,0.125,0.0,0.5
P0184,R1,What is the best medicine for a new diabetic with fbs 9.0 & rbs 13?,STARTING & SWITCHING,Invokana,0.25,0.5,0.125,0.125,0.0,0.5
P0184,R1,What is the best medicine for a new diabetic with fbs 9.0 & rbs 13?,STARTING & SWITCHING,Januvia,0.0,,0.0,0.0,0.0,
P0184,R1,What is the best medicine for a new diabetic with fbs 9.0 & rbs 13?,STARTING & SWITCHING,Jardiance,0.25,0.5,0.125,0.125,0.0,0.5
P0184,R1,What is the best medicine for a new diabetic with fbs 9.0 & rbs 13?,STARTING & SWITCHING,Mounjaro,0.125,1.0,0.0,0.0,0.0,1.0
P0184,R1,What is the best medicine for a new diabetic with fbs 9.0 & rbs 13?,STARTING & SWITCHING,Rybelsus,0.0,,0.0,0.0,0.0,
P0184,R1,What is the best medicine for a new diabetic with fbs 9.0 & rbs 13?,STARTING & SWITCHING,Saxenda,0.0,,0.0,0.0,0.0,
P0184,R1,What is the best medicine for a new diabetic with fbs 9.0 & rbs 13?,STARTING & SWITCHING,Trulicity,0.25,1.0,0.0,0.0,0.0,1.0
P0184,R1,What is the best medicine for a new diabetic with fbs 9.0 & rbs 13?,STARTING & SWITCHING,Victoza,0.25,1.0,0.0,0.0,0.0,1.0
P0184,R1,What is the best medicine for a new diabetic with fbs 9.0 & rbs 13?,STARTING & SWITCHING,Wegovy,0.125,1.0,0.0,0.0,0.0,1.0
P0184,R1,What is the best medicine for a new diabetic with fbs 9.0 & rbs 13?,STARTING & SWITCHING,Zepbound,0.125,1.0,0.0,0.0,0.0,1.0
P0185,R1,What would you say are most effective drugs in treating type 2 diabetes?,STARTING & SWITCHING,Farxiga,0.7083333333333334,0.875,0.0625,0.0625,0.0,0.875
P0185,R1,What would you say are most effective drugs in treating type 2 diabetes?,STARTING & SWITCHING,Invokana,0.4583333333333333,0.8333333333333334,0.0625,0.0625,0.0,0.8333333333333334
P0185,R1,What would you say are most effective drugs in treating type 2 diabetes?,STARTING & SWITCHING,Januvia,0.125,1.0,0.0,0.0,0.0,1.0
P0185,R1,What would you say are most effective drugs in treating type 2 diabetes?,STARTING & SWITCHING,Jardiance,0.7083333333333334,0.875,0.0625,0.0625,0.0,0.875
P0185,R1,What would you say are most effective drugs in treating type 2 diabetes?,STARTING & SWITCHING,Mounjaro,0.7083333333333334,0.625,0.14583333333333331,0.14583333333333331,0.0,0.875
P0185,R1,What would you say are most effective drugs in treating type 2 diabetes?,STARTING & SWITCHING,Rybelsus,0.3958333333333333,1.0,0.0,0.0,0.0,1.0
P0185,R1,What would you say are most effective drugs in treating type 2 diabetes?,STARTING & SWITCHING,Saxenda,0.0,,0.0,0.0,0.0,
P0185,R1,What would you say are most effective drugs in treating type 2 diabetes?,STARTING & SWITCHING,Trulicity,0.20833333333333331,0.75,0.0625,0.0625,0.0,0.75
P0185,R1,What would you say are most effective drugs in treating type 2 diabetes?,STARTING & SWITCHING,Victoza,0.14583333333333331,0.5,0.0625,0.0625,0.0,1.0
P0185,R1,What would you say are most effective drugs in treating type 2 diabetes?,STARTING & SWITCHING,Wegovy,0.125,1.0,0.0,0.0,0.0,1.0
P0185,R1,What would you say are most effective drugs in treating type 2 diabetes?,STARTING & SWITCHING,Zepbound,0.08333333333333333,0.0,0.08333333333333333,0.08333333333333333,0.0,1.0
P0186,R1,What medications are used for someone who has poor circulation due to diabetes type 2?,STARTING & SWITCHING,Farxiga,0.0,,0.0,0.0,0.0,
P0186,R1,What medications are used for someone who has poor circulation due to diabetes type 2?,STARTING & SWITCHING,Invokana,0.0,,0.0,0.0,0.0,
P0186,R1,What medications are used for someone who has poor circulation due to diabetes type 2?,STARTING & SWITCHING,Januvia,0.0,,0.0,0.0,0.0,
P0186,R1,What medications are used for someone who has poor circulation due to diabetes type 2?,STARTING & SWITCHING,Jardiance,0.125,0.0,0.125,0.125,0.0,1.0
P0186,R1,What medications are used for someone who has poor circulation due to diabetes type 2?,STARTING & SWITCHING,Mounjaro,0.0,,0.0,0.0,0.0,
P0186,R1,What medications are used for someone who has poor circulation due to diabetes type 2?,STARTING & SWITCHING,Rybelsus,0.0,,0.0,0.0,0.0,
P0186,R1,What medications are used for someone who has poor circulation due to diabetes type 2?,STARTING & SWITCHING,Saxenda,0.0,,0.0,0.0,0.0,
P0186,R1,What medications are used for someone who has poor circulation due to diabetes type 2?,STARTING & SWITCHING,Trulicity,0.0,,0.0,0.0,0.0,
P0186,R1,What medications are used for someone who has poor circulation due to diabetes type 2?,STARTING & SWITCHING,Victoza,0.0,,0.0,0.0,0.0,
P0186,R1,What medications are used for someone who has poor circulation due to diabetes type 2?,STARTING & SWITCHING,Wegovy,0.25,1.0,0.0,0.0,0.0,1.0
P0186,R1,What medications are used for someone who has poor circulation due to diabetes type 2?,STARTING & SWITCHING,Zepbound,0.0,,0.0,0.0,0.0,
P0187,R1,"I have diabetes (type 2), high blood pressure, chronic kidney disease, taking diuretic for 12 days because of chf and coughing constantly. now what?",SAFETY & CONTRAINDICATIONS,Farxiga,0.0,,0.0,0.0,0.0,
P0187,R1,"I have diabetes (type 2), high blood pressure, chronic kidney disease, taking diuretic for 12 days because of chf and coughing constantly. now what?",SAFETY & CONTRAINDICATIONS,Invokana,0.0,,0.0,0.0,0.0,
P0187,R1,"I have diabetes (type 2), high blood pressure, chronic kidney disease, taking diuretic for 12 days because of chf and coughing constantly. now what?",SAFETY & CONTRAINDICATIONS,Januvia,0.0,,0.0,0.0,0.0,
P0187,R1,"I have diabetes (type 2), high blood pressure, chronic kidney disease, taking diuretic for 12 days because of chf and coughing constantly. now what?",SAFETY & CONTRAINDICATIONS,Jardiance,0.0,,0.0,0.0,0.0,
P0187,R1,"I have diabetes (type 2), high blood pressure, chronic kidney disease, taking diuretic for 12 days because of chf and coughing constantly. now what?",SAFETY & CONTRAINDICATIONS,Mounjaro,0.0,,0.0,0.0,0.0,
P0187,R1,"I have diabetes (type 2), high blood pressure, chronic kidney disease, taking diuretic for 12 days because of chf and coughing constantly. now what?",SAFETY & CONTRAINDICATIONS,Rybelsus,0.0,,0.0,0.0,0.0,
P0187,R1,"I have diabetes (type 2), high blood pressure, chronic kidney disease, taking diuretic for 12 days because of chf and coughing constantly. now what?",SAFETY & CONTRAINDICATIONS,Saxenda,0.0,,0.0,0.0,0.0,
P0187,R1,"I have diabetes (type 2), high blood pressure, chronic kidney disease, taking diuretic for 12 days because of chf and coughing constantly. now what?",SAFETY & CONTRAINDICATIONS,Trulicity,0.0,,0.0,0.0,0.0,
P0187,R1,"I have diabetes (type 2), high blood pressure, chronic kidney disease, taking diuretic for 12 days because of chf and coughing constantly. now what?",SAFETY & CONTRAINDICATIONS,Victoza,0.0,,0.0,0.0,0.0,
P0187,R1,"I have diabetes (type 2), high blood pressure, chronic kidney disease, taking diuretic for 12 days because of chf and coughing constantly. now what?",SAFETY & CONTRAINDICATIONS,Wegovy,0.0,,0.0,0.0,0.0,
P0187,R1,"I have diabetes (type 2), high blood pressure, chronic kidney disease, taking diuretic for 12 days because of chf and coughing constantly. now what?",SAFETY & CONTRAINDICATIONS,Zepbound,0.0,,0.0,0.0,0.0,
P0188,R1,What can i do to decrease ceratinine from 2.23 to the normal level ?and what about drugs of diabetes &hypertensive was contraindicated in this case?,SAFETY & CONTRAINDICATIONS,Farxiga,0.1111111111111111,0.0,0.1111111111111111,0.1111111111111111,0.0,1.0
P0188,R1,What can i do to decrease ceratinine from 2.23 to the normal level ?and what about drugs of diabetes &hypertensive was contraindicated in this case?,SAFETY & CONTRAINDICATIONS,Invokana,0.0,,0.0,0.0,0.0,
P0188,R1,What can i do to decrease ceratinine from 2.23 to the normal level ?and what about drugs of diabetes &hypertensive was contraindicated in this case?,SAFETY & CONTRAINDICATIONS,Januvia,0.0,,0.0,0.0,0.0,
P0188,R1,What can i do to decrease ceratinine from 2.23 to the normal level ?and what about drugs of diabetes &hypertensive was contraindicated in this case?,SAFETY & CONTRAINDICATIONS,Jardiance,0.1111111111111111,0.0,0.1111111111111111,0.1111111111111111,0.0,1.0
P0188,R1,What can i do to decrease ceratinine from 2.23 to the normal level ?and what about drugs of diabetes &hypertensive was contraindicated in this case?,SAFETY & CONTRAINDICATIONS,Mounjaro,0.0,,0.0,0.0,0.0,
P0188,R1,What can i do to decrease ceratinine from 2.23 to the normal level ?and what about drugs of diabetes &hypertensive was contraindicated in this case?,SAFETY & CONTRAINDICATIONS,Rybelsus,0.0,,0.0,0.0,0.0,
P0188,R1,What can i do to decrease ceratinine from 2.23 to the normal level ?and what about drugs of diabetes &hypertensive was contraindicated in this case?,SAFETY & CONTRAINDICATIONS,Saxenda,0.0,,0.0,0.0,0.0,
P0188,R1,What can i do to decrease ceratinine from 2.23 to the normal level ?and what about drugs of diabetes &hypertensive was contraindicated in this case?,SAFETY & CONTRAINDICATIONS,Trulicity,0.1111111111111111,1.0,0.0,0.0,0.0,1.0
P0188,R1,What can i do to decrease ceratinine from 2.23 to the normal level ?and what about drugs of diabetes &hypertensive was contraindicated in this case?,SAFETY & CONTRAINDICATIONS,Victoza,0.27777777777777773,1.0,0.0,0.0,0.0,1.0
P0188,R1,What can i do to decrease ceratinine from 2.23 to the normal level ?and what about drugs of diabetes &hypertensive was contraindicated in this case?,SAFETY & CONTRAINDICATIONS,Wegovy,0.1111111111111111,1.0,0.0,0.0,0.0,1.0
P0188,R1,What can i do to decrease ceratinine from 2.23 to the normal level ?and what about drugs of diabetes &hypertensive was contraindicated in this case?,SAFETY & CONTRAINDICATIONS,Zepbound,0.0,,0.0,0.0,0.0,
P0189,R1,Best medicine for type 2 diabetes along with hypertension?,STARTING & SWITCHING,Farxiga,0.5,0.0,0.5,0.5,0.0,1.0
P0189,R1,Best medicine for type 2 diabetes along with hypertension?,STARTING & SWITCHING,Invokana,0.75,0.0,0.75,0.75,0.0,1.0
P0189,R1,Best medicine for type 2 diabetes along with hypertension?,STARTING & SWITCHING,Januvia,0.0,,0.0,0.0,0.0,
P0189,R1,Best medicine for type 2 diabetes along with hypertension?,STARTING & SWITCHING,Jardiance,0.8333333333333334,0.0,0.8333333333333334,0.8333333333333334,0.0,1.0
P0189,R1,Best medicine for type 2 diabetes along with hypertension?,STARTING & SWITCHING,Mounjaro,0.08333333333333333,1.0,0.0,0.0,0.0,1.0
P0189,R1,Best medicine for type 2 diabetes along with hypertension?,STARTING & SWITCHING,Rybelsus,0.16666666666666666,1.0,0.0,0.0,0.0,1.0
P0189,R1,Best medicine for type 2 diabetes along with hypertension?,STARTING & SWITCHING,Saxenda,0.0,,0.0,0.0,0.0,
P0189,R1,Best medicine for type 2 diabetes along with hypertension?,STARTING & SWITCHING,Trulicity,0.20833333333333331,1.0,0.0,0.0,0.0,1.0
P0189,R1,Best medicine for type 2 diabetes along with hypertension?,STARTING & SWITCHING,Victoza,0.75,0.8888888888888888,0.08333333333333333,0.08333333333333333,0.0,0.8888888888888888
P0189,R1,Best medicine for type 2 diabetes along with hypertension?,STARTING & SWITCHING,Wegovy,0.3333333333333333,1.0,0.0,0.0,0.0,1.0
P0189,R1,Best medicine for type 2 diabetes along with hypertension?,STARTING & SWITCHING,Zepbound,0.0,,0.0,0.0,0.0,
P0190,R1,"I went to the ED because I felt super sick — my glucose was 299 with an A1C of 10. Today the endocrinologist said that because of my age and because 4 months ago I passed a glucose tolerance test (with a normal fasting blood sugar), she is going to start me on insulin. How does passing a glucose test correlate to me now getting insulin instead of Metformin? Does that mean I have Type 2 or Type 1, or that she doesn't know yet?",BLOOD SUGAR & GLYCEMIC CONTROL,Farxiga,0.0,,0.0,0.0,0.0,
P0190,R1,"I went to the ED because I felt super sick — my glucose was 299 with an A1C of 10. Today the endocrinologist said that because of my age and because 4 months ago I passed a glucose tolerance test (with a normal fasting blood sugar), she is going to start me on insulin. How does passing a glucose test correlate to me now getting insulin instead of Metformin? Does that mean I have Type 2 or Type 1, or that she doesn't know yet?",BLOOD SUGAR & GLYCEMIC CONTROL,Invokana,0.0,,0.0,0.0,0.0,
P0190,R1,"I went to the ED because I felt super sick — my glucose was 299 with an A1C of 10. Today the endocrinologist said that because of my age and because 4 months ago I passed a glucose tolerance test (with a normal fasting blood sugar), she is going to start me on insulin. How does passing a glucose test correlate to me now getting insulin instead of Metformin? Does that mean I have Type 2 or Type 1, or that she doesn't know yet?",BLOOD SUGAR & GLYCEMIC CONTROL,Januvia,0.0,,0.0,0.0,0.0,
P0190,R1,"I went to the ED because I felt super sick — my glucose was 299 with an A1C of 10. Today the endocrinologist said that because of my age and because 4 months ago I passed a glucose tolerance test (with a normal fasting blood sugar), she is going to start me on insulin. How does passing a glucose test correlate to me now getting insulin instead of Metformin? Does that mean I have Type 2 or Type 1, or that she doesn't know yet?",BLOOD SUGAR & GLYCEMIC CONTROL,Jardiance,0.0,,0.0,0.0,0.0,
P0190,R1,"I went to the ED because I felt super sick — my glucose was 299 with an A1C of 10. Today the endocrinologist said that because of my age and because 4 months ago I passed a glucose tolerance test (with a normal fasting blood sugar), she is going to start me on insulin. How does passing a glucose test correlate to me now getting insulin instead of Metformin? Does that mean I have Type 2 or Type 1, or that she doesn't know yet?",BLOOD SUGAR & GLYCEMIC CONTROL,Mounjaro,0.0,,0.0,0.0,0.0,
P0190,R1,"I went to the ED because I felt super sick — my glucose was 299 with an A1C of 10. Today the endocrinologist said that because of my age and because 4 months ago I passed a glucose tolerance test (with a normal fasting blood sugar), she is going to start me on insulin. How does passing a glucose test correlate to me now getting insulin instead of Metformin? Does that mean I have Type 2 or Type 1, or that she doesn't know yet?",BLOOD SUGAR & GLYCEMIC CONTROL,Rybelsus,0.0,,0.0,0.0,0.0,
P0190,R1,"I went to the ED because I felt super sick — my glucose was 299 with an A1C of 10. Today the endocrinologist said that because of my age and because 4 months ago I passed a glucose tolerance test (with a normal fasting blood sugar), she is going to start me on insulin. How does passing a glucose test correlate to me now getting insulin instead of Metformin? Does that mean I have Type 2 or Type 1, or that she doesn't know yet?",BLOOD SUGAR & GLYCEMIC CONTROL,Saxenda,0.0,,0.0,0.0,0.0,
P0190,R1,"I went to the ED because I felt super sick — my glucose was 299 with an A1C of 10. Today the endocrinologist said that because of my age and because 4 months ago I passed a glucose tolerance test (with a normal fasting blood sugar), she is going to start me on insulin. How does passing a glucose test correlate to me now getting insulin instead of Metformin? Does that mean I have Type 2 or Type 1, or that she doesn't know yet?",BLOOD SUGAR & GLYCEMIC CONTROL,Trulicity,0.0,,0.0,0.0,0.0,
P0190,R1,"I went to the ED because I felt super sick — my glucose was 299 with an A1C of 10. Today the endocrinologist said that because of my age and because 4 months ago I passed a glucose tolerance test (with a normal fasting blood sugar), she is going to start me on insulin. How does passing a glucose test correlate to me now getting insulin instead of Metformin? Does that mean I have Type 2 or Type 1, or that she doesn't know yet?",BLOOD SUGAR & GLYCEMIC CONTROL,Victoza,0.0,,0.0,0.0,0.0,
P0190,R1,"I went to the ED because I felt super sick — my glucose was 299 with an A1C of 10. Today the endocrinologist said that because of my age and because 4 months ago I passed a glucose tolerance test (with a normal fasting blood sugar), she is going to start me on insulin. How does passing a glucose test correlate to me now getting insulin instead of Metformin? Does that mean I have Type 2 or Type 1, or that she doesn't know yet?",BLOOD SUGAR & GLYCEMIC CONTROL,Wegovy,0.0,,0.0,0.0,0.0,
P0190,R1,"I went to the ED because I felt super sick — my glucose was 299 with an A1C of 10. Today the endocrinologist said that because of my age and because 4 months ago I passed a glucose tolerance test (with a normal fasting blood sugar), she is going to start me on insulin. How does passing a glucose test correlate to me now getting insulin instead of Metformin? Does that mean I have Type 2 or Type 1, or that she doesn't know yet?",BLOOD SUGAR & GLYCEMIC CONTROL,Zepbound,0.0,,0.0,0.0,0.0,
P0191,R1,What other meds could i take for diabetes type 2 besides going on insulin?,STARTING & SWITCHING,Farxiga,0.4583333333333333,0.5,0.25,0.25,0.0,0.8333333333333334
P0191,R1,What other meds could i take for diabetes type 2 besides going on insulin?,STARTING & SWITCHING,Invokana,0.5833333333333333,0.3333333333333333,0.375,0.375,0.0,0.6666666666666666
P0191,R1,What other meds could i take for diabetes type 2 besides going on insulin?,STARTING & SWITCHING,Januvia,0.5,0.5,0.29166666666666663,0.29166666666666663,0.0,0.8333333333333334
P0191,R1,What other meds could i take for diabetes type 2 besides going on insulin?,STARTING & SWITCHING,Jardiance,0.5833333333333333,0.3333333333333333,0.375,0.375,0.0,0.6666666666666666
P0191,R1,What other meds could i take for diabetes type 2 besides going on insulin?,STARTING & SWITCHING,Mounjaro,0.5833333333333333,1.0,0.0,0.0,0.0,1.0
P0191,R1,What other meds could i take for diabetes type 2 besides going on insulin?,STARTING & SWITCHING,Rybelsus,0.5833333333333334,0.6666666666666666,0.3333333333333333,0.25,0.08333333333333333,1.0
P0191,R1,What other meds could i take for diabetes type 2 besides going on insulin?,STARTING & SWITCHING,Saxenda,0.08333333333333333,1.0,0.0,0.0,0.0,1.0
P0191,R1,What other meds could i take for diabetes type 2 besides going on insulin?,STARTING & SWITCHING,Trulicity,0.5416666666666666,0.7777777777777777,0.16666666666666666,0.16666666666666666,0.0,0.8888888888888888
P0191,R1,What other meds could i take for diabetes type 2 besides going on insulin?,STARTING & SWITCHING,Victoza,0.4583333333333333,0.8888888888888888,0.08333333333333333,0.08333333333333333,0.0,0.8888888888888888
P0191,R1,What other meds could i take for diabetes type 2 besides going on insulin?,STARTING & SWITCHING,Wegovy,0.20833333333333331,1.0,0.0,0.0,0.0,1.0
P0191,R1,What other meds could i take for diabetes type 2 besides going on insulin?,STARTING & SWITCHING,Zepbound,0.0,,0.0,0.0,0.0,
P0192,R1,I recently was diagnosed diabetic. With 1000mg metformin my A1C went from 8.9 to 8.0. I increased to 2000mg but I'm reading that this is the max dose. I've been shooting for 130 carbs or less a day. I'd like to get to a 6.5 a1c by Christmas without insulin. What has been most helpful for those who don't use insulin?,BLOOD SUGAR & GLYCEMIC CONTROL,Farxiga,0.6666666666666666,1.0,0.0,0.0,0.0,1.0
P0192,R1,I recently was diagnosed diabetic. With 1000mg metformin my A1C went from 8.9 to 8.0. I increased to 2000mg but I'm reading that this is the max dose. I've been shooting for 130 carbs or less a day. I'd like to get to a 6.5 a1c by Christmas without insulin. What has been most helpful for those who don't use insulin?,BLOOD SUGAR & GLYCEMIC CONTROL,Invokana,0.25,1.0,0.0,0.0,0.0,1.0
P0192,R1,I recently was diagnosed diabetic. With 1000mg metformin my A1C went from 8.9 to 8.0. I increased to 2000mg but I'm reading that this is the max dose. I've been shooting for 130 carbs or less a day. I'd like to get to a 6.5 a1c by Christmas without insulin. What has been most helpful for those who don't use insulin?,BLOOD SUGAR & GLYCEMIC CONTROL,Januvia,0.29166666666666663,1.0,0.0,0.0,0.0,1.0
P0192,R1,I recently was diagnosed diabetic. With 1000mg metformin my A1C went from 8.9 to 8.0. I increased to 2000mg but I'm reading that this is the max dose. I've been shooting for 130 carbs or less a day. I'd like to get to a 6.5 a1c by Christmas without insulin. What has been most helpful for those who don't use insulin?,BLOOD SUGAR & GLYCEMIC CONTROL,Jardiance,0.75,1.0,0.0,0.0,0.0,1.0
P0192,R1,I recently was diagnosed diabetic. With 1000mg metformin my A1C went from 8.9 to 8.0. I increased to 2000mg but I'm reading that this is the max dose. I've been shooting for 130 carbs or less a day. I'd like to get to a 6.5 a1c by Christmas without insulin. What has been most helpful for those who don't use insulin?,BLOOD SUGAR & GLYCEMIC CONTROL,Mounjaro,0.5833333333333334,1.0,0.0,0.0,0.0,1.0
P0192,R1,I recently was diagnosed diabetic. With 1000mg metformin my A1C went from 8.9 to 8.0. I increased to 2000mg but I'm reading that this is the max dose. I've been shooting for 130 carbs or less a day. I'd like to get to a 6.5 a1c by Christmas without insulin. What has been most helpful for those who don't use insulin?,BLOOD SUGAR & GLYCEMIC CONTROL,Rybelsus,0.25,1.0,0.0,0.0,0.0,1.0
P0192,R1,I recently was diagnosed diabetic. With 1000mg metformin my A1C went from 8.9 to 8.0. I increased to 2000mg but I'm reading that this is the max dose. I've been shooting for 130 carbs or less a day. I'd like to get to a 6.5 a1c by Christmas without insulin. What has been most helpful for those who don't use insulin?,BLOOD SUGAR & GLYCEMIC CONTROL,Saxenda,0.0,,0.0,0.0,0.0,
P0192,R1,I recently was diagnosed diabetic. With 1000mg metformin my A1C went from 8.9 to 8.0. I increased to 2000mg but I'm reading that this is the max dose. I've been shooting for 130 carbs or less a day. I'd like to get to a 6.5 a1c by Christmas without insulin. What has been most helpful for those who don't use insulin?,BLOOD SUGAR & GLYCEMIC CONTROL,Trulicity,0.16666666666666666,1.0,0.0,0.0,0.0,1.0
P0192,R1,I recently was diagnosed diabetic. With 1000mg metformin my A1C went from 8.9 to 8.0. I increased to 2000mg but I'm reading that this is the max dose. I've been shooting for 130 carbs or less a day. I'd like to get to a 6.5 a1c by Christmas without insulin. What has been most helpful for those who don't use insulin?,BLOOD SUGAR & GLYCEMIC CONTROL,Victoza,0.08333333333333333,1.0,0.0,0.0,0.0,1.0
P0192,R1,I recently was diagnosed diabetic. With 1000mg metformin my A1C went from 8.9 to 8.0. I increased to 2000mg but I'm reading that this is the max dose. I've been shooting for 130 carbs or less a day. I'd like to get to a 6.5 a1c by Christmas without insulin. What has been most helpful for those who don't use insulin?,BLOOD SUGAR & GLYCEMIC CONTROL,Wegovy,0.0,,0.0,0.0,0.0,
P0192,R1,I recently was diagnosed diabetic. With 1000mg metformin my A1C went from 8.9 to 8.0. I increased to 2000mg but I'm reading that this is the max dose. I've been shooting for 130 carbs or less a day. I'd like to get to a 6.5 a1c by Christmas without insulin. What has been most helpful for those who don't use insulin?,BLOOD SUGAR & GLYCEMIC CONTROL,Zepbound,0.0,,0.0,0.0,0.0,
P0193,R1,"Been on metformin for awhile, with losing weight dropped my A1C to 6. But its back up to 7.5 and have an appointment with the endocrinologist. What to expect?",WEIGHT LOSS,Farxiga,0.125,1.0,0.0,0.0,0.0,1.0
P0193,R1,"Been on metformin for awhile, with losing weight dropped my A1C to 6. But its back up to 7.5 and have an appointment with the endocrinologist. What to expect?",WEIGHT LOSS,Invokana,0.0,,0.0,0.0,0.0,
P0193,R1,"Been on metformin for awhile, with losing weight dropped my A1C to 6. But its back up to 7.5 and have an appointment with the endocrinologist. What to expect?",WEIGHT LOSS,Januvia,0.0,,0.0,0.0,0.0,
P0193,R1,"Been on metformin for awhile, with losing weight dropped my A1C to 6. But its back up to 7.5 and have an appointment with the endocrinologist. What to expect?",WEIGHT LOSS,Jardiance,0.125,1.0,0.0,0.0,0.0,1.0
P0193,R1,"Been on metformin for awhile, with losing weight dropped my A1C to 6. But its back up to 7.5 and have an appointment with the endocrinologist. What to expect?",WEIGHT LOSS,Mounjaro,0.5833333333333334,1.0,0.0,0.0,0.0,1.0
P0193,R1,"Been on metformin for awhile, with losing weight dropped my A1C to 6. But its back up to 7.5 and have an appointment with the endocrinologist. What to expect?",WEIGHT LOSS,Rybelsus,0.0,,0.0,0.0,0.0,
P0193,R1,"Been on metformin for awhile, with losing weight dropped my A1C to 6. But its back up to 7.5 and have an appointment with the endocrinologist. What to expect?",WEIGHT LOSS,Saxenda,0.0,,0.0,0.0,0.0,
P0193,R1,"Been on metformin for awhile, with losing weight dropped my A1C to 6. But its back up to 7.5 and have an appointment with the endocrinologist. What to expect?",WEIGHT LOSS,Trulicity,0.125,1.0,0.0,0.0,0.0,1.0
P0193,R1,"Been on metformin for awhile, with losing weight dropped my A1C to 6. But its back up to 7.5 and have an appointment with the endocrinologist. What to expect?",WEIGHT LOSS,Victoza,0.125,1.0,0.0,0.0,0.0,1.0
P0193,R1,"Been on metformin for awhile, with losing weight dropped my A1C to 6. But its back up to 7.5 and have an appointment with the endocrinologist. What to expect?",WEIGHT LOSS,Wegovy,0.0,,0.0,0.0,0.0,
P0193,R1,"Been on metformin for awhile, with losing weight dropped my A1C to 6. But its back up to 7.5 and have an appointment with the endocrinologist. What to expect?",WEIGHT LOSS,Zepbound,0.0,,0.0,0.0,0.0,
P0194,R1,What are effective combinations of drugs to help with type 2 diabetes?,STARTING & SWITCHING,Farxiga,0.27777777777777773,1.0,0.1111111111111111,0.0,0.1111111111111111,1.0
P0194,R1,What are effective combinations of drugs to help with type 2 diabetes?,STARTING & SWITCHING,Invokana,0.1111111111111111,1.0,0.1111111111111111,0.0,0.1111111111111111,1.0
P0194,R1,What are effective combinations of drugs to help with type 2 diabetes?,STARTING & SWITCHING,Januvia,0.1111111111111111,1.0,0.0,0.0,0.0,1.0
P0194,R1,What are effective combinations of drugs to help with type 2 diabetes?,STARTING & SWITCHING,Jardiance,0.27777777777777773,1.0,0.1111111111111111,0.0,0.1111111111111111,1.0
P0194,R1,What are effective combinations of drugs to help with type 2 diabetes?,STARTING & SWITCHING,Mounjaro,0.27777777777777773,1.0,0.16666666666666666,0.0,0.16666666666666666,1.0
P0194,R1,What are effective combinations of drugs to help with type 2 diabetes?,STARTING & SWITCHING,Rybelsus,0.1111111111111111,1.0,0.0,0.0,0.0,1.0
P0194,R1,What are effective combinations of drugs to help with type 2 diabetes?,STARTING & SWITCHING,Saxenda,0.0,,0.0,0.0,0.0,
P0194,R1,What are effective combinations of drugs to help with type 2 diabetes?,STARTING & SWITCHING,Trulicity,0.1111111111111111,1.0,0.0,0.0,0.0,1.0
P0194,R1,What are effective combinations of drugs to help with type 2 diabetes?,STARTING & SWITCHING,Victoza,0.1111111111111111,1.0,0.0,0.0,0.0,1.0
P0194,R1,What are effective combinations of drugs to help with type 2 diabetes?,STARTING & SWITCHING,Wegovy,0.0,,0.0,0.0,0.0,
P0194,R1,What are effective combinations of drugs to help with type 2 diabetes?,STARTING & SWITCHING,Zepbound,0.0,,0.0,0.0,0.0,
P0195,R1,What is the most promising treatment for diabetes that will come on the market in the near future?,STARTING & SWITCHING,Farxiga,0.0,,0.0,0.0,0.0,
P0195,R1,What is the most promising treatment for diabetes that will come on the market in the near future?,STARTING & SWITCHING,Invokana,0.0,,0.0,0.0,0.0,
P0195,R1,What is the most promising treatment for diabetes that will come on the market in the near future?,STARTING & SWITCHING,Januvia,0.0,,0.0,0.0,0.0,
P0195,R1,What is the most promising treatment for diabetes that will come on the market in the near future?,STARTING & SWITCHING,Jardiance,0.0,,0.0,0.0,0.0,
P0195,R1,What is the most promising treatment for diabetes that will come on the market in the near future?,STARTING & SWITCHING,Mounjaro,0.3333333333333333,0.5,0.6666666666666666,0.2222222222222222,0.4444444444444444,1.0
P0195,R1,What is the most promising treatment for diabetes that will come on the market in the near future?,STARTING & SWITCHING,Rybelsus,0.1111111111111111,1.0,0.0,0.0,0.0,1.0
P0195,R1,What is the most promising treatment for diabetes that will come on the market in the near future?,STARTING & SWITCHING,Saxenda,0.0,,0.0,0.0,0.0,
P0195,R1,What is the most promising treatment for diabetes that will come on the market in the near future?,STARTING & SWITCHING,Trulicity,0.0,,0.0,0.0,0.0,
P0195,R1,What is the most promising treatment for diabetes that will come on the market in the near future?,STARTING & SWITCHING,Victoza,0.0,,0.0,0.0,0.0,
P0195,R1,What is the most promising treatment for diabetes that will come on the market in the near future?,STARTING & SWITCHING,Wegovy,0.0,,0.0,0.0,0.0,
P0195,R1,What is the most promising treatment for diabetes that will come on the market in the near future?,STARTING & SWITCHING,Zepbound,0.0,,0.0,0.0,0.0,
P0196,R1,What is the standard of care for diabetes patients? what needs to be done for them besides treatment of the type 2 disease?,STARTING & SWITCHING,Farxiga,0.16666666666666666,1.0,0.0,0.0,0.0,1.0
P0196,R1,What is the standard of care for diabetes patients? what needs to be done for them besides treatment of the type 2 disease?,STARTING & SWITCHING,Invokana,0.0,,0.0,0.0,0.0,
P0196,R1,What is the standard of care for diabetes patients? what needs to be done for them besides treatment of the type 2 disease?,STARTING & SWITCHING,Januvia,0.0,,0.0,0.0,0.0,
P0196,R1,What is the standard of care for diabetes patients? what needs to be done for them besides treatment of the type 2 disease?,STARTING & SWITCHING,Jardiance,0.16666666666666666,1.0,0.0,0.0,0.0,1.0
P0196,R1,What is the standard of care for diabetes patients? what needs to be done for them besides treatment of the type 2 disease?,STARTING & SWITCHING,Mounjaro,0.16666666666666666,1.0,0.0,0.0,0.0,1.0
P0196,R1,What is the standard of care for diabetes patients? what needs to be done for them besides treatment of the type 2 disease?,STARTING & SWITCHING,Rybelsus,0.0,,0.0,0.0,0.0,
P0196,R1,What is the standard of care for diabetes patients? what needs to be done for them besides treatment of the type 2 disease?,STARTING & SWITCHING,Saxenda,0.0,,0.0,0.0,0.0,
P0196,R1,What is the standard of care for diabetes patients? what needs to be done for them besides treatment of the type 2 disease?,STARTING & SWITCHING,Trulicity,0.0,,0.0,0.0,0.0,
P0196,R1,What is the standard of care for diabetes patients? what needs to be done for them besides treatment of the type 2 disease?,STARTING & SWITCHING,Victoza,0.0,,0.0,0.0,0.0,
P0196,R1,What is the standard of care for diabetes patients? what needs to be done for them besides treatment of the type 2 disease?,STARTING & SWITCHING,Wegovy,0.0,,0.0,0.0,0.0,
P0196,R1,What is the standard of care for diabetes patients? what needs to be done for them besides treatment of the type 2 disease?,STARTING & SWITCHING,Zepbound,0.0,,0.0,0.0,0.0,
P0197,R1,"The numbers from my physical came back today and confirmed my concerns — type 2. I have a follow up appointment in a week. Until then, what resources have you found useful? Recipe websites and/or apps? Is remission a pipe dream? Basically, what's worked for you?",STARTING & SWITCHING,Farxiga,0.0,,0.0,0.0,0.0,
P0197,R1,"The numbers from my physical came back today and confirmed my concerns — type 2. I have a follow up appointment in a week. Until then, what resources have you found useful? Recipe websites and/or apps? Is remission a pipe dream? Basically, what's worked for you?",STARTING & SWITCHING,Invokana,0.0,,0.0,0.0,0.0,
P0197,R1,"The numbers from my physical came back today and confirmed my concerns — type 2. I have a follow up appointment in a week. Until then, what resources have you found useful? Recipe websites and/or apps? Is remission a pipe dream? Basically, what's worked for you?",STARTING & SWITCHING,Januvia,0.0,,0.0,0.0,0.0,
P0197,R1,"The numbers from my physical came back today and confirmed my concerns — type 2. I have a follow up appointment in a week. Until then, what resources have you found useful? Recipe websites and/or apps? Is remission a pipe dream? Basically, what's worked for you?",STARTING & SWITCHING,Jardiance,0.0,,0.0,0.0,0.0,
P0197,R1,"The numbers from my physical came back today and confirmed my concerns — type 2. I have a follow up appointment in a week. Until then, what resources have you found useful? Recipe websites and/or apps? Is remission a pipe dream? Basically, what's worked for you?",STARTING & SWITCHING,Mounjaro,0.125,1.0,0.0,0.0,0.0,1.0
P0197,R1,"The numbers from my physical came back today and confirmed my concerns — type 2. I have a follow up appointment in a week. Until then, what resources have you found useful? Recipe websites and/or apps? Is remission a pipe dream? Basically, what's worked for you?",STARTING & SWITCHING,Rybelsus,0.0,,0.0,0.0,0.0,
P0197,R1,"The numbers from my physical came back today and confirmed my concerns — type 2. I have a follow up appointment in a week. Until then, what resources have you found useful? Recipe websites and/or apps? Is remission a pipe dream? Basically, what's worked for you?",STARTING & SWITCHING,Saxenda,0.0,,0.0,0.0,0.0,
P0197,R1,"The numbers from my physical came back today and confirmed my concerns — type 2. I have a follow up appointment in a week. Until then, what resources have you found useful? Recipe websites and/or apps? Is remission a pipe dream? Basically, what's worked for you?",STARTING & SWITCHING,Trulicity,0.0,,0.0,0.0,0.0,
P0197,R1,"The numbers from my physical came back today and confirmed my concerns — type 2. I have a follow up appointment in a week. Until then, what resources have you found useful? Recipe websites and/or apps? Is remission a pipe dream? Basically, what's worked for you?",STARTING & SWITCHING,Victoza,0.0,,0.0,0.0,0.0,
P0197,R1,"The numbers from my physical came back today and confirmed my concerns — type 2. I have a follow up appointment in a week. Until then, what resources have you found useful? Recipe websites and/or apps? Is remission a pipe dream? Basically, what's worked for you?",STARTING & SWITCHING,Wegovy,0.0,,0.0,0.0,0.0,
P0197,R1,"The numbers from my physical came back today and confirmed my concerns — type 2. I have a follow up appointment in a week. Until then, what resources have you found useful? Recipe websites and/or apps? Is remission a pipe dream? Basically, what's worked for you?",STARTING & SWITCHING,Zepbound,0.0,,0.0,0.0,0.0,
P0198,R1,Hello what can I do to get my A1C down within 3 months ?,BLOOD SUGAR & GLYCEMIC CONTROL,Farxiga,0.25,1.0,0.16666666666666666,0.0,0.16666666666666666,1.0
P0198,R1,Hello what can I do to get my A1C down within 3 months ?,BLOOD SUGAR & GLYCEMIC CONTROL,Invokana,0.0,,0.0,0.0,0.0,
P0198,R1,Hello what can I do to get my A1C down within 3 months ?,BLOOD SUGAR & GLYCEMIC CONTROL,Januvia,0.0,,0.0,0.0,0.0,
P0198,R1,Hello what can I do to get my A1C down within 3 months ?,BLOOD SUGAR & GLYCEMIC CONTROL,Jardiance,0.0,,0.08333333333333333,0.0,0.08333333333333333,
P0198,R1,Hello what can I do to get my A1C down within 3 months ?,BLOOD SUGAR & GLYCEMIC CONTROL,Mounjaro,0.5,1.0,0.08333333333333333,0.0,0.08333333333333333,1.0
P0198,R1,Hello what can I do to get my A1C down within 3 months ?,BLOOD SUGAR & GLYCEMIC CONTROL,Rybelsus,0.0,,0.0,0.0,0.0,
P0198,R1,Hello what can I do to get my A1C down within 3 months ?,BLOOD SUGAR & GLYCEMIC CONTROL,Saxenda,0.0,,0.0,0.0,0.0,
P0198,R1,Hello what can I do to get my A1C down within 3 months ?,BLOOD SUGAR & GLYCEMIC CONTROL,Trulicity,0.0,,0.0,0.0,0.0,
P0198,R1,Hello what can I do to get my A1C down within 3 months ?,BLOOD SUGAR & GLYCEMIC CONTROL,Victoza,0.0,,0.0,0.0,0.0,
P0198,R1,Hello what can I do to get my A1C down within 3 months ?,BLOOD SUGAR & GLYCEMIC CONTROL,Wegovy,0.0,,0.0,0.0,0.0,
P0198,R1,Hello what can I do to get my A1C down within 3 months ?,BLOOD SUGAR & GLYCEMIC CONTROL,Zepbound,0.0,,0.0,0.0,0.0,
P0199,R1,"I was diagnosed with type 2 diabetes last year. The weird thing is I always get high blood glucose in the morning (above 10 mmol/L before breakfast), and it decreases through the day to 6-7 by evening. I need help to understand why the morning glucose is always high, and what I can do to control that. Even my doctor does not have an answer for it yet.",BLOOD SUGAR & GLYCEMIC CONTROL,Farxiga,0.0,,0.0,0.0,0.0,
P0199,R1,"I was diagnosed with type 2 diabetes last year. The weird thing is I always get high blood glucose in the morning (above 10 mmol/L before breakfast), and it decreases through the day to 6-7 by evening. I need help to understand why the morning glucose is always high, and what I can do to control that. Even my doctor does not have an answer for it yet.",BLOOD SUGAR & GLYCEMIC CONTROL,Invokana,0.0,,0.0,0.0,0.0,
P0199,R1,"I was diagnosed with type 2 diabetes last year. The weird thing is I always get high blood glucose in the morning (above 10 mmol/L before breakfast), and it decreases through the day to 6-7 by evening. I need help to understand why the morning glucose is always high, and what I can do to control that. Even my doctor does not have an answer for it yet.",BLOOD SUGAR & GLYCEMIC CONTROL,Januvia,0.0,,0.0,0.0,0.0,
P0199,R1,"I was diagnosed with type 2 diabetes last year. The weird thing is I always get high blood glucose in the morning (above 10 mmol/L before breakfast), and it decreases through the day to 6-7 by evening. I need help to understand why the morning glucose is always high, and what I can do to control that. Even my doctor does not have an answer for it yet.",BLOOD SUGAR & GLYCEMIC CONTROL,Jardiance,0.0,,0.0,0.0,0.0,
P0199,R1,"I was diagnosed with type 2 diabetes last year. The weird thing is I always get high blood glucose in the morning (above 10 mmol/L before breakfast), and it decreases through the day to 6-7 by evening. I need help to understand why the morning glucose is always high, and what I can do to control that. Even my doctor does not have an answer for it yet.",BLOOD SUGAR & GLYCEMIC CONTROL,Mounjaro,0.0,,0.0,0.0,0.0,
P0199,R1,"I was diagnosed with type 2 diabetes last year. The weird thing is I always get high blood glucose in the morning (above 10 mmol/L before breakfast), and it decreases through the day to 6-7 by evening. I need help to understand why the morning glucose is always high, and what I can do to control that. Even my doctor does not have an answer for it yet.",BLOOD SUGAR & GLYCEMIC CONTROL,Rybelsus,0.0,,0.0,0.0,0.0,
P0199,R1,"I was diagnosed with type 2 diabetes last year. The weird thing is I always get high blood glucose in the morning (above 10 mmol/L before breakfast), and it decreases through the day to 6-7 by evening. I need help to understand why the morning glucose is always high, and what I can do to control that. Even my doctor does not have an answer for it yet.",BLOOD SUGAR & GLYCEMIC CONTROL,Saxenda,0.0,,0.0,0.0,0.0,
P0199,R1,"I was diagnosed with type 2 diabetes last year. The weird thing is I always get high blood glucose in the morning (above 10 mmol/L before breakfast), and it decreases through the day to 6-7 by evening. I need help to understand why the morning glucose is always high, and what I can do to control that. Even my doctor does not have an answer for it yet.",BLOOD SUGAR & GLYCEMIC CONTROL,Trulicity,0.0,,0.0,0.0,0.0,
P0199,R1,"I was diagnosed with type 2 diabetes last year. The weird thing is I always get high blood glucose in the morning (above 10 mmol/L before breakfast), and it decreases through the day to 6-7 by evening. I need help to understand why the morning glucose is always high, and what I can do to control that. Even my doctor does not have an answer for it yet.",BLOOD SUGAR & GLYCEMIC CONTROL,Victoza,0.0,,0.0,0.0,0.0,
P0199,R1,"I was diagnosed with type 2 diabetes last year. The weird thing is I always get high blood glucose in the morning (above 10 mmol/L before breakfast), and it decreases through the day to 6-7 by evening. I need help to understand why the morning glucose is always high, and what I can do to control that. Even my doctor does not have an answer for it yet.",BLOOD SUGAR & GLYCEMIC CONTROL,Wegovy,0.0,,0.0,0.0,0.0,
P0199,R1,"I was diagnosed with type 2 diabetes last year. The weird thing is I always get high blood glucose in the morning (above 10 mmol/L before breakfast), and it decreases through the day to 6-7 by evening. I need help to understand why the morning glucose is always high, and what I can do to control that. Even my doctor does not have an answer for it yet.",BLOOD SUGAR & GLYCEMIC CONTROL,Zepbound,0.0,,0.0,0.0,0.0,
P0200,R1,I found out my sugar is at 319 and my A1c is 12.2. I have a doctors appointment soon — what can I do to help control it other than medication? Mostly asking for tips and tricks. I've switched to zero sugar and am trying to watch the carb intake.,BLOOD SUGAR & GLYCEMIC CONTROL,Farxiga,0.0,,0.0,0.0,0.0,
P0200,R1,I found out my sugar is at 319 and my A1c is 12.2. I have a doctors appointment soon — what can I do to help control it other than medication? Mostly asking for tips and tricks. I've switched to zero sugar and am trying to watch the carb intake.,BLOOD SUGAR & GLYCEMIC CONTROL,Invokana,0.0,,0.0,0.0,0.0,
P0200,R1,I found out my sugar is at 319 and my A1c is 12.2. I have a doctors appointment soon — what can I do to help control it other than medication? Mostly asking for tips and tricks. I've switched to zero sugar and am trying to watch the carb intake.,BLOOD SUGAR & GLYCEMIC CONTROL,Januvia,0.0,,0.0,0.0,0.0,
P0200,R1,I found out my sugar is at 319 and my A1c is 12.2. I have a doctors appointment soon — what can I do to help control it other than medication? Mostly asking for tips and tricks. I've switched to zero sugar and am trying to watch the carb intake.,BLOOD SUGAR & GLYCEMIC CONTROL,Jardiance,0.0,,0.0,0.0,0.0,
P0200,R1,I found out my sugar is at 319 and my A1c is 12.2. I have a doctors appointment soon — what can I do to help control it other than medication? Mostly asking for tips and tricks. I've switched to zero sugar and am trying to watch the carb intake.,BLOOD SUGAR & GLYCEMIC CONTROL,Mounjaro,0.0,,0.0,0.0,0.0,
P0200,R1,I found out my sugar is at 319 and my A1c is 12.2. I have a doctors appointment soon — what can I do to help control it other than medication? Mostly asking for tips and tricks. I've switched to zero sugar and am trying to watch the carb intake.,BLOOD SUGAR & GLYCEMIC CONTROL,Rybelsus,0.0,,0.0,0.0,0.0,
P0200,R1,I found out my sugar is at 319 and my A1c is 12.2. I have a doctors appointment soon — what can I do to help control it other than medication? Mostly asking for tips and tricks. I've switched to zero sugar and am trying to watch the carb intake.,BLOOD SUGAR & GLYCEMIC CONTROL,Saxenda,0.0,,0.0,0.0,0.0,
P0200,R1,I found out my sugar is at 319 and my A1c is 12.2. I have a doctors appointment soon — what can I do to help control it other than medication? Mostly asking for tips and tricks. I've switched to zero sugar and am trying to watch the carb intake.,BLOOD SUGAR & GLYCEMIC CONTROL,Trulicity,0.0,,0.0,0.0,0.0,
P0200,R1,I found out my sugar is at 319 and my A1c is 12.2. I have a doctors appointment soon — what can I do to help control it other than medication? Mostly asking for tips and tricks. I've switched to zero sugar and am trying to watch the carb intake.,BLOOD SUGAR & GLYCEMIC CONTROL,Victoza,0.0,,0.0,0.0,0.0,
P0200,R1,I found out my sugar is at 319 and my A1c is 12.2. I have a doctors appointment soon — what can I do to help control it other than medication? Mostly asking for tips and tricks. I've switched to zero sugar and am trying to watch the carb intake.,BLOOD SUGAR & GLYCEMIC CONTROL,Wegovy,0.0,,0.0,0.0,0.0,
P0200,R1,I found out my sugar is at 319 and my A1c is 12.2. I have a doctors appointment soon — what can I do to help control it other than medication? Mostly asking for tips and tricks. I've switched to zero sugar and am trying to watch the carb intake.,BLOOD SUGAR & GLYCEMIC CONTROL,Zepbound,0.0,,0.0,0.0,0.0,
P0201,R1,"I (24M) have had T2 diabetes for 8 months. Last Saturday my glucose reading hit 400mg/dl. My doctor increased my Metformin ER from 1x to 2x a day, but my HbA1c went up to 9.4 compared to 6.2 when I was diagnosed, and my doctor said he will change the medication. I've cut sugar and carbs and gone back to jogging, getting from 400 down to 264. What can I do to further lower my blood sugar to go back to normal levels?",BLOOD SUGAR & GLYCEMIC CONTROL,Farxiga,0.20833333333333331,0.5,0.08333333333333333,0.08333333333333333,0.0,1.0
P0201,R1,"I (24M) have had T2 diabetes for 8 months. Last Saturday my glucose reading hit 400mg/dl. My doctor increased my Metformin ER from 1x to 2x a day, but my HbA1c went up to 9.4 compared to 6.2 when I was diagnosed, and my doctor said he will change the medication. I've cut sugar and carbs and gone back to jogging, getting from 400 down to 264. What can I do to further lower my blood sugar to go back to normal levels?",BLOOD SUGAR & GLYCEMIC CONTROL,Invokana,0.25,1.0,0.0,0.0,0.0,1.0
P0201,R1,"I (24M) have had T2 diabetes for 8 months. Last Saturday my glucose reading hit 400mg/dl. My doctor increased my Metformin ER from 1x to 2x a day, but my HbA1c went up to 9.4 compared to 6.2 when I was diagnosed, and my doctor said he will change the medication. I've cut sugar and carbs and gone back to jogging, getting from 400 down to 264. What can I do to further lower my blood sugar to go back to normal levels?",BLOOD SUGAR & GLYCEMIC CONTROL,Januvia,0.16666666666666666,0.5,0.08333333333333333,0.08333333333333333,0.0,0.5
P0201,R1,"I (24M) have had T2 diabetes for 8 months. Last Saturday my glucose reading hit 400mg/dl. My doctor increased my Metformin ER from 1x to 2x a day, but my HbA1c went up to 9.4 compared to 6.2 when I was diagnosed, and my doctor said he will change the medication. I've cut sugar and carbs and gone back to jogging, getting from 400 down to 264. What can I do to further lower my blood sugar to go back to normal levels?",BLOOD SUGAR & GLYCEMIC CONTROL,Jardiance,0.29166666666666663,0.5,0.16666666666666666,0.16666666666666666,0.0,1.0
P0201,R1,"I (24M) have had T2 diabetes for 8 months. Last Saturday my glucose reading hit 400mg/dl. My doctor increased my Metformin ER from 1x to 2x a day, but my HbA1c went up to 9.4 compared to 6.2 when I was diagnosed, and my doctor said he will change the medication. I've cut sugar and carbs and gone back to jogging, getting from 400 down to 264. What can I do to further lower my blood sugar to go back to normal levels?",BLOOD SUGAR & GLYCEMIC CONTROL,Mounjaro,0.5,1.0,0.08333333333333333,0.0,0.08333333333333333,1.0
P0201,R1,"I (24M) have had T2 diabetes for 8 months. Last Saturday my glucose reading hit 400mg/dl. My doctor increased my Metformin ER from 1x to 2x a day, but my HbA1c went up to 9.4 compared to 6.2 when I was diagnosed, and my doctor said he will change the medication. I've cut sugar and carbs and gone back to jogging, getting from 400 down to 264. What can I do to further lower my blood sugar to go back to normal levels?",BLOOD SUGAR & GLYCEMIC CONTROL,Rybelsus,0.20833333333333331,1.0,0.0,0.0,0.0,1.0
P0201,R1,"I (24M) have had T2 diabetes for 8 months. Last Saturday my glucose reading hit 400mg/dl. My doctor increased my Metformin ER from 1x to 2x a day, but my HbA1c went up to 9.4 compared to 6.2 when I was diagnosed, and my doctor said he will change the medication. I've cut sugar and carbs and gone back to jogging, getting from 400 down to 264. What can I do to further lower my blood sugar to go back to normal levels?",BLOOD SUGAR & GLYCEMIC CONTROL,Saxenda,0.125,1.0,0.0,0.0,0.0,1.0
P0201,R1,"I (24M) have had T2 diabetes for 8 months. Last Saturday my glucose reading hit 400mg/dl. My doctor increased my Metformin ER from 1x to 2x a day, but my HbA1c went up to 9.4 compared to 6.2 when I was diagnosed, and my doctor said he will change the medication. I've cut sugar and carbs and gone back to jogging, getting from 400 down to 264. What can I do to further lower my blood sugar to go back to normal levels?",BLOOD SUGAR & GLYCEMIC CONTROL,Trulicity,0.3333333333333333,1.0,0.0,0.0,0.0,1.0
P0201,R1,"I (24M) have had T2 diabetes for 8 months. Last Saturday my glucose reading hit 400mg/dl. My doctor increased my Metformin ER from 1x to 2x a day, but my HbA1c went up to 9.4 compared to 6.2 when I was diagnosed, and my doctor said he will change the medication. I've cut sugar and carbs and gone back to jogging, getting from 400 down to 264. What can I do to further lower my blood sugar to go back to normal levels?",BLOOD SUGAR & GLYCEMIC CONTROL,Victoza,0.20833333333333331,1.0,0.0,0.0,0.0,1.0
P0201,R1,"I (24M) have had T2 diabetes for 8 months. Last Saturday my glucose reading hit 400mg/dl. My doctor increased my Metformin ER from 1x to 2x a day, but my HbA1c went up to 9.4 compared to 6.2 when I was diagnosed, and my doctor said he will change the medication. I've cut sugar and carbs and gone back to jogging, getting from 400 down to 264. What can I do to further lower my blood sugar to go back to normal levels?",BLOOD SUGAR & GLYCEMIC CONTROL,Wegovy,0.0,,0.0,0.0,0.0,
P0201,R1,"I (24M) have had T2 diabetes for 8 months. Last Saturday my glucose reading hit 400mg/dl. My doctor increased my Metformin ER from 1x to 2x a day, but my HbA1c went up to 9.4 compared to 6.2 when I was diagnosed, and my doctor said he will change the medication. I've cut sugar and carbs and gone back to jogging, getting from 400 down to 264. What can I do to further lower my blood sugar to go back to normal levels?",BLOOD SUGAR & GLYCEMIC CONTROL,Zepbound,0.0,,0.0,0.0,0.0,
P0202,R1,"I was diagnosed a little over a week ago (63/M) and was put on 500 Metformin twice a day. My first fasting was 386 and after a low carb diet I'm now consistently under 200 (145-190). Once I'm in the normal range what should I change to maintain it — increase my carbs or reduce my Metformin? Also, my doctor prescribed me insulin as well but I haven't taken it yet since the Metformin and diet seem to be doing the job — am I missing something?",STARTING & SWITCHING,Farxiga,0.0,,0.0,0.0,0.0,
P0202,R1,"I was diagnosed a little over a week ago (63/M) and was put on 500 Metformin twice a day. My first fasting was 386 and after a low carb diet I'm now consistently under 200 (145-190). Once I'm in the normal range what should I change to maintain it — increase my carbs or reduce my Metformin? Also, my doctor prescribed me insulin as well but I haven't taken it yet since the Metformin and diet seem to be doing the job — am I missing something?",STARTING & SWITCHING,Invokana,0.0,,0.0,0.0,0.0,
P0202,R1,"I was diagnosed a little over a week ago (63/M) and was put on 500 Metformin twice a day. My first fasting was 386 and after a low carb diet I'm now consistently under 200 (145-190). Once I'm in the normal range what should I change to maintain it — increase my carbs or reduce my Metformin? Also, my doctor prescribed me insulin as well but I haven't taken it yet since the Metformin and diet seem to be doing the job — am I missing something?",STARTING & SWITCHING,Januvia,0.0,,0.0,0.0,0.0,
P0202,R1,"I was diagnosed a little over a week ago (63/M) and was put on 500 Metformin twice a day. My first fasting was 386 and after a low carb diet I'm now consistently under 200 (145-190). Once I'm in the normal range what should I change to maintain it — increase my carbs or reduce my Metformin? Also, my doctor prescribed me insulin as well but I haven't taken it yet since the Metformin and diet seem to be doing the job — am I missing something?",STARTING & SWITCHING,Jardiance,0.0,,0.0,0.0,0.0,
P0202,R1,"I was diagnosed a little over a week ago (63/M) and was put on 500 Metformin twice a day. My first fasting was 386 and after a low carb diet I'm now consistently under 200 (145-190). Once I'm in the normal range what should I change to maintain it — increase my carbs or reduce my Metformin? Also, my doctor prescribed me insulin as well but I haven't taken it yet since the Metformin and diet seem to be doing the job — am I missing something?",STARTING & SWITCHING,Mounjaro,0.0,,0.0,0.0,0.0,
P0202,R1,"I was diagnosed a little over a week ago (63/M) and was put on 500 Metformin twice a day. My first fasting was 386 and after a low carb diet I'm now consistently under 200 (145-190). Once I'm in the normal range what should I change to maintain it — increase my carbs or reduce my Metformin? Also, my doctor prescribed me insulin as well but I haven't taken it yet since the Metformin and diet seem to be doing the job — am I missing something?",STARTING & SWITCHING,Rybelsus,0.0,,0.0,0.0,0.0,
P0202,R1,"I was diagnosed a little over a week ago (63/M) and was put on 500 Metformin twice a day. My first fasting was 386 and after a low carb diet I'm now consistently under 200 (145-190). Once I'm in the normal range what should I change to maintain it — increase my carbs or reduce my Metformin? Also, my doctor prescribed me insulin as well but I haven't taken it yet since the Metformin and diet seem to be doing the job — am I missing something?",STARTING & SWITCHING,Saxenda,0.0,,0.0,0.0,0.0,
P0202,R1,"I was diagnosed a little over a week ago (63/M) and was put on 500 Metformin twice a day. My first fasting was 386 and after a low carb diet I'm now consistently under 200 (145-190). Once I'm in the normal range what should I change to maintain it — increase my carbs or reduce my Metformin? Also, my doctor prescribed me insulin as well but I haven't taken it yet since the Metformin and diet seem to be doing the job — am I missing something?",STARTING & SWITCHING,Trulicity,0.0,,0.0,0.0,0.0,
P0202,R1,"I was diagnosed a little over a week ago (63/M) and was put on 500 Metformin twice a day. My first fasting was 386 and after a low carb diet I'm now consistently under 200 (145-190). Once I'm in the normal range what should I change to maintain it — increase my carbs or reduce my Metformin? Also, my doctor prescribed me insulin as well but I haven't taken it yet since the Metformin and diet seem to be doing the job — am I missing something?",STARTING & SWITCHING,Victoza,0.0,,0.0,0.0,0.0,
P0202,R1,"I was diagnosed a little over a week ago (63/M) and was put on 500 Metformin twice a day. My first fasting was 386 and after a low carb diet I'm now consistently under 200 (145-190). Once I'm in the normal range what should I change to maintain it — increase my carbs or reduce my Metformin? Also, my doctor prescribed me insulin as well but I haven't taken it yet since the Metformin and diet seem to be doing the job — am I missing something?",STARTING & SWITCHING,Wegovy,0.0,,0.0,0.0,0.0,
P0202,R1,"I was diagnosed a little over a week ago (63/M) and was put on 500 Metformin twice a day. My first fasting was 386 and after a low carb diet I'm now consistently under 200 (145-190). Once I'm in the normal range what should I change to maintain it — increase my carbs or reduce my Metformin? Also, my doctor prescribed me insulin as well but I haven't taken it yet since the Metformin and diet seem to be doing the job — am I missing something?",STARTING & SWITCHING,Zepbound,0.0,,0.0,0.0,0.0,
P0203,R1,"I got diagnosed with T2 last year — I weighed around 260lbs and my A1c was 10. They put me on Metformin 500mg 2x daily but it tore my stomach up really badly so I quit taking them. I've since changed my diet completely and dropped to 249lbs, but my BGL is still 214 this morning. I still have my Metformin but it kills my stomach, and I work outside 7 days a week and can't always rush for bathroom breaks. I don't have insurance and don't know much about diabetes.",PRICE & ACCESS,Farxiga,0.0,,0.08333333333333333,0.0,0.08333333333333333,
P0203,R1,"I got diagnosed with T2 last year — I weighed around 260lbs and my A1c was 10. They put me on Metformin 500mg 2x daily but it tore my stomach up really badly so I quit taking them. I've since changed my diet completely and dropped to 249lbs, but my BGL is still 214 this morning. I still have my Metformin but it kills my stomach, and I work outside 7 days a week and can't always rush for bathroom breaks. I don't have insurance and don't know much about diabetes.",PRICE & ACCESS,Invokana,0.0,,0.08333333333333333,0.0,0.08333333333333333,
P0203,R1,"I got diagnosed with T2 last year — I weighed around 260lbs and my A1c was 10. They put me on Metformin 500mg 2x daily but it tore my stomach up really badly so I quit taking them. I've since changed my diet completely and dropped to 249lbs, but my BGL is still 214 this morning. I still have my Metformin but it kills my stomach, and I work outside 7 days a week and can't always rush for bathroom breaks. I don't have insurance and don't know much about diabetes.",PRICE & ACCESS,Januvia,0.25,0.0,0.25,0.25,0.0,1.0
P0203,R1,"I got diagnosed with T2 last year — I weighed around 260lbs and my A1c was 10. They put me on Metformin 500mg 2x daily but it tore my stomach up really badly so I quit taking them. I've since changed my diet completely and dropped to 249lbs, but my BGL is still 214 this morning. I still have my Metformin but it kills my stomach, and I work outside 7 days a week and can't always rush for bathroom breaks. I don't have insurance and don't know much about diabetes.",PRICE & ACCESS,Jardiance,0.25,0.0,0.3333333333333333,0.25,0.08333333333333333,1.0
P0203,R1,"I got diagnosed with T2 last year — I weighed around 260lbs and my A1c was 10. They put me on Metformin 500mg 2x daily but it tore my stomach up really badly so I quit taking them. I've since changed my diet completely and dropped to 249lbs, but my BGL is still 214 this morning. I still have my Metformin but it kills my stomach, and I work outside 7 days a week and can't always rush for bathroom breaks. I don't have insurance and don't know much about diabetes.",PRICE & ACCESS,Mounjaro,0.0,,0.0,0.0,0.0,
P0203,R1,"I got diagnosed with T2 last year — I weighed around 260lbs and my A1c was 10. They put me on Metformin 500mg 2x daily but it tore my stomach up really badly so I quit taking them. I've since changed my diet completely and dropped to 249lbs, but my BGL is still 214 this morning. I still have my Metformin but it kills my stomach, and I work outside 7 days a week and can't always rush for bathroom breaks. I don't have insurance and don't know much about diabetes.",PRICE & ACCESS,Rybelsus,0.0,,0.0,0.0,0.0,
P0203,R1,"I got diagnosed with T2 last year — I weighed around 260lbs and my A1c was 10. They put me on Metformin 500mg 2x daily but it tore my stomach up really badly so I quit taking them. I've since changed my diet completely and dropped to 249lbs, but my BGL is still 214 this morning. I still have my Metformin but it kills my stomach, and I work outside 7 days a week and can't always rush for bathroom breaks. I don't have insurance and don't know much about diabetes.",PRICE & ACCESS,Saxenda,0.0,,0.0,0.0,0.0,
P0203,R1,"I got diagnosed with T2 last year — I weighed around 260lbs and my A1c was 10. They put me on Metformin 500mg 2x daily but it tore my stomach up really badly so I quit taking them. I've since changed my diet completely and dropped to 249lbs, but my BGL is still 214 this morning. I still have my Metformin but it kills my stomach, and I work outside 7 days a week and can't always rush for bathroom breaks. I don't have insurance and don't know much about diabetes.",PRICE & ACCESS,Trulicity,0.25,1.0,0.0,0.0,0.0,1.0
P0203,R1,"I got diagnosed with T2 last year — I weighed around 260lbs and my A1c was 10. They put me on Metformin 500mg 2x daily but it tore my stomach up really badly so I quit taking them. I've since changed my diet completely and dropped to 249lbs, but my BGL is still 214 this morning. I still have my Metformin but it kills my stomach, and I work outside 7 days a week and can't always rush for bathroom breaks. I don't have insurance and don't know much about diabetes.",PRICE & ACCESS,Victoza,0.0,,0.0,0.0,0.0,
P0203,R1,"I got diagnosed with T2 last year — I weighed around 260lbs and my A1c was 10. They put me on Metformin 500mg 2x daily but it tore my stomach up really badly so I quit taking them. I've since changed my diet completely and dropped to 249lbs, but my BGL is still 214 this morning. I still have my Metformin but it kills my stomach, and I work outside 7 days a week and can't always rush for bathroom breaks. I don't have insurance and don't know much about diabetes.",PRICE & ACCESS,Wegovy,0.0,,0.0,0.0,0.0,
P0203,R1,"I got diagnosed with T2 last year — I weighed around 260lbs and my A1c was 10. They put me on Metformin 500mg 2x daily but it tore my stomach up really badly so I quit taking them. I've since changed my diet completely and dropped to 249lbs, but my BGL is still 214 this morning. I still have my Metformin but it kills my stomach, and I work outside 7 days a week and can't always rush for bathroom breaks. I don't have insurance and don't know much about diabetes.",PRICE & ACCESS,Zepbound,0.0,,0.0,0.0,0.0,
P0204,R1,I recently started taking Metformin and on day one I've had severe stomach pains and diarrhea. This is my second time trying and the first month on it was brutal — I was always sick. Should I try another medication or try to stick to this one? Also what's your experience on it?,LIVING ON THE DRUG,Farxiga,0.125,1.0,0.08333333333333333,0.0,0.08333333333333333,1.0
P0204,R1,I recently started taking Metformin and on day one I've had severe stomach pains and diarrhea. This is my second time trying and the first month on it was brutal — I was always sick. Should I try another medication or try to stick to this one? Also what's your experience on it?,LIVING ON THE DRUG,Invokana,0.125,1.0,0.0,0.0,0.0,1.0
P0204,R1,I recently started taking Metformin and on day one I've had severe stomach pains and diarrhea. This is my second time trying and the first month on it was brutal — I was always sick. Should I try another medication or try to stick to this one? Also what's your experience on it?,LIVING ON THE DRUG,Januvia,0.125,1.0,0.25,0.0,0.25,1.0
P0204,R1,I recently started taking Metformin and on day one I've had severe stomach pains and diarrhea. This is my second time trying and the first month on it was brutal — I was always sick. Should I try another medication or try to stick to this one? Also what's your experience on it?,LIVING ON THE DRUG,Jardiance,0.125,1.0,0.08333333333333333,0.0,0.08333333333333333,1.0
P0204,R1,I recently started taking Metformin and on day one I've had severe stomach pains and diarrhea. This is my second time trying and the first month on it was brutal — I was always sick. Should I try another medication or try to stick to this one? Also what's your experience on it?,LIVING ON THE DRUG,Mounjaro,0.125,1.0,0.08333333333333333,0.0,0.08333333333333333,1.0
P0204,R1,I recently started taking Metformin and on day one I've had severe stomach pains and diarrhea. This is my second time trying and the first month on it was brutal — I was always sick. Should I try another medication or try to stick to this one? Also what's your experience on it?,LIVING ON THE DRUG,Rybelsus,0.0,,0.08333333333333333,0.0,0.08333333333333333,
P0204,R1,I recently started taking Metformin and on day one I've had severe stomach pains and diarrhea. This is my second time trying and the first month on it was brutal — I was always sick. Should I try another medication or try to stick to this one? Also what's your experience on it?,LIVING ON THE DRUG,Saxenda,0.0,,0.0,0.0,0.0,
P0204,R1,I recently started taking Metformin and on day one I've had severe stomach pains and diarrhea. This is my second time trying and the first month on it was brutal — I was always sick. Should I try another medication or try to stick to this one? Also what's your experience on it?,LIVING ON THE DRUG,Trulicity,0.0,,0.08333333333333333,0.0,0.08333333333333333,
P0204,R1,I recently started taking Metformin and on day one I've had severe stomach pains and diarrhea. This is my second time trying and the first month on it was brutal — I was always sick. Should I try another medication or try to stick to this one? Also what's your experience on it?,LIVING ON THE DRUG,Victoza,0.125,1.0,0.16666666666666666,0.0,0.16666666666666666,1.0
P0204,R1,I recently started taking Metformin and on day one I've had severe stomach pains and diarrhea. This is my second time trying and the first month on it was brutal — I was always sick. Should I try another medication or try to stick to this one? Also what's your experience on it?,LIVING ON THE DRUG,Wegovy,0.0,,0.0,0.0,0.0,
P0204,R1,I recently started taking Metformin and on day one I've had severe stomach pains and diarrhea. This is my second time trying and the first month on it was brutal — I was always sick. Should I try another medication or try to stick to this one? Also what's your experience on it?,LIVING ON THE DRUG,Zepbound,0.0,,0.08333333333333333,0.0,0.08333333333333333,
P0205,R1,My doctor has me on metformin 1000 mg twice a day. I cut them in half and still get severe side effects even taking 500 twice a day. I just started a whole food plant based diet hoping it will help because I just can't live with the side effects — they never seem to go away. Has anyone out there taken care of their T2 with diet alone?,LIVING ON THE DRUG,Farxiga,0.0,,0.0,0.0,0.0,
P0205,R1,My doctor has me on metformin 1000 mg twice a day. I cut them in half and still get severe side effects even taking 500 twice a day. I just started a whole food plant based diet hoping it will help because I just can't live with the side effects — they never seem to go away. Has anyone out there taken care of their T2 with diet alone?,LIVING ON THE DRUG,Invokana,0.0,,0.0,0.0,0.0,
P0205,R1,My doctor has me on metformin 1000 mg twice a day. I cut them in half and still get severe side effects even taking 500 twice a day. I just started a whole food plant based diet hoping it will help because I just can't live with the side effects — they never seem to go away. Has anyone out there taken care of their T2 with diet alone?,LIVING ON THE DRUG,Januvia,0.125,1.0,0.0,0.0,0.0,1.0
P0205,R1,My doctor has me on metformin 1000 mg twice a day. I cut them in half and still get severe side effects even taking 500 twice a day. I just started a whole food plant based diet hoping it will help because I just can't live with the side effects — they never seem to go away. Has anyone out there taken care of their T2 with diet alone?,LIVING ON THE DRUG,Jardiance,0.125,1.0,0.0,0.0,0.0,1.0
P0205,R1,My doctor has me on metformin 1000 mg twice a day. I cut them in half and still get severe side effects even taking 500 twice a day. I just started a whole food plant based diet hoping it will help because I just can't live with the side effects — they never seem to go away. Has anyone out there taken care of their T2 with diet alone?,LIVING ON THE DRUG,Mounjaro,0.0,,0.0,0.0,0.0,
P0205,R1,My doctor has me on metformin 1000 mg twice a day. I cut them in half and still get severe side effects even taking 500 twice a day. I just started a whole food plant based diet hoping it will help because I just can't live with the side effects — they never seem to go away. Has anyone out there taken care of their T2 with diet alone?,LIVING ON THE DRUG,Rybelsus,0.0,,0.0,0.0,0.0,
P0205,R1,My doctor has me on metformin 1000 mg twice a day. I cut them in half and still get severe side effects even taking 500 twice a day. I just started a whole food plant based diet hoping it will help because I just can't live with the side effects — they never seem to go away. Has anyone out there taken care of their T2 with diet alone?,LIVING ON THE DRUG,Saxenda,0.0,,0.0,0.0,0.0,
P0205,R1,My doctor has me on metformin 1000 mg twice a day. I cut them in half and still get severe side effects even taking 500 twice a day. I just started a whole food plant based diet hoping it will help because I just can't live with the side effects — they never seem to go away. Has anyone out there taken care of their T2 with diet alone?,LIVING ON THE DRUG,Trulicity,0.0,,0.0,0.0,0.0,
P0205,R1,My doctor has me on metformin 1000 mg twice a day. I cut them in half and still get severe side effects even taking 500 twice a day. I just started a whole food plant based diet hoping it will help because I just can't live with the side effects — they never seem to go away. Has anyone out there taken care of their T2 with diet alone?,LIVING ON THE DRUG,Victoza,0.0,,0.0,0.0,0.0,
P0205,R1,My doctor has me on metformin 1000 mg twice a day. I cut them in half and still get severe side effects even taking 500 twice a day. I just started a whole food plant based diet hoping it will help because I just can't live with the side effects — they never seem to go away. Has anyone out there taken care of their T2 with diet alone?,LIVING ON THE DRUG,Wegovy,0.0,,0.0,0.0,0.0,
P0205,R1,My doctor has me on metformin 1000 mg twice a day. I cut them in half and still get severe side effects even taking 500 twice a day. I just started a whole food plant based diet hoping it will help because I just can't live with the side effects — they never seem to go away. Has anyone out there taken care of their T2 with diet alone?,LIVING ON THE DRUG,Zepbound,0.0,,0.0,0.0,0.0,
P0206,R1,"I eat a whole food plant-based diet, about 1000-1200 calories a day. I cut my metformin in quarters so I take 125 mg a day and can't get past that amount because of the constant GI distress — if I skip the metformin, no GI distress. I've lost about 15 pounds since my diagnosis two months ago. I was told I shouldn't take Imodium daily, but what else am I supposed to do?",WEIGHT LOSS,Farxiga,0.0,,0.0,0.0,0.0,
P0206,R1,"I eat a whole food plant-based diet, about 1000-1200 calories a day. I cut my metformin in quarters so I take 125 mg a day and can't get past that amount because of the constant GI distress — if I skip the metformin, no GI distress. I've lost about 15 pounds since my diagnosis two months ago. I was told I shouldn't take Imodium daily, but what else am I supposed to do?",WEIGHT LOSS,Invokana,0.0,,0.0,0.0,0.0,
P0206,R1,"I eat a whole food plant-based diet, about 1000-1200 calories a day. I cut my metformin in quarters so I take 125 mg a day and can't get past that amount because of the constant GI distress — if I skip the metformin, no GI distress. I've lost about 15 pounds since my diagnosis two months ago. I was told I shouldn't take Imodium daily, but what else am I supposed to do?",WEIGHT LOSS,Januvia,0.0,,0.0,0.0,0.0,
P0206,R1,"I eat a whole food plant-based diet, about 1000-1200 calories a day. I cut my metformin in quarters so I take 125 mg a day and can't get past that amount because of the constant GI distress — if I skip the metformin, no GI distress. I've lost about 15 pounds since my diagnosis two months ago. I was told I shouldn't take Imodium daily, but what else am I supposed to do?",WEIGHT LOSS,Jardiance,0.0,,0.0,0.0,0.0,
P0206,R1,"I eat a whole food plant-based diet, about 1000-1200 calories a day. I cut my metformin in quarters so I take 125 mg a day and can't get past that amount because of the constant GI distress — if I skip the metformin, no GI distress. I've lost about 15 pounds since my diagnosis two months ago. I was told I shouldn't take Imodium daily, but what else am I supposed to do?",WEIGHT LOSS,Mounjaro,0.0,,0.0,0.0,0.0,
P0206,R1,"I eat a whole food plant-based diet, about 1000-1200 calories a day. I cut my metformin in quarters so I take 125 mg a day and can't get past that amount because of the constant GI distress — if I skip the metformin, no GI distress. I've lost about 15 pounds since my diagnosis two months ago. I was told I shouldn't take Imodium daily, but what else am I supposed to do?",WEIGHT LOSS,Rybelsus,0.0,,0.0,0.0,0.0,
P0206,R1,"I eat a whole food plant-based diet, about 1000-1200 calories a day. I cut my metformin in quarters so I take 125 mg a day and can't get past that amount because of the constant GI distress — if I skip the metformin, no GI distress. I've lost about 15 pounds since my diagnosis two months ago. I was told I shouldn't take Imodium daily, but what else am I supposed to do?",WEIGHT LOSS,Saxenda,0.0,,0.0,0.0,0.0,
P0206,R1,"I eat a whole food plant-based diet, about 1000-1200 calories a day. I cut my metformin in quarters so I take 125 mg a day and can't get past that amount because of the constant GI distress — if I skip the metformin, no GI distress. I've lost about 15 pounds since my diagnosis two months ago. I was told I shouldn't take Imodium daily, but what else am I supposed to do?",WEIGHT LOSS,Trulicity,0.0,,0.0,0.0,0.0,
P0206,R1,"I eat a whole food plant-based diet, about 1000-1200 calories a day. I cut my metformin in quarters so I take 125 mg a day and can't get past that amount because of the constant GI distress — if I skip the metformin, no GI distress. I've lost about 15 pounds since my diagnosis two months ago. I was told I shouldn't take Imodium daily, but what else am I supposed to do?",WEIGHT LOSS,Victoza,0.0,,0.0,0.0,0.0,
P0206,R1,"I eat a whole food plant-based diet, about 1000-1200 calories a day. I cut my metformin in quarters so I take 125 mg a day and can't get past that amount because of the constant GI distress — if I skip the metformin, no GI distress. I've lost about 15 pounds since my diagnosis two months ago. I was told I shouldn't take Imodium daily, but what else am I supposed to do?",WEIGHT LOSS,Wegovy,0.0,,0.0,0.0,0.0,
P0206,R1,"I eat a whole food plant-based diet, about 1000-1200 calories a day. I cut my metformin in quarters so I take 125 mg a day and can't get past that amount because of the constant GI distress — if I skip the metformin, no GI distress. I've lost about 15 pounds since my diagnosis two months ago. I was told I shouldn't take Imodium daily, but what else am I supposed to do?",WEIGHT LOSS,Zepbound,0.0,,0.0,0.0,0.0,
P0207,R1,"My wife has uncontrolled type 2 diabetes. She had her appointment and got a prescription list, but everything on it is close to $1900 even after insurance. There is no way I can afford this out of pocket — I make about $74k for a household of 3. Any advice would be great. Or if there are alternatives to the dexcom monitor?",PRICE & ACCESS,Farxiga,0.0,,0.0,0.0,0.0,
P0207,R1,"My wife has uncontrolled type 2 diabetes. She had her appointment and got a prescription list, but everything on it is close to $1900 even after insurance. There is no way I can afford this out of pocket — I make about $74k for a household of 3. Any advice would be great. Or if there are alternatives to the dexcom monitor?",PRICE & ACCESS,Invokana,0.0,,0.0,0.0,0.0,
P0207,R1,"My wife has uncontrolled type 2 diabetes. She had her appointment and got a prescription list, but everything on it is close to $1900 even after insurance. There is no way I can afford this out of pocket — I make about $74k for a household of 3. Any advice would be great. Or if there are alternatives to the dexcom monitor?",PRICE & ACCESS,Januvia,0.0,,0.0,0.0,0.0,
P0207,R1,"My wife has uncontrolled type 2 diabetes. She had her appointment and got a prescription list, but everything on it is close to $1900 even after insurance. There is no way I can afford this out of pocket — I make about $74k for a household of 3. Any advice would be great. Or if there are alternatives to the dexcom monitor?",PRICE & ACCESS,Jardiance,0.29166666666666663,0.25,0.20833333333333331,0.20833333333333331,0.0,0.75
P0207,R1,"My wife has uncontrolled type 2 diabetes. She had her appointment and got a prescription list, but everything on it is close to $1900 even after insurance. There is no way I can afford this out of pocket — I make about $74k for a household of 3. Any advice would be great. Or if there are alternatives to the dexcom monitor?",PRICE & ACCESS,Mounjaro,0.25,1.0,0.0,0.0,0.0,1.0
P0207,R1,"My wife has uncontrolled type 2 diabetes. She had her appointment and got a prescription list, but everything on it is close to $1900 even after insurance. There is no way I can afford this out of pocket — I make about $74k for a household of 3. Any advice would be great. Or if there are alternatives to the dexcom monitor?",PRICE & ACCESS,Rybelsus,0.08333333333333333,1.0,0.0,0.0,0.0,1.0
P0207,R1,"My wife has uncontrolled type 2 diabetes. She had her appointment and got a prescription list, but everything on it is close to $1900 even after insurance. There is no way I can afford this out of pocket — I make about $74k for a household of 3. Any advice would be great. Or if there are alternatives to the dexcom monitor?",PRICE & ACCESS,Saxenda,0.0,,0.0,0.0,0.0,
P0207,R1,"My wife has uncontrolled type 2 diabetes. She had her appointment and got a prescription list, but everything on it is close to $1900 even after insurance. There is no way I can afford this out of pocket — I make about $74k for a household of 3. Any advice would be great. Or if there are alternatives to the dexcom monitor?",PRICE & ACCESS,Trulicity,0.6666666666666666,0.6666666666666666,0.20833333333333331,0.20833333333333331,0.0,0.6666666666666666
P0207,R1,"My wife has uncontrolled type 2 diabetes. She had her appointment and got a prescription list, but everything on it is close to $1900 even after insurance. There is no way I can afford this out of pocket — I make about $74k for a household of 3. Any advice would be great. Or if there are alternatives to the dexcom monitor?",PRICE & ACCESS,Victoza,0.08333333333333333,1.0,0.0,0.0,0.0,1.0
P0207,R1,"My wife has uncontrolled type 2 diabetes. She had her appointment and got a prescription list, but everything on it is close to $1900 even after insurance. There is no way I can afford this out of pocket — I make about $74k for a household of 3. Any advice would be great. Or if there are alternatives to the dexcom monitor?",PRICE & ACCESS,Wegovy,0.0,,0.0,0.0,0.0,
P0207,R1,"My wife has uncontrolled type 2 diabetes. She had her appointment and got a prescription list, but everything on it is close to $1900 even after insurance. There is no way I can afford this out of pocket — I make about $74k for a household of 3. Any advice would be great. Or if there are alternatives to the dexcom monitor?",PRICE & ACCESS,Zepbound,0.0,,0.0,0.0,0.0,
P0208,R1,"I'm pregnant with type 2 diabetes — only 4 weeks along but already scared to eat literally anything as my blood sugar has been super finicky these last couple weeks. I'll be talking to my doctor, but wanted to talk to anyone with experience with a successful pregnancy while having type 2.",SAFETY & CONTRAINDICATIONS,Farxiga,0.0,,0.0,0.0,0.0,
P0208,R1,"I'm pregnant with type 2 diabetes — only 4 weeks along but already scared to eat literally anything as my blood sugar has been super finicky these last couple weeks. I'll be talking to my doctor, but wanted to talk to anyone with experience with a successful pregnancy while having type 2.",SAFETY & CONTRAINDICATIONS,Invokana,0.0,,0.0,0.0,0.0,
P0208,R1,"I'm pregnant with type 2 diabetes — only 4 weeks along but already scared to eat literally anything as my blood sugar has been super finicky these last couple weeks. I'll be talking to my doctor, but wanted to talk to anyone with experience with a successful pregnancy while having type 2.",SAFETY & CONTRAINDICATIONS,Januvia,0.0,,0.0,0.0,0.0,
P0208,R1,"I'm pregnant with type 2 diabetes — only 4 weeks along but already scared to eat literally anything as my blood sugar has been super finicky these last couple weeks. I'll be talking to my doctor, but wanted to talk to anyone with experience with a successful pregnancy while having type 2.",SAFETY & CONTRAINDICATIONS,Jardiance,0.0,,0.0,0.0,0.0,
P0208,R1,"I'm pregnant with type 2 diabetes — only 4 weeks along but already scared to eat literally anything as my blood sugar has been super finicky these last couple weeks. I'll be talking to my doctor, but wanted to talk to anyone with experience with a successful pregnancy while having type 2.",SAFETY & CONTRAINDICATIONS,Mounjaro,0.0,,0.0,0.0,0.0,
P0208,R1,"I'm pregnant with type 2 diabetes — only 4 weeks along but already scared to eat literally anything as my blood sugar has been super finicky these last couple weeks. I'll be talking to my doctor, but wanted to talk to anyone with experience with a successful pregnancy while having type 2.",SAFETY & CONTRAINDICATIONS,Rybelsus,0.0,,0.0,0.0,0.0,
P0208,R1,"I'm pregnant with type 2 diabetes — only 4 weeks along but already scared to eat literally anything as my blood sugar has been super finicky these last couple weeks. I'll be talking to my doctor, but wanted to talk to anyone with experience with a successful pregnancy while having type 2.",SAFETY & CONTRAINDICATIONS,Saxenda,0.0,,0.0,0.0,0.0,
P0208,R1,"I'm pregnant with type 2 diabetes — only 4 weeks along but already scared to eat literally anything as my blood sugar has been super finicky these last couple weeks. I'll be talking to my doctor, but wanted to talk to anyone with experience with a successful pregnancy while having type 2.",SAFETY & CONTRAINDICATIONS,Trulicity,0.0,,0.0,0.0,0.0,
P0208,R1,"I'm pregnant with type 2 diabetes — only 4 weeks along but already scared to eat literally anything as my blood sugar has been super finicky these last couple weeks. I'll be talking to my doctor, but wanted to talk to anyone with experience with a successful pregnancy while having type 2.",SAFETY & CONTRAINDICATIONS,Victoza,0.0,,0.0,0.0,0.0,
P0208,R1,"I'm pregnant with type 2 diabetes — only 4 weeks along but already scared to eat literally anything as my blood sugar has been super finicky these last couple weeks. I'll be talking to my doctor, but wanted to talk to anyone with experience with a successful pregnancy while having type 2.",SAFETY & CONTRAINDICATIONS,Wegovy,0.0,,0.0,0.0,0.0,
P0208,R1,"I'm pregnant with type 2 diabetes — only 4 weeks along but already scared to eat literally anything as my blood sugar has been super finicky these last couple weeks. I'll be talking to my doctor, but wanted to talk to anyone with experience with a successful pregnancy while having type 2.",SAFETY & CONTRAINDICATIONS,Zepbound,0.0,,0.0,0.0,0.0,
P0209,R1,"I've been overweight my entire life and I'm now roughly 24 stone (335lbs), about 5'5, with an extremely sedentary lifestyle since COVID. I want to be serious about losing weight and have tried walking 3 days a week. I know eating less and keeping track of my food is most important but I'm always so hungry and struggle with snacking. How do I overcome those types of feelings? I want tips from others who have been in my position.",WEIGHT LOSS,Farxiga,0.0,,0.0,0.0,0.0,
P0209,R1,"I've been overweight my entire life and I'm now roughly 24 stone (335lbs), about 5'5, with an extremely sedentary lifestyle since COVID. I want to be serious about losing weight and have tried walking 3 days a week. I know eating less and keeping track of my food is most important but I'm always so hungry and struggle with snacking. How do I overcome those types of feelings? I want tips from others who have been in my position.",WEIGHT LOSS,Invokana,0.0,,0.0,0.0,0.0,
P0209,R1,"I've been overweight my entire life and I'm now roughly 24 stone (335lbs), about 5'5, with an extremely sedentary lifestyle since COVID. I want to be serious about losing weight and have tried walking 3 days a week. I know eating less and keeping track of my food is most important but I'm always so hungry and struggle with snacking. How do I overcome those types of feelings? I want tips from others who have been in my position.",WEIGHT LOSS,Januvia,0.0,,0.0,0.0,0.0,
P0209,R1,"I've been overweight my entire life and I'm now roughly 24 stone (335lbs), about 5'5, with an extremely sedentary lifestyle since COVID. I want to be serious about losing weight and have tried walking 3 days a week. I know eating less and keeping track of my food is most important but I'm always so hungry and struggle with snacking. How do I overcome those types of feelings? I want tips from others who have been in my position.",WEIGHT LOSS,Jardiance,0.0,,0.0,0.0,0.0,
P0209,R1,"I've been overweight my entire life and I'm now roughly 24 stone (335lbs), about 5'5, with an extremely sedentary lifestyle since COVID. I want to be serious about losing weight and have tried walking 3 days a week. I know eating less and keeping track of my food is most important but I'm always so hungry and struggle with snacking. How do I overcome those types of feelings? I want tips from others who have been in my position.",WEIGHT LOSS,Mounjaro,0.0,,0.0,0.0,0.0,
P0209,R1,"I've been overweight my entire life and I'm now roughly 24 stone (335lbs), about 5'5, with an extremely sedentary lifestyle since COVID. I want to be serious about losing weight and have tried walking 3 days a week. I know eating less and keeping track of my food is most important but I'm always so hungry and struggle with snacking. How do I overcome those types of feelings? I want tips from others who have been in my position.",WEIGHT LOSS,Rybelsus,0.0,,0.0,0.0,0.0,
P0209,R1,"I've been overweight my entire life and I'm now roughly 24 stone (335lbs), about 5'5, with an extremely sedentary lifestyle since COVID. I want to be serious about losing weight and have tried walking 3 days a week. I know eating less and keeping track of my food is most important but I'm always so hungry and struggle with snacking. How do I overcome those types of feelings? I want tips from others who have been in my position.",WEIGHT LOSS,Saxenda,0.0,,0.0,0.0,0.0,
P0209,R1,"I've been overweight my entire life and I'm now roughly 24 stone (335lbs), about 5'5, with an extremely sedentary lifestyle since COVID. I want to be serious about losing weight and have tried walking 3 days a week. I know eating less and keeping track of my food is most important but I'm always so hungry and struggle with snacking. How do I overcome those types of feelings? I want tips from others who have been in my position.",WEIGHT LOSS,Trulicity,0.0,,0.0,0.0,0.0,
P0209,R1,"I've been overweight my entire life and I'm now roughly 24 stone (335lbs), about 5'5, with an extremely sedentary lifestyle since COVID. I want to be serious about losing weight and have tried walking 3 days a week. I know eating less and keeping track of my food is most important but I'm always so hungry and struggle with snacking. How do I overcome those types of feelings? I want tips from others who have been in my position.",WEIGHT LOSS,Victoza,0.0,,0.0,0.0,0.0,
P0209,R1,"I've been overweight my entire life and I'm now roughly 24 stone (335lbs), about 5'5, with an extremely sedentary lifestyle since COVID. I want to be serious about losing weight and have tried walking 3 days a week. I know eating less and keeping track of my food is most important but I'm always so hungry and struggle with snacking. How do I overcome those types of feelings? I want tips from others who have been in my position.",WEIGHT LOSS,Wegovy,0.0,,0.0,0.0,0.0,
P0209,R1,"I've been overweight my entire life and I'm now roughly 24 stone (335lbs), about 5'5, with an extremely sedentary lifestyle since COVID. I want to be serious about losing weight and have tried walking 3 days a week. I know eating less and keeping track of my food is most important but I'm always so hungry and struggle with snacking. How do I overcome those types of feelings? I want tips from others who have been in my position.",WEIGHT LOSS,Zepbound,0.0,,0.0,0.0,0.0,
P0210,R1,How is diabetes currently treated?,STARTING & SWITCHING,Farxiga,0.1111111111111111,1.0,0.0,0.0,0.0,1.0
P0210,R1,How is diabetes currently treated?,STARTING & SWITCHING,Invokana,0.0,,0.0,0.0,0.0,
P0210,R1,How is diabetes currently treated?,STARTING & SWITCHING,Januvia,0.0,,0.0,0.0,0.0,
P0210,R1,How is diabetes currently treated?,STARTING & SWITCHING,Jardiance,0.1111111111111111,1.0,0.0,0.0,0.0,1.0
P0210,R1,How is diabetes currently treated?,STARTING & SWITCHING,Mounjaro,0.5555555555555555,0.5,0.3333333333333333,0.3333333333333333,0.0,1.0
P0210,R1,How is diabetes currently treated?,STARTING & SWITCHING,Rybelsus,0.1111111111111111,1.0,0.0,0.0,0.0,1.0
P0210,R1,How is diabetes currently treated?,STARTING & SWITCHING,Saxenda,0.0,,0.0,0.0,0.0,
P0210,R1,How is diabetes currently treated?,STARTING & SWITCHING,Trulicity,0.0,,0.0,0.0,0.0,
P0210,R1,How is diabetes currently treated?,STARTING & SWITCHING,Victoza,0.0,,0.0,0.0,0.0,
P0210,R1,How is diabetes currently treated?,STARTING & SWITCHING,Wegovy,0.4444444444444444,1.0,0.0,0.0,0.0,1.0
P0210,R1,How is diabetes currently treated?,STARTING & SWITCHING,Zepbound,0.0,,0.0,0.0,0.0,
P0211,R1,"I'm F 28, 5'5, trying to lose 30 pounds (165>135). I work full time, try to hit 10k steps everyday, and meal prep salad and chicken. I cannot seem to lose any weight and rather keep gaining weight. I need weight loss and lunch ideas please — I am open to all food, lifestyle, personal advice.",SAFETY & CONTRAINDICATIONS,Farxiga,0.0,,0.0,0.0,0.0,
P0211,R1,"I'm F 28, 5'5, trying to lose 30 pounds (165>135). I work full time, try to hit 10k steps everyday, and meal prep salad and chicken. I cannot seem to lose any weight and rather keep gaining weight. I need weight loss and lunch ideas please — I am open to all food, lifestyle, personal advice.",SAFETY & CONTRAINDICATIONS,Invokana,0.0,,0.0,0.0,0.0,
P0211,R1,"I'm F 28, 5'5, trying to lose 30 pounds (165>135). I work full time, try to hit 10k steps everyday, and meal prep salad and chicken. I cannot seem to lose any weight and rather keep gaining weight. I need weight loss and lunch ideas please — I am open to all food, lifestyle, personal advice.",SAFETY & CONTRAINDICATIONS,Januvia,0.0,,0.0,0.0,0.0,
P0211,R1,"I'm F 28, 5'5, trying to lose 30 pounds (165>135). I work full time, try to hit 10k steps everyday, and meal prep salad and chicken. I cannot seem to lose any weight and rather keep gaining weight. I need weight loss and lunch ideas please — I am open to all food, lifestyle, personal advice.",SAFETY & CONTRAINDICATIONS,Jardiance,0.0,,0.0,0.0,0.0,
P0211,R1,"I'm F 28, 5'5, trying to lose 30 pounds (165>135). I work full time, try to hit 10k steps everyday, and meal prep salad and chicken. I cannot seem to lose any weight and rather keep gaining weight. I need weight loss and lunch ideas please — I am open to all food, lifestyle, personal advice.",SAFETY & CONTRAINDICATIONS,Mounjaro,0.0,,0.0,0.0,0.0,
P0211,R1,"I'm F 28, 5'5, trying to lose 30 pounds (165>135). I work full time, try to hit 10k steps everyday, and meal prep salad and chicken. I cannot seem to lose any weight and rather keep gaining weight. I need weight loss and lunch ideas please — I am open to all food, lifestyle, personal advice.",SAFETY & CONTRAINDICATIONS,Rybelsus,0.0,,0.0,0.0,0.0,
P0211,R1,"I'm F 28, 5'5, trying to lose 30 pounds (165>135). I work full time, try to hit 10k steps everyday, and meal prep salad and chicken. I cannot seem to lose any weight and rather keep gaining weight. I need weight loss and lunch ideas please — I am open to all food, lifestyle, personal advice.",SAFETY & CONTRAINDICATIONS,Saxenda,0.0,,0.0,0.0,0.0,
P0211,R1,"I'm F 28, 5'5, trying to lose 30 pounds (165>135). I work full time, try to hit 10k steps everyday, and meal prep salad and chicken. I cannot seem to lose any weight and rather keep gaining weight. I need weight loss and lunch ideas please — I am open to all food, lifestyle, personal advice.",SAFETY & CONTRAINDICATIONS,Trulicity,0.0,,0.0,0.0,0.0,
P0211,R1,"I'm F 28, 5'5, trying to lose 30 pounds (165>135). I work full time, try to hit 10k steps everyday, and meal prep salad and chicken. I cannot seem to lose any weight and rather keep gaining weight. I need weight loss and lunch ideas please — I am open to all food, lifestyle, personal advice.",SAFETY & CONTRAINDICATIONS,Victoza,0.0,,0.0,0.0,0.0,
P0211,R1,"I'm F 28, 5'5, trying to lose 30 pounds (165>135). I work full time, try to hit 10k steps everyday, and meal prep salad and chicken. I cannot seem to lose any weight and rather keep gaining weight. I need weight loss and lunch ideas please — I am open to all food, lifestyle, personal advice.",SAFETY & CONTRAINDICATIONS,Wegovy,0.0,,0.0,0.0,0.0,
P0211,R1,"I'm F 28, 5'5, trying to lose 30 pounds (165>135). I work full time, try to hit 10k steps everyday, and meal prep salad and chicken. I cannot seem to lose any weight and rather keep gaining weight. I need weight loss and lunch ideas please — I am open to all food, lifestyle, personal advice.",SAFETY & CONTRAINDICATIONS,Zepbound,0.0,,0.0,0.0,0.0,
P0212,R1,What is the best medicine for diabetes?,STARTING & SWITCHING,Farxiga,0.6666666666666666,0.5,0.3333333333333333,0.3333333333333333,0.0,1.0
P0212,R1,What is the best medicine for diabetes?,STARTING & SWITCHING,Invokana,0.41666666666666663,1.0,0.0,0.0,0.0,1.0
P0212,R1,What is the best medicine for diabetes?,STARTING & SWITCHING,Januvia,0.16666666666666666,1.0,0.0,0.0,0.0,1.0
P0212,R1,What is the best medicine for diabetes?,STARTING & SWITCHING,Jardiance,0.75,0.5,0.3333333333333333,0.3333333333333333,0.0,1.0
P0212,R1,What is the best medicine for diabetes?,STARTING & SWITCHING,Mounjaro,0.8333333333333334,1.0,0.0,0.0,0.0,1.0
P0212,R1,What is the best medicine for diabetes?,STARTING & SWITCHING,Rybelsus,0.8333333333333334,1.0,0.0,0.0,0.0,1.0
P0212,R1,What is the best medicine for diabetes?,STARTING & SWITCHING,Saxenda,0.0,,0.0,0.0,0.0,
P0212,R1,What is the best medicine for diabetes?,STARTING & SWITCHING,Trulicity,0.375,1.0,0.0,0.0,0.0,1.0
P0212,R1,What is the best medicine for diabetes?,STARTING & SWITCHING,Victoza,0.08333333333333333,1.0,0.0,0.0,0.0,1.0
P0212,R1,What is the best medicine for diabetes?,STARTING & SWITCHING,Wegovy,0.0,,0.0,0.0,0.0,
P0212,R1,What is the best medicine for diabetes?,STARTING & SWITCHING,Zepbound,0.0,,0.0,0.0,0.0,
P0213,R1,"I'm a 27M, 225 lbs, in the middle of a weight loss journey — I started the year around 250. I'm getting married in October and want to lose as much weight as possible in that time frame. I've been walking to work and getting at least 10,000 steps daily. My goal is to get down to 170 pounds or close to it.",WEIGHT LOSS,Farxiga,0.0,,0.0,0.0,0.0,
P0213,R1,"I'm a 27M, 225 lbs, in the middle of a weight loss journey — I started the year around 250. I'm getting married in October and want to lose as much weight as possible in that time frame. I've been walking to work and getting at least 10,000 steps daily. My goal is to get down to 170 pounds or close to it.",WEIGHT LOSS,Invokana,0.0,,0.0,0.0,0.0,
P0213,R1,"I'm a 27M, 225 lbs, in the middle of a weight loss journey — I started the year around 250. I'm getting married in October and want to lose as much weight as possible in that time frame. I've been walking to work and getting at least 10,000 steps daily. My goal is to get down to 170 pounds or close to it.",WEIGHT LOSS,Januvia,0.0,,0.0,0.0,0.0,
P0213,R1,"I'm a 27M, 225 lbs, in the middle of a weight loss journey — I started the year around 250. I'm getting married in October and want to lose as much weight as possible in that time frame. I've been walking to work and getting at least 10,000 steps daily. My goal is to get down to 170 pounds or close to it.",WEIGHT LOSS,Jardiance,0.0,,0.0,0.0,0.0,
P0213,R1,"I'm a 27M, 225 lbs, in the middle of a weight loss journey — I started the year around 250. I'm getting married in October and want to lose as much weight as possible in that time frame. I've been walking to work and getting at least 10,000 steps daily. My goal is to get down to 170 pounds or close to it.",WEIGHT LOSS,Mounjaro,0.0,,0.0,0.0,0.0,
P0213,R1,"I'm a 27M, 225 lbs, in the middle of a weight loss journey — I started the year around 250. I'm getting married in October and want to lose as much weight as possible in that time frame. I've been walking to work and getting at least 10,000 steps daily. My goal is to get down to 170 pounds or close to it.",WEIGHT LOSS,Rybelsus,0.0,,0.0,0.0,0.0,
P0213,R1,"I'm a 27M, 225 lbs, in the middle of a weight loss journey — I started the year around 250. I'm getting married in October and want to lose as much weight as possible in that time frame. I've been walking to work and getting at least 10,000 steps daily. My goal is to get down to 170 pounds or close to it.",WEIGHT LOSS,Saxenda,0.0,,0.0,0.0,0.0,
P0213,R1,"I'm a 27M, 225 lbs, in the middle of a weight loss journey — I started the year around 250. I'm getting married in October and want to lose as much weight as possible in that time frame. I've been walking to work and getting at least 10,000 steps daily. My goal is to get down to 170 pounds or close to it.",WEIGHT LOSS,Trulicity,0.0,,0.0,0.0,0.0,
P0213,R1,"I'm a 27M, 225 lbs, in the middle of a weight loss journey — I started the year around 250. I'm getting married in October and want to lose as much weight as possible in that time frame. I've been walking to work and getting at least 10,000 steps daily. My goal is to get down to 170 pounds or close to it.",WEIGHT LOSS,Victoza,0.0,,0.0,0.0,0.0,
P0213,R1,"I'm a 27M, 225 lbs, in the middle of a weight loss journey — I started the year around 250. I'm getting married in October and want to lose as much weight as possible in that time frame. I've been walking to work and getting at least 10,000 steps daily. My goal is to get down to 170 pounds or close to it.",WEIGHT LOSS,Wegovy,0.0,,0.0,0.0,0.0,
P0213,R1,"I'm a 27M, 225 lbs, in the middle of a weight loss journey — I started the year around 250. I'm getting married in October and want to lose as much weight as possible in that time frame. I've been walking to work and getting at least 10,000 steps daily. My goal is to get down to 170 pounds or close to it.",WEIGHT LOSS,Zepbound,0.0,,0.0,0.0,0.0,
P0214,R1,"I'm 5'5, 195 lbs and really want to hit my first goal of 155lbs for summer. I'm in a 1000 calorie deficit and work out at the gym 3 times a week; my weakness is alcohol, especially beer. Do you have experience losing 40lbs in such time, maybe starting from a similar weight as mine?",WEIGHT LOSS,Farxiga,0.0,,0.0,0.0,0.0,
P0214,R1,"I'm 5'5, 195 lbs and really want to hit my first goal of 155lbs for summer. I'm in a 1000 calorie deficit and work out at the gym 3 times a week; my weakness is alcohol, especially beer. Do you have experience losing 40lbs in such time, maybe starting from a similar weight as mine?",WEIGHT LOSS,Invokana,0.0,,0.0,0.0,0.0,
P0214,R1,"I'm 5'5, 195 lbs and really want to hit my first goal of 155lbs for summer. I'm in a 1000 calorie deficit and work out at the gym 3 times a week; my weakness is alcohol, especially beer. Do you have experience losing 40lbs in such time, maybe starting from a similar weight as mine?",WEIGHT LOSS,Januvia,0.0,,0.0,0.0,0.0,
P0214,R1,"I'm 5'5, 195 lbs and really want to hit my first goal of 155lbs for summer. I'm in a 1000 calorie deficit and work out at the gym 3 times a week; my weakness is alcohol, especially beer. Do you have experience losing 40lbs in such time, maybe starting from a similar weight as mine?",WEIGHT LOSS,Jardiance,0.0,,0.0,0.0,0.0,
P0214,R1,"I'm 5'5, 195 lbs and really want to hit my first goal of 155lbs for summer. I'm in a 1000 calorie deficit and work out at the gym 3 times a week; my weakness is alcohol, especially beer. Do you have experience losing 40lbs in such time, maybe starting from a similar weight as mine?",WEIGHT LOSS,Mounjaro,0.0,,0.0,0.0,0.0,
P0214,R1,"I'm 5'5, 195 lbs and really want to hit my first goal of 155lbs for summer. I'm in a 1000 calorie deficit and work out at the gym 3 times a week; my weakness is alcohol, especially beer. Do you have experience losing 40lbs in such time, maybe starting from a similar weight as mine?",WEIGHT LOSS,Rybelsus,0.0,,0.0,0.0,0.0,
P0214,R1,"I'm 5'5, 195 lbs and really want to hit my first goal of 155lbs for summer. I'm in a 1000 calorie deficit and work out at the gym 3 times a week; my weakness is alcohol, especially beer. Do you have experience losing 40lbs in such time, maybe starting from a similar weight as mine?",WEIGHT LOSS,Saxenda,0.0,,0.0,0.0,0.0,
P0214,R1,"I'm 5'5, 195 lbs and really want to hit my first goal of 155lbs for summer. I'm in a 1000 calorie deficit and work out at the gym 3 times a week; my weakness is alcohol, especially beer. Do you have experience losing 40lbs in such time, maybe starting from a similar weight as mine?",WEIGHT LOSS,Trulicity,0.0,,0.0,0.0,0.0,
P0214,R1,"I'm 5'5, 195 lbs and really want to hit my first goal of 155lbs for summer. I'm in a 1000 calorie deficit and work out at the gym 3 times a week; my weakness is alcohol, especially beer. Do you have experience losing 40lbs in such time, maybe starting from a similar weight as mine?",WEIGHT LOSS,Victoza,0.0,,0.0,0.0,0.0,
P0214,R1,"I'm 5'5, 195 lbs and really want to hit my first goal of 155lbs for summer. I'm in a 1000 calorie deficit and work out at the gym 3 times a week; my weakness is alcohol, especially beer. Do you have experience losing 40lbs in such time, maybe starting from a similar weight as mine?",WEIGHT LOSS,Wegovy,0.0,,0.0,0.0,0.0,
P0214,R1,"I'm 5'5, 195 lbs and really want to hit my first goal of 155lbs for summer. I'm in a 1000 calorie deficit and work out at the gym 3 times a week; my weakness is alcohol, especially beer. Do you have experience losing 40lbs in such time, maybe starting from a similar weight as mine?",WEIGHT LOSS,Zepbound,0.0,,0.0,0.0,0.0,
P0215,R1,"I'm a 22F, 165 lbs, 5'5, and want to be at 140. How do I lose weight? I work out (strength training 45 min 3-5x a week) but stay the same — I just look strong but bulky. Should I change my diet? How many calories can I eat? Should I change the types of workouts to something else?",SAFETY & CONTRAINDICATIONS,Farxiga,0.0,,0.0,0.0,0.0,
P0215,R1,"I'm a 22F, 165 lbs, 5'5, and want to be at 140. How do I lose weight? I work out (strength training 45 min 3-5x a week) but stay the same — I just look strong but bulky. Should I change my diet? How many calories can I eat? Should I change the types of workouts to something else?",SAFETY & CONTRAINDICATIONS,Invokana,0.0,,0.0,0.0,0.0,
P0215,R1,"I'm a 22F, 165 lbs, 5'5, and want to be at 140. How do I lose weight? I work out (strength training 45 min 3-5x a week) but stay the same — I just look strong but bulky. Should I change my diet? How many calories can I eat? Should I change the types of workouts to something else?",SAFETY & CONTRAINDICATIONS,Januvia,0.0,,0.0,0.0,0.0,
P0215,R1,"I'm a 22F, 165 lbs, 5'5, and want to be at 140. How do I lose weight? I work out (strength training 45 min 3-5x a week) but stay the same — I just look strong but bulky. Should I change my diet? How many calories can I eat? Should I change the types of workouts to something else?",SAFETY & CONTRAINDICATIONS,Jardiance,0.0,,0.0,0.0,0.0,
P0215,R1,"I'm a 22F, 165 lbs, 5'5, and want to be at 140. How do I lose weight? I work out (strength training 45 min 3-5x a week) but stay the same — I just look strong but bulky. Should I change my diet? How many calories can I eat? Should I change the types of workouts to something else?",SAFETY & CONTRAINDICATIONS,Mounjaro,0.0,,0.0,0.0,0.0,
P0215,R1,"I'm a 22F, 165 lbs, 5'5, and want to be at 140. How do I lose weight? I work out (strength training 45 min 3-5x a week) but stay the same — I just look strong but bulky. Should I change my diet? How many calories can I eat? Should I change the types of workouts to something else?",SAFETY & CONTRAINDICATIONS,Rybelsus,0.0,,0.0,0.0,0.0,
P0215,R1,"I'm a 22F, 165 lbs, 5'5, and want to be at 140. How do I lose weight? I work out (strength training 45 min 3-5x a week) but stay the same — I just look strong but bulky. Should I change my diet? How many calories can I eat? Should I change the types of workouts to something else?",SAFETY & CONTRAINDICATIONS,Saxenda,0.0,,0.0,0.0,0.0,
P0215,R1,"I'm a 22F, 165 lbs, 5'5, and want to be at 140. How do I lose weight? I work out (strength training 45 min 3-5x a week) but stay the same — I just look strong but bulky. Should I change my diet? How many calories can I eat? Should I change the types of workouts to something else?",SAFETY & CONTRAINDICATIONS,Trulicity,0.0,,0.0,0.0,0.0,
P0215,R1,"I'm a 22F, 165 lbs, 5'5, and want to be at 140. How do I lose weight? I work out (strength training 45 min 3-5x a week) but stay the same — I just look strong but bulky. Should I change my diet? How many calories can I eat? Should I change the types of workouts to something else?",SAFETY & CONTRAINDICATIONS,Victoza,0.0,,0.0,0.0,0.0,
P0215,R1,"I'm a 22F, 165 lbs, 5'5, and want to be at 140. How do I lose weight? I work out (strength training 45 min 3-5x a week) but stay the same — I just look strong but bulky. Should I change my diet? How many calories can I eat? Should I change the types of workouts to something else?",SAFETY & CONTRAINDICATIONS,Wegovy,0.0,,0.0,0.0,0.0,
P0215,R1,"I'm a 22F, 165 lbs, 5'5, and want to be at 140. How do I lose weight? I work out (strength training 45 min 3-5x a week) but stay the same — I just look strong but bulky. Should I change my diet? How many calories can I eat? Should I change the types of workouts to something else?",SAFETY & CONTRAINDICATIONS,Zepbound,0.0,,0.0,0.0,0.0,
P0216,R1,"I want to lose 20 pounds by the end of the year, but open to it taking longer — I want it to be sustainable. I'm 32F, 172 lbs, currently sedentary (I just walk my dogs), and I'm struggling to maintain weight loss because I'm mostly doing cardio/walking. How would you go about it to be the most sustainable?",WEIGHT LOSS,Farxiga,0.0,,0.0,0.0,0.0,
P0216,R1,"I want to lose 20 pounds by the end of the year, but open to it taking longer — I want it to be sustainable. I'm 32F, 172 lbs, currently sedentary (I just walk my dogs), and I'm struggling to maintain weight loss because I'm mostly doing cardio/walking. How would you go about it to be the most sustainable?",WEIGHT LOSS,Invokana,0.0,,0.0,0.0,0.0,
P0216,R1,"I want to lose 20 pounds by the end of the year, but open to it taking longer — I want it to be sustainable. I'm 32F, 172 lbs, currently sedentary (I just walk my dogs), and I'm struggling to maintain weight loss because I'm mostly doing cardio/walking. How would you go about it to be the most sustainable?",WEIGHT LOSS,Januvia,0.0,,0.0,0.0,0.0,
P0216,R1,"I want to lose 20 pounds by the end of the year, but open to it taking longer — I want it to be sustainable. I'm 32F, 172 lbs, currently sedentary (I just walk my dogs), and I'm struggling to maintain weight loss because I'm mostly doing cardio/walking. How would you go about it to be the most sustainable?",WEIGHT LOSS,Jardiance,0.0,,0.0,0.0,0.0,
P0216,R1,"I want to lose 20 pounds by the end of the year, but open to it taking longer — I want it to be sustainable. I'm 32F, 172 lbs, currently sedentary (I just walk my dogs), and I'm struggling to maintain weight loss because I'm mostly doing cardio/walking. How would you go about it to be the most sustainable?",WEIGHT LOSS,Mounjaro,0.0,,0.0,0.0,0.0,
P0216,R1,"I want to lose 20 pounds by the end of the year, but open to it taking longer — I want it to be sustainable. I'm 32F, 172 lbs, currently sedentary (I just walk my dogs), and I'm struggling to maintain weight loss because I'm mostly doing cardio/walking. How would you go about it to be the most sustainable?",WEIGHT LOSS,Rybelsus,0.0,,0.0,0.0,0.0,
P0216,R1,"I want to lose 20 pounds by the end of the year, but open to it taking longer — I want it to be sustainable. I'm 32F, 172 lbs, currently sedentary (I just walk my dogs), and I'm struggling to maintain weight loss because I'm mostly doing cardio/walking. How would you go about it to be the most sustainable?",WEIGHT LOSS,Saxenda,0.0,,0.0,0.0,0.0,
P0216,R1,"I want to lose 20 pounds by the end of the year, but open to it taking longer — I want it to be sustainable. I'm 32F, 172 lbs, currently sedentary (I just walk my dogs), and I'm struggling to maintain weight loss because I'm mostly doing cardio/walking. How would you go about it to be the most sustainable?",WEIGHT LOSS,Trulicity,0.0,,0.0,0.0,0.0,
P0216,R1,"I want to lose 20 pounds by the end of the year, but open to it taking longer — I want it to be sustainable. I'm 32F, 172 lbs, currently sedentary (I just walk my dogs), and I'm struggling to maintain weight loss because I'm mostly doing cardio/walking. How would you go about it to be the most sustainable?",WEIGHT LOSS,Victoza,0.0,,0.0,0.0,0.0,
P0216,R1,"I want to lose 20 pounds by the end of the year, but open to it taking longer — I want it to be sustainable. I'm 32F, 172 lbs, currently sedentary (I just walk my dogs), and I'm struggling to maintain weight loss because I'm mostly doing cardio/walking. How would you go about it to be the most sustainable?",WEIGHT LOSS,Wegovy,0.0,,0.0,0.0,0.0,
P0216,R1,"I want to lose 20 pounds by the end of the year, but open to it taking longer — I want it to be sustainable. I'm 32F, 172 lbs, currently sedentary (I just walk my dogs), and I'm struggling to maintain weight loss because I'm mostly doing cardio/walking. How would you go about it to be the most sustainable?",WEIGHT LOSS,Zepbound,0.0,,0.0,0.0,0.0,
P0217,R1,"I currently weigh 93kgs (205lbs) and want to get to at least 80kgs (176lbs). I'm a 32M, fairly active but don't have time for the gym — I can walk about 60 minutes a day and own a kettlebell. I drink fairly frequently and can eat healthily for about 2 weeks then fall off. I'm looking for a program/regime I can stick to over 12 weeks. Can anyone advise?",LIVING ON THE DRUG,Farxiga,0.0,,0.0,0.0,0.0,
P0217,R1,"I currently weigh 93kgs (205lbs) and want to get to at least 80kgs (176lbs). I'm a 32M, fairly active but don't have time for the gym — I can walk about 60 minutes a day and own a kettlebell. I drink fairly frequently and can eat healthily for about 2 weeks then fall off. I'm looking for a program/regime I can stick to over 12 weeks. Can anyone advise?",LIVING ON THE DRUG,Invokana,0.0,,0.0,0.0,0.0,
P0217,R1,"I currently weigh 93kgs (205lbs) and want to get to at least 80kgs (176lbs). I'm a 32M, fairly active but don't have time for the gym — I can walk about 60 minutes a day and own a kettlebell. I drink fairly frequently and can eat healthily for about 2 weeks then fall off. I'm looking for a program/regime I can stick to over 12 weeks. Can anyone advise?",LIVING ON THE DRUG,Januvia,0.0,,0.0,0.0,0.0,
P0217,R1,"I currently weigh 93kgs (205lbs) and want to get to at least 80kgs (176lbs). I'm a 32M, fairly active but don't have time for the gym — I can walk about 60 minutes a day and own a kettlebell. I drink fairly frequently and can eat healthily for about 2 weeks then fall off. I'm looking for a program/regime I can stick to over 12 weeks. Can anyone advise?",LIVING ON THE DRUG,Jardiance,0.0,,0.0,0.0,0.0,
P0217,R1,"I currently weigh 93kgs (205lbs) and want to get to at least 80kgs (176lbs). I'm a 32M, fairly active but don't have time for the gym — I can walk about 60 minutes a day and own a kettlebell. I drink fairly frequently and can eat healthily for about 2 weeks then fall off. I'm looking for a program/regime I can stick to over 12 weeks. Can anyone advise?",LIVING ON THE DRUG,Mounjaro,0.0,,0.0,0.0,0.0,
P0217,R1,"I currently weigh 93kgs (205lbs) and want to get to at least 80kgs (176lbs). I'm a 32M, fairly active but don't have time for the gym — I can walk about 60 minutes a day and own a kettlebell. I drink fairly frequently and can eat healthily for about 2 weeks then fall off. I'm looking for a program/regime I can stick to over 12 weeks. Can anyone advise?",LIVING ON THE DRUG,Rybelsus,0.0,,0.0,0.0,0.0,
P0217,R1,"I currently weigh 93kgs (205lbs) and want to get to at least 80kgs (176lbs). I'm a 32M, fairly active but don't have time for the gym — I can walk about 60 minutes a day and own a kettlebell. I drink fairly frequently and can eat healthily for about 2 weeks then fall off. I'm looking for a program/regime I can stick to over 12 weeks. Can anyone advise?",LIVING ON THE DRUG,Saxenda,0.0,,0.0,0.0,0.0,
P0217,R1,"I currently weigh 93kgs (205lbs) and want to get to at least 80kgs (176lbs). I'm a 32M, fairly active but don't have time for the gym — I can walk about 60 minutes a day and own a kettlebell. I drink fairly frequently and can eat healthily for about 2 weeks then fall off. I'm looking for a program/regime I can stick to over 12 weeks. Can anyone advise?",LIVING ON THE DRUG,Trulicity,0.0,,0.0,0.0,0.0,
P0217,R1,"I currently weigh 93kgs (205lbs) and want to get to at least 80kgs (176lbs). I'm a 32M, fairly active but don't have time for the gym — I can walk about 60 minutes a day and own a kettlebell. I drink fairly frequently and can eat healthily for about 2 weeks then fall off. I'm looking for a program/regime I can stick to over 12 weeks. Can anyone advise?",LIVING ON THE DRUG,Victoza,0.0,,0.0,0.0,0.0,
P0217,R1,"I currently weigh 93kgs (205lbs) and want to get to at least 80kgs (176lbs). I'm a 32M, fairly active but don't have time for the gym — I can walk about 60 minutes a day and own a kettlebell. I drink fairly frequently and can eat healthily for about 2 weeks then fall off. I'm looking for a program/regime I can stick to over 12 weeks. Can anyone advise?",LIVING ON THE DRUG,Wegovy,0.0,,0.0,0.0,0.0,
P0217,R1,"I currently weigh 93kgs (205lbs) and want to get to at least 80kgs (176lbs). I'm a 32M, fairly active but don't have time for the gym — I can walk about 60 minutes a day and own a kettlebell. I drink fairly frequently and can eat healthily for about 2 weeks then fall off. I'm looking for a program/regime I can stick to over 12 weeks. Can anyone advise?",LIVING ON THE DRUG,Zepbound,0.0,,0.0,0.0,0.0,
P0218,R1,"I'm 26M, 5'9"" 225 lbs. My wife and I both want to lose at least 40 lbs to get to a healthier weight. We eat mostly home cooked meals but our sides aren't healthy, and snacking is a problem for both of us. We're trying to figure out what to do — we want something sustainable that we can change our lifestyle to.",WEIGHT LOSS,Farxiga,0.0,,0.0,0.0,0.0,
P0218,R1,"I'm 26M, 5'9"" 225 lbs. My wife and I both want to lose at least 40 lbs to get to a healthier weight. We eat mostly home cooked meals but our sides aren't healthy, and snacking is a problem for both of us. We're trying to figure out what to do — we want something sustainable that we can change our lifestyle to.",WEIGHT LOSS,Invokana,0.0,,0.0,0.0,0.0,
P0218,R1,"I'm 26M, 5'9"" 225 lbs. My wife and I both want to lose at least 40 lbs to get to a healthier weight. We eat mostly home cooked meals but our sides aren't healthy, and snacking is a problem for both of us. We're trying to figure out what to do — we want something sustainable that we can change our lifestyle to.",WEIGHT LOSS,Januvia,0.0,,0.0,0.0,0.0,
P0218,R1,"I'm 26M, 5'9"" 225 lbs. My wife and I both want to lose at least 40 lbs to get to a healthier weight. We eat mostly home cooked meals but our sides aren't healthy, and snacking is a problem for both of us. We're trying to figure out what to do — we want something sustainable that we can change our lifestyle to.",WEIGHT LOSS,Jardiance,0.0,,0.0,0.0,0.0,
P0218,R1,"I'm 26M, 5'9"" 225 lbs. My wife and I both want to lose at least 40 lbs to get to a healthier weight. We eat mostly home cooked meals but our sides aren't healthy, and snacking is a problem for both of us. We're trying to figure out what to do — we want something sustainable that we can change our lifestyle to.",WEIGHT LOSS,Mounjaro,0.0,,0.0,0.0,0.0,
P0218,R1,"I'm 26M, 5'9"" 225 lbs. My wife and I both want to lose at least 40 lbs to get to a healthier weight. We eat mostly home cooked meals but our sides aren't healthy, and snacking is a problem for both of us. We're trying to figure out what to do — we want something sustainable that we can change our lifestyle to.",WEIGHT LOSS,Rybelsus,0.0,,0.0,0.0,0.0,
P0218,R1,"I'm 26M, 5'9"" 225 lbs. My wife and I both want to lose at least 40 lbs to get to a healthier weight. We eat mostly home cooked meals but our sides aren't healthy, and snacking is a problem for both of us. We're trying to figure out what to do — we want something sustainable that we can change our lifestyle to.",WEIGHT LOSS,Saxenda,0.0,,0.0,0.0,0.0,
P0218,R1,"I'm 26M, 5'9"" 225 lbs. My wife and I both want to lose at least 40 lbs to get to a healthier weight. We eat mostly home cooked meals but our sides aren't healthy, and snacking is a problem for both of us. We're trying to figure out what to do — we want something sustainable that we can change our lifestyle to.",WEIGHT LOSS,Trulicity,0.0,,0.0,0.0,0.0,
P0218,R1,"I'm 26M, 5'9"" 225 lbs. My wife and I both want to lose at least 40 lbs to get to a healthier weight. We eat mostly home cooked meals but our sides aren't healthy, and snacking is a problem for both of us. We're trying to figure out what to do — we want something sustainable that we can change our lifestyle to.",WEIGHT LOSS,Victoza,0.0,,0.0,0.0,0.0,
P0218,R1,"I'm 26M, 5'9"" 225 lbs. My wife and I both want to lose at least 40 lbs to get to a healthier weight. We eat mostly home cooked meals but our sides aren't healthy, and snacking is a problem for both of us. We're trying to figure out what to do — we want something sustainable that we can change our lifestyle to.",WEIGHT LOSS,Wegovy,0.0,,0.0,0.0,0.0,
P0218,R1,"I'm 26M, 5'9"" 225 lbs. My wife and I both want to lose at least 40 lbs to get to a healthier weight. We eat mostly home cooked meals but our sides aren't healthy, and snacking is a problem for both of us. We're trying to figure out what to do — we want something sustainable that we can change our lifestyle to.",WEIGHT LOSS,Zepbound,0.0,,0.0,0.0,0.0,
P0219,R1,Considering going on a GLP-1 seeing how every time I go to the doctors he recommends it. I'm just skeptical and nervous about long term side effects. Should I just have an open mind about it and just try it and see what it does for me?,LIVING ON THE DRUG,Farxiga,0.0,,0.0,0.0,0.0,
P0219,R1,Considering going on a GLP-1 seeing how every time I go to the doctors he recommends it. I'm just skeptical and nervous about long term side effects. Should I just have an open mind about it and just try it and see what it does for me?,LIVING ON THE DRUG,Invokana,0.0,,0.0,0.0,0.0,
P0219,R1,Considering going on a GLP-1 seeing how every time I go to the doctors he recommends it. I'm just skeptical and nervous about long term side effects. Should I just have an open mind about it and just try it and see what it does for me?,LIVING ON THE DRUG,Januvia,0.0,,0.0,0.0,0.0,
P0219,R1,Considering going on a GLP-1 seeing how every time I go to the doctors he recommends it. I'm just skeptical and nervous about long term side effects. Should I just have an open mind about it and just try it and see what it does for me?,LIVING ON THE DRUG,Jardiance,0.0,,0.0,0.0,0.0,
P0219,R1,Considering going on a GLP-1 seeing how every time I go to the doctors he recommends it. I'm just skeptical and nervous about long term side effects. Should I just have an open mind about it and just try it and see what it does for me?,LIVING ON THE DRUG,Mounjaro,0.3333333333333333,1.0,0.0,0.0,0.0,1.0
P0219,R1,Considering going on a GLP-1 seeing how every time I go to the doctors he recommends it. I'm just skeptical and nervous about long term side effects. Should I just have an open mind about it and just try it and see what it does for me?,LIVING ON THE DRUG,Rybelsus,0.125,1.0,0.0,0.0,0.0,1.0
P0219,R1,Considering going on a GLP-1 seeing how every time I go to the doctors he recommends it. I'm just skeptical and nervous about long term side effects. Should I just have an open mind about it and just try it and see what it does for me?,LIVING ON THE DRUG,Saxenda,0.0,,0.0,0.0,0.0,
P0219,R1,Considering going on a GLP-1 seeing how every time I go to the doctors he recommends it. I'm just skeptical and nervous about long term side effects. Should I just have an open mind about it and just try it and see what it does for me?,LIVING ON THE DRUG,Trulicity,0.0,,0.0,0.0,0.0,
P0219,R1,Considering going on a GLP-1 seeing how every time I go to the doctors he recommends it. I'm just skeptical and nervous about long term side effects. Should I just have an open mind about it and just try it and see what it does for me?,LIVING ON THE DRUG,Victoza,0.0,,0.0,0.0,0.0,
P0219,R1,Considering going on a GLP-1 seeing how every time I go to the doctors he recommends it. I'm just skeptical and nervous about long term side effects. Should I just have an open mind about it and just try it and see what it does for me?,LIVING ON THE DRUG,Wegovy,0.3333333333333333,0.5,0.16666666666666666,0.08333333333333333,0.08333333333333333,1.0
P0219,R1,Considering going on a GLP-1 seeing how every time I go to the doctors he recommends it. I'm just skeptical and nervous about long term side effects. Should I just have an open mind about it and just try it and see what it does for me?,LIVING ON THE DRUG,Zepbound,0.3333333333333333,1.0,0.0,0.0,0.0,1.0
P0220,R1,"How safe are GLP-1 medications? I'm a type 2 diabetic and my A1c is in the pre-diabetic range without medication because I've been controlling it through diet alone. Maintaining it has been a bit tiring, so I'm thinking about asking my doctor about starting a GLP-1 medication. I'd like to know how safe GLP-1 medications are for long-term use.",BLOOD SUGAR & GLYCEMIC CONTROL,Farxiga,0.0,,0.0,0.0,0.0,
P0220,R1,"How safe are GLP-1 medications? I'm a type 2 diabetic and my A1c is in the pre-diabetic range without medication because I've been controlling it through diet alone. Maintaining it has been a bit tiring, so I'm thinking about asking my doctor about starting a GLP-1 medication. I'd like to know how safe GLP-1 medications are for long-term use.",BLOOD SUGAR & GLYCEMIC CONTROL,Invokana,0.0,,0.0,0.0,0.0,
P0220,R1,"How safe are GLP-1 medications? I'm a type 2 diabetic and my A1c is in the pre-diabetic range without medication because I've been controlling it through diet alone. Maintaining it has been a bit tiring, so I'm thinking about asking my doctor about starting a GLP-1 medication. I'd like to know how safe GLP-1 medications are for long-term use.",BLOOD SUGAR & GLYCEMIC CONTROL,Januvia,0.0,,0.0,0.0,0.0,
P0220,R1,"How safe are GLP-1 medications? I'm a type 2 diabetic and my A1c is in the pre-diabetic range without medication because I've been controlling it through diet alone. Maintaining it has been a bit tiring, so I'm thinking about asking my doctor about starting a GLP-1 medication. I'd like to know how safe GLP-1 medications are for long-term use.",BLOOD SUGAR & GLYCEMIC CONTROL,Jardiance,0.0,,0.0,0.0,0.0,
P0220,R1,"How safe are GLP-1 medications? I'm a type 2 diabetic and my A1c is in the pre-diabetic range without medication because I've been controlling it through diet alone. Maintaining it has been a bit tiring, so I'm thinking about asking my doctor about starting a GLP-1 medication. I'd like to know how safe GLP-1 medications are for long-term use.",BLOOD SUGAR & GLYCEMIC CONTROL,Mounjaro,0.0,,0.125,0.0,0.125,
P0220,R1,"How safe are GLP-1 medications? I'm a type 2 diabetic and my A1c is in the pre-diabetic range without medication because I've been controlling it through diet alone. Maintaining it has been a bit tiring, so I'm thinking about asking my doctor about starting a GLP-1 medication. I'd like to know how safe GLP-1 medications are for long-term use.",BLOOD SUGAR & GLYCEMIC CONTROL,Rybelsus,0.0,,0.0,0.0,0.0,
P0220,R1,"How safe are GLP-1 medications? I'm a type 2 diabetic and my A1c is in the pre-diabetic range without medication because I've been controlling it through diet alone. Maintaining it has been a bit tiring, so I'm thinking about asking my doctor about starting a GLP-1 medication. I'd like to know how safe GLP-1 medications are for long-term use.",BLOOD SUGAR & GLYCEMIC CONTROL,Saxenda,0.0,,0.0,0.0,0.0,
P0220,R1,"How safe are GLP-1 medications? I'm a type 2 diabetic and my A1c is in the pre-diabetic range without medication because I've been controlling it through diet alone. Maintaining it has been a bit tiring, so I'm thinking about asking my doctor about starting a GLP-1 medication. I'd like to know how safe GLP-1 medications are for long-term use.",BLOOD SUGAR & GLYCEMIC CONTROL,Trulicity,0.0,,0.0,0.0,0.0,
P0220,R1,"How safe are GLP-1 medications? I'm a type 2 diabetic and my A1c is in the pre-diabetic range without medication because I've been controlling it through diet alone. Maintaining it has been a bit tiring, so I'm thinking about asking my doctor about starting a GLP-1 medication. I'd like to know how safe GLP-1 medications are for long-term use.",BLOOD SUGAR & GLYCEMIC CONTROL,Victoza,0.0,,0.0,0.0,0.0,
P0220,R1,"How safe are GLP-1 medications? I'm a type 2 diabetic and my A1c is in the pre-diabetic range without medication because I've been controlling it through diet alone. Maintaining it has been a bit tiring, so I'm thinking about asking my doctor about starting a GLP-1 medication. I'd like to know how safe GLP-1 medications are for long-term use.",BLOOD SUGAR & GLYCEMIC CONTROL,Wegovy,0.0,,0.0,0.0,0.0,
P0220,R1,"How safe are GLP-1 medications? I'm a type 2 diabetic and my A1c is in the pre-diabetic range without medication because I've been controlling it through diet alone. Maintaining it has been a bit tiring, so I'm thinking about asking my doctor about starting a GLP-1 medication. I'd like to know how safe GLP-1 medications are for long-term use.",BLOOD SUGAR & GLYCEMIC CONTROL,Zepbound,0.0,,0.125,0.0,0.125,
P0221,R1,"I came in at 6% A1c and my doctor wants to meet. I'm 47, work out daily (Peloton or walk 4 miles), switched to pescatarianism 2 years ago and weigh around 148 lbs. I do drink about 5 to 7 drinks a week. Besides stopping this, what else can I do? Work out more? Cut out the carbs?",WEIGHT LOSS,Farxiga,0.0,,0.0,0.0,0.0,
P0221,R1,"I came in at 6% A1c and my doctor wants to meet. I'm 47, work out daily (Peloton or walk 4 miles), switched to pescatarianism 2 years ago and weigh around 148 lbs. I do drink about 5 to 7 drinks a week. Besides stopping this, what else can I do? Work out more? Cut out the carbs?",WEIGHT LOSS,Invokana,0.0,,0.0,0.0,0.0,
P0221,R1,"I came in at 6% A1c and my doctor wants to meet. I'm 47, work out daily (Peloton or walk 4 miles), switched to pescatarianism 2 years ago and weigh around 148 lbs. I do drink about 5 to 7 drinks a week. Besides stopping this, what else can I do? Work out more? Cut out the carbs?",WEIGHT LOSS,Januvia,0.0,,0.0,0.0,0.0,
P0221,R1,"I came in at 6% A1c and my doctor wants to meet. I'm 47, work out daily (Peloton or walk 4 miles), switched to pescatarianism 2 years ago and weigh around 148 lbs. I do drink about 5 to 7 drinks a week. Besides stopping this, what else can I do? Work out more? Cut out the carbs?",WEIGHT LOSS,Jardiance,0.0,,0.0,0.0,0.0,
P0221,R1,"I came in at 6% A1c and my doctor wants to meet. I'm 47, work out daily (Peloton or walk 4 miles), switched to pescatarianism 2 years ago and weigh around 148 lbs. I do drink about 5 to 7 drinks a week. Besides stopping this, what else can I do? Work out more? Cut out the carbs?",WEIGHT LOSS,Mounjaro,0.0,,0.0,0.0,0.0,
P0221,R1,"I came in at 6% A1c and my doctor wants to meet. I'm 47, work out daily (Peloton or walk 4 miles), switched to pescatarianism 2 years ago and weigh around 148 lbs. I do drink about 5 to 7 drinks a week. Besides stopping this, what else can I do? Work out more? Cut out the carbs?",WEIGHT LOSS,Rybelsus,0.0,,0.0,0.0,0.0,
P0221,R1,"I came in at 6% A1c and my doctor wants to meet. I'm 47, work out daily (Peloton or walk 4 miles), switched to pescatarianism 2 years ago and weigh around 148 lbs. I do drink about 5 to 7 drinks a week. Besides stopping this, what else can I do? Work out more? Cut out the carbs?",WEIGHT LOSS,Saxenda,0.0,,0.0,0.0,0.0,
P0221,R1,"I came in at 6% A1c and my doctor wants to meet. I'm 47, work out daily (Peloton or walk 4 miles), switched to pescatarianism 2 years ago and weigh around 148 lbs. I do drink about 5 to 7 drinks a week. Besides stopping this, what else can I do? Work out more? Cut out the carbs?",WEIGHT LOSS,Trulicity,0.0,,0.0,0.0,0.0,
P0221,R1,"I came in at 6% A1c and my doctor wants to meet. I'm 47, work out daily (Peloton or walk 4 miles), switched to pescatarianism 2 years ago and weigh around 148 lbs. I do drink about 5 to 7 drinks a week. Besides stopping this, what else can I do? Work out more? Cut out the carbs?",WEIGHT LOSS,Victoza,0.0,,0.0,0.0,0.0,
P0221,R1,"I came in at 6% A1c and my doctor wants to meet. I'm 47, work out daily (Peloton or walk 4 miles), switched to pescatarianism 2 years ago and weigh around 148 lbs. I do drink about 5 to 7 drinks a week. Besides stopping this, what else can I do? Work out more? Cut out the carbs?",WEIGHT LOSS,Wegovy,0.0,,0.0,0.0,0.0,
P0221,R1,"I came in at 6% A1c and my doctor wants to meet. I'm 47, work out daily (Peloton or walk 4 miles), switched to pescatarianism 2 years ago and weigh around 148 lbs. I do drink about 5 to 7 drinks a week. Besides stopping this, what else can I do? Work out more? Cut out the carbs?",WEIGHT LOSS,Zepbound,0.0,,0.0,0.0,0.0,
P0222,R1,I'm 38 and was just diagnosed with type 2 diabetes yesterday. I don't even know where to start. What can I eat? What else can I do?,LIVING ON THE DRUG,Farxiga,0.0,,0.0,0.0,0.0,
P0222,R1,I'm 38 and was just diagnosed with type 2 diabetes yesterday. I don't even know where to start. What can I eat? What else can I do?,LIVING ON THE DRUG,Invokana,0.0,,0.0,0.0,0.0,
P0222,R1,I'm 38 and was just diagnosed with type 2 diabetes yesterday. I don't even know where to start. What can I eat? What else can I do?,LIVING ON THE DRUG,Januvia,0.0,,0.0,0.0,0.0,
P0222,R1,I'm 38 and was just diagnosed with type 2 diabetes yesterday. I don't even know where to start. What can I eat? What else can I do?,LIVING ON THE DRUG,Jardiance,0.0,,0.0,0.0,0.0,
P0222,R1,I'm 38 and was just diagnosed with type 2 diabetes yesterday. I don't even know where to start. What can I eat? What else can I do?,LIVING ON THE DRUG,Mounjaro,0.0,,0.0,0.0,0.0,
P0222,R1,I'm 38 and was just diagnosed with type 2 diabetes yesterday. I don't even know where to start. What can I eat? What else can I do?,LIVING ON THE DRUG,Rybelsus,0.0,,0.0,0.0,0.0,
P0222,R1,I'm 38 and was just diagnosed with type 2 diabetes yesterday. I don't even know where to start. What can I eat? What else can I do?,LIVING ON THE DRUG,Saxenda,0.0,,0.0,0.0,0.0,
P0222,R1,I'm 38 and was just diagnosed with type 2 diabetes yesterday. I don't even know where to start. What can I eat? What else can I do?,LIVING ON THE DRUG,Trulicity,0.0,,0.0,0.0,0.0,
P0222,R1,I'm 38 and was just diagnosed with type 2 diabetes yesterday. I don't even know where to start. What can I eat? What else can I do?,LIVING ON THE DRUG,Victoza,0.0,,0.0,0.0,0.0,
P0222,R1,I'm 38 and was just diagnosed with type 2 diabetes yesterday. I don't even know where to start. What can I eat? What else can I do?,LIVING ON THE DRUG,Wegovy,0.0,,0.0,0.0,0.0,
P0222,R1,I'm 38 and was just diagnosed with type 2 diabetes yesterday. I don't even know where to start. What can I eat? What else can I do?,LIVING ON THE DRUG,Zepbound,0.0,,0.0,0.0,0.0,
P0223,R1,I'm a 35-year-old woman. My HbA1c was 11 in November 2025 but has now come down to 7. My doctor suggested that I consider weight-loss injections. What if my weight stays the same — then will I have to take a tablet for lifetime? Are the weight loss injections necessary for remission of diabetes?,WEIGHT LOSS,Farxiga,0.0,,0.0,0.0,0.0,
P0223,R1,I'm a 35-year-old woman. My HbA1c was 11 in November 2025 but has now come down to 7. My doctor suggested that I consider weight-loss injections. What if my weight stays the same — then will I have to take a tablet for lifetime? Are the weight loss injections necessary for remission of diabetes?,WEIGHT LOSS,Invokana,0.0,,0.0,0.0,0.0,
P0223,R1,I'm a 35-year-old woman. My HbA1c was 11 in November 2025 but has now come down to 7. My doctor suggested that I consider weight-loss injections. What if my weight stays the same — then will I have to take a tablet for lifetime? Are the weight loss injections necessary for remission of diabetes?,WEIGHT LOSS,Januvia,0.0,,0.0,0.0,0.0,
P0223,R1,I'm a 35-year-old woman. My HbA1c was 11 in November 2025 but has now come down to 7. My doctor suggested that I consider weight-loss injections. What if my weight stays the same — then will I have to take a tablet for lifetime? Are the weight loss injections necessary for remission of diabetes?,WEIGHT LOSS,Jardiance,0.0,,0.0,0.0,0.0,
P0223,R1,I'm a 35-year-old woman. My HbA1c was 11 in November 2025 but has now come down to 7. My doctor suggested that I consider weight-loss injections. What if my weight stays the same — then will I have to take a tablet for lifetime? Are the weight loss injections necessary for remission of diabetes?,WEIGHT LOSS,Mounjaro,0.6666666666666666,1.0,0.0,0.0,0.0,1.0
P0223,R1,I'm a 35-year-old woman. My HbA1c was 11 in November 2025 but has now come down to 7. My doctor suggested that I consider weight-loss injections. What if my weight stays the same — then will I have to take a tablet for lifetime? Are the weight loss injections necessary for remission of diabetes?,WEIGHT LOSS,Rybelsus,0.0,,0.0,0.0,0.0,
P0223,R1,I'm a 35-year-old woman. My HbA1c was 11 in November 2025 but has now come down to 7. My doctor suggested that I consider weight-loss injections. What if my weight stays the same — then will I have to take a tablet for lifetime? Are the weight loss injections necessary for remission of diabetes?,WEIGHT LOSS,Saxenda,0.16666666666666666,1.0,0.0,0.0,0.0,1.0
P0223,R1,I'm a 35-year-old woman. My HbA1c was 11 in November 2025 but has now come down to 7. My doctor suggested that I consider weight-loss injections. What if my weight stays the same — then will I have to take a tablet for lifetime? Are the weight loss injections necessary for remission of diabetes?,WEIGHT LOSS,Trulicity,0.0,,0.0,0.0,0.0,
P0223,R1,I'm a 35-year-old woman. My HbA1c was 11 in November 2025 but has now come down to 7. My doctor suggested that I consider weight-loss injections. What if my weight stays the same — then will I have to take a tablet for lifetime? Are the weight loss injections necessary for remission of diabetes?,WEIGHT LOSS,Victoza,0.08333333333333333,1.0,0.0,0.0,0.0,1.0
P0223,R1,I'm a 35-year-old woman. My HbA1c was 11 in November 2025 but has now come down to 7. My doctor suggested that I consider weight-loss injections. What if my weight stays the same — then will I have to take a tablet for lifetime? Are the weight loss injections necessary for remission of diabetes?,WEIGHT LOSS,Wegovy,0.375,1.0,0.0,0.0,0.0,1.0
P0223,R1,I'm a 35-year-old woman. My HbA1c was 11 in November 2025 but has now come down to 7. My doctor suggested that I consider weight-loss injections. What if my weight stays the same — then will I have to take a tablet for lifetime? Are the weight loss injections necessary for remission of diabetes?,WEIGHT LOSS,Zepbound,0.20833333333333331,1.0,0.0,0.0,0.0,1.0
P0224,R1,What's the latest treatment news on diabetes mellitus type 2?,STARTING & SWITCHING,Farxiga,0.1111111111111111,1.0,0.1111111111111111,0.0,0.1111111111111111,1.0
P0224,R1,What's the latest treatment news on diabetes mellitus type 2?,STARTING & SWITCHING,Invokana,0.0,,0.1111111111111111,0.0,0.1111111111111111,
P0224,R1,What's the latest treatment news on diabetes mellitus type 2?,STARTING & SWITCHING,Januvia,0.0,,0.0,0.0,0.0,
P0224,R1,What's the latest treatment news on diabetes mellitus type 2?,STARTING & SWITCHING,Jardiance,0.1111111111111111,1.0,0.0,0.0,0.0,1.0
P0224,R1,What's the latest treatment news on diabetes mellitus type 2?,STARTING & SWITCHING,Mounjaro,0.3333333333333333,0.75,0.1111111111111111,0.1111111111111111,0.0,0.75
P0224,R1,What's the latest treatment news on diabetes mellitus type 2?,STARTING & SWITCHING,Rybelsus,0.1111111111111111,1.0,0.0,0.0,0.0,1.0
P0224,R1,What's the latest treatment news on diabetes mellitus type 2?,STARTING & SWITCHING,Saxenda,0.1111111111111111,1.0,0.1111111111111111,0.0,0.1111111111111111,1.0
P0224,R1,What's the latest treatment news on diabetes mellitus type 2?,STARTING & SWITCHING,Trulicity,0.1111111111111111,1.0,0.0,0.0,0.0,1.0
P0224,R1,What's the latest treatment news on diabetes mellitus type 2?,STARTING & SWITCHING,Victoza,0.1111111111111111,1.0,0.1111111111111111,0.0,0.1111111111111111,1.0
P0224,R1,What's the latest treatment news on diabetes mellitus type 2?,STARTING & SWITCHING,Wegovy,0.3333333333333333,1.0,0.1111111111111111,0.0,0.1111111111111111,1.0
P0224,R1,What's the latest treatment news on diabetes mellitus type 2?,STARTING & SWITCHING,Zepbound,0.1111111111111111,1.0,0.0,0.0,0.0,1.0
P0225,R1,What are some of the non-drug treatments for diabetes type 2?,STARTING & SWITCHING,Farxiga,0.0,,0.0,0.0,0.0,
P0225,R1,What are some of the non-drug treatments for diabetes type 2?,STARTING & SWITCHING,Invokana,0.0,,0.0,0.0,0.0,
P0225,R1,What are some of the non-drug treatments for diabetes type 2?,STARTING & SWITCHING,Januvia,0.0,,0.0,0.0,0.0,
P0225,R1,What are some of the non-drug treatments for diabetes type 2?,STARTING & SWITCHING,Jardiance,0.0,,0.0,0.0,0.0,
P0225,R1,What are some of the non-drug treatments for diabetes type 2?,STARTING & SWITCHING,Mounjaro,0.0,,0.0,0.0,0.0,
P0225,R1,What are some of the non-drug treatments for diabetes type 2?,STARTING & SWITCHING,Rybelsus,0.0,,0.0,0.0,0.0,
P0225,R1,What are some of the non-drug treatments for diabetes type 2?,STARTING & SWITCHING,Saxenda,0.0,,0.0,0.0,0.0,
P0225,R1,What are some of the non-drug treatments for diabetes type 2?,STARTING & SWITCHING,Trulicity,0.0,,0.0,0.0,0.0,
P0225,R1,What are some of the non-drug treatments for diabetes type 2?,STARTING & SWITCHING,Victoza,0.0,,0.0,0.0,0.0,
P0225,R1,What are some of the non-drug treatments for diabetes type 2?,STARTING & SWITCHING,Wegovy,0.0,,0.0,0.0,0.0,
P0225,R1,What are some of the non-drug treatments for diabetes type 2?,STARTING & SWITCHING,Zepbound,0.0,,0.0,0.0,0.0,
P0226,R1,What are the best medications for type 2 diabetes?,STARTING & SWITCHING,Farxiga,0.8333333333333334,0.8333333333333333,0.16666666666666666,0.16666666666666666,0.0,0.9166666666666666
P0226,R1,What are the best medications for type 2 diabetes?,STARTING & SWITCHING,Invokana,0.8333333333333334,0.8333333333333333,0.16666666666666666,0.16666666666666666,0.0,0.9166666666666666
P0226,R1,What are the best medications for type 2 diabetes?,STARTING & SWITCHING,Januvia,0.6666666666666666,1.0,0.0,0.0,0.0,1.0
P0226,R1,What are the best medications for type 2 diabetes?,STARTING & SWITCHING,Jardiance,0.8333333333333334,0.7083333333333333,0.29166666666666663,0.29166666666666663,0.0,0.7916666666666666
P0226,R1,What are the best medications for type 2 diabetes?,STARTING & SWITCHING,Mounjaro,0.75,1.0,0.0,0.0,0.0,1.0
P0226,R1,What are the best medications for type 2 diabetes?,STARTING & SWITCHING,Rybelsus,0.8333333333333334,1.0,0.0,0.0,0.0,1.0
P0226,R1,What are the best medications for type 2 diabetes?,STARTING & SWITCHING,Saxenda,0.0,,0.0,0.0,0.0,
P0226,R1,What are the best medications for type 2 diabetes?,STARTING & SWITCHING,Trulicity,0.7083333333333334,0.9166666666666666,0.08333333333333333,0.08333333333333333,0.0,0.9166666666666666
P0226,R1,What are the best medications for type 2 diabetes?,STARTING & SWITCHING,Victoza,0.75,0.875,0.08333333333333333,0.08333333333333333,0.0,0.875
P0226,R1,What are the best medications for type 2 diabetes?,STARTING & SWITCHING,Wegovy,0.0,,0.0,0.0,0.0,
P0226,R1,What are the best medications for type 2 diabetes?,STARTING & SWITCHING,Zepbound,0.0,,0.0,0.0,0.0,
P0227,R1,"I had an MRI that showed my liver tissue is turning to fatty tissue. The doctor said it is probably caused by my Type 2 diabetes and that it can be reversed before it turns to cirrhosis with diet, exercise, and medication. Has anyone else had this happen? Were you able to reverse it or stop it in its tracks?",SAFETY & CONTRAINDICATIONS,Farxiga,0.0,,0.0,0.0,0.0,
P0227,R1,"I had an MRI that showed my liver tissue is turning to fatty tissue. The doctor said it is probably caused by my Type 2 diabetes and that it can be reversed before it turns to cirrhosis with diet, exercise, and medication. Has anyone else had this happen? Were you able to reverse it or stop it in its tracks?",SAFETY & CONTRAINDICATIONS,Invokana,0.0,,0.0,0.0,0.0,
P0227,R1,"I had an MRI that showed my liver tissue is turning to fatty tissue. The doctor said it is probably caused by my Type 2 diabetes and that it can be reversed before it turns to cirrhosis with diet, exercise, and medication. Has anyone else had this happen? Were you able to reverse it or stop it in its tracks?",SAFETY & CONTRAINDICATIONS,Januvia,0.0,,0.0,0.0,0.0,
P0227,R1,"I had an MRI that showed my liver tissue is turning to fatty tissue. The doctor said it is probably caused by my Type 2 diabetes and that it can be reversed before it turns to cirrhosis with diet, exercise, and medication. Has anyone else had this happen? Were you able to reverse it or stop it in its tracks?",SAFETY & CONTRAINDICATIONS,Jardiance,0.0,,0.0,0.0,0.0,
P0227,R1,"I had an MRI that showed my liver tissue is turning to fatty tissue. The doctor said it is probably caused by my Type 2 diabetes and that it can be reversed before it turns to cirrhosis with diet, exercise, and medication. Has anyone else had this happen? Were you able to reverse it or stop it in its tracks?",SAFETY & CONTRAINDICATIONS,Mounjaro,0.5416666666666666,0.75,0.16666666666666666,0.08333333333333333,0.08333333333333333,1.0
P0227,R1,"I had an MRI that showed my liver tissue is turning to fatty tissue. The doctor said it is probably caused by my Type 2 diabetes and that it can be reversed before it turns to cirrhosis with diet, exercise, and medication. Has anyone else had this happen? Were you able to reverse it or stop it in its tracks?",SAFETY & CONTRAINDICATIONS,Rybelsus,0.0,,0.0,0.0,0.0,
P0227,R1,"I had an MRI that showed my liver tissue is turning to fatty tissue. The doctor said it is probably caused by my Type 2 diabetes and that it can be reversed before it turns to cirrhosis with diet, exercise, and medication. Has anyone else had this happen? Were you able to reverse it or stop it in its tracks?",SAFETY & CONTRAINDICATIONS,Saxenda,0.0,,0.0,0.0,0.0,
P0227,R1,"I had an MRI that showed my liver tissue is turning to fatty tissue. The doctor said it is probably caused by my Type 2 diabetes and that it can be reversed before it turns to cirrhosis with diet, exercise, and medication. Has anyone else had this happen? Were you able to reverse it or stop it in its tracks?",SAFETY & CONTRAINDICATIONS,Trulicity,0.0,,0.0,0.0,0.0,
P0227,R1,"I had an MRI that showed my liver tissue is turning to fatty tissue. The doctor said it is probably caused by my Type 2 diabetes and that it can be reversed before it turns to cirrhosis with diet, exercise, and medication. Has anyone else had this happen? Were you able to reverse it or stop it in its tracks?",SAFETY & CONTRAINDICATIONS,Victoza,0.0,,0.0,0.0,0.0,
P0227,R1,"I had an MRI that showed my liver tissue is turning to fatty tissue. The doctor said it is probably caused by my Type 2 diabetes and that it can be reversed before it turns to cirrhosis with diet, exercise, and medication. Has anyone else had this happen? Were you able to reverse it or stop it in its tracks?",SAFETY & CONTRAINDICATIONS,Wegovy,0.5833333333333334,0.5,0.20833333333333331,0.20833333333333331,0.0,0.8333333333333334
P0227,R1,"I had an MRI that showed my liver tissue is turning to fatty tissue. The doctor said it is probably caused by my Type 2 diabetes and that it can be reversed before it turns to cirrhosis with diet, exercise, and medication. Has anyone else had this happen? Were you able to reverse it or stop it in its tracks?",SAFETY & CONTRAINDICATIONS,Zepbound,0.375,1.0,0.0,0.0,0.0,1.0
P0228,R1,"Two days ago, my uncle was diagnosed with diabetes. but he has chronic kidney disease. which antidiabetic drug is best for patients with ckd?",SAFETY & CONTRAINDICATIONS,Farxiga,0.6666666666666666,0.0,0.6666666666666666,0.6666666666666666,0.0,1.0
P0228,R1,"Two days ago, my uncle was diagnosed with diabetes. but he has chronic kidney disease. which antidiabetic drug is best for patients with ckd?",SAFETY & CONTRAINDICATIONS,Invokana,0.41666666666666663,0.0,0.41666666666666663,0.41666666666666663,0.0,1.0
P0228,R1,"Two days ago, my uncle was diagnosed with diabetes. but he has chronic kidney disease. which antidiabetic drug is best for patients with ckd?",SAFETY & CONTRAINDICATIONS,Januvia,0.0,,0.0,0.0,0.0,
P0228,R1,"Two days ago, my uncle was diagnosed with diabetes. but he has chronic kidney disease. which antidiabetic drug is best for patients with ckd?",SAFETY & CONTRAINDICATIONS,Jardiance,0.41666666666666663,0.0,0.41666666666666663,0.41666666666666663,0.0,1.0
P0228,R1,"Two days ago, my uncle was diagnosed with diabetes. but he has chronic kidney disease. which antidiabetic drug is best for patients with ckd?",SAFETY & CONTRAINDICATIONS,Mounjaro,0.125,1.0,0.0,0.0,0.0,1.0
P0228,R1,"Two days ago, my uncle was diagnosed with diabetes. but he has chronic kidney disease. which antidiabetic drug is best for patients with ckd?",SAFETY & CONTRAINDICATIONS,Rybelsus,0.4583333333333333,0.6666666666666666,0.08333333333333333,0.08333333333333333,0.0,1.0
P0228,R1,"Two days ago, my uncle was diagnosed with diabetes. but he has chronic kidney disease. which antidiabetic drug is best for patients with ckd?",SAFETY & CONTRAINDICATIONS,Saxenda,0.08333333333333333,0.0,0.08333333333333333,0.08333333333333333,0.0,1.0
P0228,R1,"Two days ago, my uncle was diagnosed with diabetes. but he has chronic kidney disease. which antidiabetic drug is best for patients with ckd?",SAFETY & CONTRAINDICATIONS,Trulicity,0.29166666666666663,0.6666666666666666,0.08333333333333333,0.08333333333333333,0.0,1.0
P0228,R1,"Two days ago, my uncle was diagnosed with diabetes. but he has chronic kidney disease. which antidiabetic drug is best for patients with ckd?",SAFETY & CONTRAINDICATIONS,Victoza,0.6666666666666666,0.75,0.08333333333333333,0.08333333333333333,0.0,1.0
P0228,R1,"Two days ago, my uncle was diagnosed with diabetes. but he has chronic kidney disease. which antidiabetic drug is best for patients with ckd?",SAFETY & CONTRAINDICATIONS,Wegovy,0.4583333333333333,1.0,0.0,0.0,0.0,1.0
P0228,R1,"Two days ago, my uncle was diagnosed with diabetes. but he has chronic kidney disease. which antidiabetic drug is best for patients with ckd?",SAFETY & CONTRAINDICATIONS,Zepbound,0.125,1.0,0.0,0.0,0.0,1.0
P0229,R1,"I have pre diabetes and insulin resistance, in my 40s and possibly perimenopause, obese. I can't lose weight for the life of me and can't take any sort of medication or supplement due to negative side effects — mostly tachycardia because I have POTS. Curious if there's something out there I'm missing or need to focus on.",WEIGHT LOSS,Farxiga,0.0,,0.0,0.0,0.0,
P0229,R1,"I have pre diabetes and insulin resistance, in my 40s and possibly perimenopause, obese. I can't lose weight for the life of me and can't take any sort of medication or supplement due to negative side effects — mostly tachycardia because I have POTS. Curious if there's something out there I'm missing or need to focus on.",WEIGHT LOSS,Invokana,0.0,,0.0,0.0,0.0,
P0229,R1,"I have pre diabetes and insulin resistance, in my 40s and possibly perimenopause, obese. I can't lose weight for the life of me and can't take any sort of medication or supplement due to negative side effects — mostly tachycardia because I have POTS. Curious if there's something out there I'm missing or need to focus on.",WEIGHT LOSS,Januvia,0.0,,0.0,0.0,0.0,
P0229,R1,"I have pre diabetes and insulin resistance, in my 40s and possibly perimenopause, obese. I can't lose weight for the life of me and can't take any sort of medication or supplement due to negative side effects — mostly tachycardia because I have POTS. Curious if there's something out there I'm missing or need to focus on.",WEIGHT LOSS,Jardiance,0.0,,0.0,0.0,0.0,
P0229,R1,"I have pre diabetes and insulin resistance, in my 40s and possibly perimenopause, obese. I can't lose weight for the life of me and can't take any sort of medication or supplement due to negative side effects — mostly tachycardia because I have POTS. Curious if there's something out there I'm missing or need to focus on.",WEIGHT LOSS,Mounjaro,0.0,,0.0,0.0,0.0,
P0229,R1,"I have pre diabetes and insulin resistance, in my 40s and possibly perimenopause, obese. I can't lose weight for the life of me and can't take any sort of medication or supplement due to negative side effects — mostly tachycardia because I have POTS. Curious if there's something out there I'm missing or need to focus on.",WEIGHT LOSS,Rybelsus,0.0,,0.0,0.0,0.0,
P0229,R1,"I have pre diabetes and insulin resistance, in my 40s and possibly perimenopause, obese. I can't lose weight for the life of me and can't take any sort of medication or supplement due to negative side effects — mostly tachycardia because I have POTS. Curious if there's something out there I'm missing or need to focus on.",WEIGHT LOSS,Saxenda,0.0,,0.0,0.0,0.0,
P0229,R1,"I have pre diabetes and insulin resistance, in my 40s and possibly perimenopause, obese. I can't lose weight for the life of me and can't take any sort of medication or supplement due to negative side effects — mostly tachycardia because I have POTS. Curious if there's something out there I'm missing or need to focus on.",WEIGHT LOSS,Trulicity,0.0,,0.0,0.0,0.0,
P0229,R1,"I have pre diabetes and insulin resistance, in my 40s and possibly perimenopause, obese. I can't lose weight for the life of me and can't take any sort of medication or supplement due to negative side effects — mostly tachycardia because I have POTS. Curious if there's something out there I'm missing or need to focus on.",WEIGHT LOSS,Victoza,0.0,,0.0,0.0,0.0,
P0229,R1,"I have pre diabetes and insulin resistance, in my 40s and possibly perimenopause, obese. I can't lose weight for the life of me and can't take any sort of medication or supplement due to negative side effects — mostly tachycardia because I have POTS. Curious if there's something out there I'm missing or need to focus on.",WEIGHT LOSS,Wegovy,0.0,,0.0,0.0,0.0,
P0229,R1,"I have pre diabetes and insulin resistance, in my 40s and possibly perimenopause, obese. I can't lose weight for the life of me and can't take any sort of medication or supplement due to negative side effects — mostly tachycardia because I have POTS. Curious if there's something out there I'm missing or need to focus on.",WEIGHT LOSS,Zepbound,0.0,,0.0,0.0,0.0,
P0230,R1,"I was diagnosed with Type 2 back in March. My A1C and glucose were low enough that my doctor told me to just manage it with diet rather than medications, which I've been doing. However, I now find myself pregnant, and cannot get in for my first appointment until July (I'll be around week 10-11). Can anyone that has been pregnant with Type 2 give me any advice on what to do until my first appointment?",SAFETY & CONTRAINDICATIONS,Farxiga,0.0,,0.0,0.0,0.0,
P0230,R1,"I was diagnosed with Type 2 back in March. My A1C and glucose were low enough that my doctor told me to just manage it with diet rather than medications, which I've been doing. However, I now find myself pregnant, and cannot get in for my first appointment until July (I'll be around week 10-11). Can anyone that has been pregnant with Type 2 give me any advice on what to do until my first appointment?",SAFETY & CONTRAINDICATIONS,Invokana,0.0,,0.0,0.0,0.0,
P0230,R1,"I was diagnosed with Type 2 back in March. My A1C and glucose were low enough that my doctor told me to just manage it with diet rather than medications, which I've been doing. However, I now find myself pregnant, and cannot get in for my first appointment until July (I'll be around week 10-11). Can anyone that has been pregnant with Type 2 give me any advice on what to do until my first appointment?",SAFETY & CONTRAINDICATIONS,Januvia,0.0,,0.0,0.0,0.0,
P0230,R1,"I was diagnosed with Type 2 back in March. My A1C and glucose were low enough that my doctor told me to just manage it with diet rather than medications, which I've been doing. However, I now find myself pregnant, and cannot get in for my first appointment until July (I'll be around week 10-11). Can anyone that has been pregnant with Type 2 give me any advice on what to do until my first appointment?",SAFETY & CONTRAINDICATIONS,Jardiance,0.0,,0.0,0.0,0.0,
P0230,R1,"I was diagnosed with Type 2 back in March. My A1C and glucose were low enough that my doctor told me to just manage it with diet rather than medications, which I've been doing. However, I now find myself pregnant, and cannot get in for my first appointment until July (I'll be around week 10-11). Can anyone that has been pregnant with Type 2 give me any advice on what to do until my first appointment?",SAFETY & CONTRAINDICATIONS,Mounjaro,0.0,,0.0,0.0,0.0,
P0230,R1,"I was diagnosed with Type 2 back in March. My A1C and glucose were low enough that my doctor told me to just manage it with diet rather than medications, which I've been doing. However, I now find myself pregnant, and cannot get in for my first appointment until July (I'll be around week 10-11). Can anyone that has been pregnant with Type 2 give me any advice on what to do until my first appointment?",SAFETY & CONTRAINDICATIONS,Rybelsus,0.0,,0.0,0.0,0.0,
P0230,R1,"I was diagnosed with Type 2 back in March. My A1C and glucose were low enough that my doctor told me to just manage it with diet rather than medications, which I've been doing. However, I now find myself pregnant, and cannot get in for my first appointment until July (I'll be around week 10-11). Can anyone that has been pregnant with Type 2 give me any advice on what to do until my first appointment?",SAFETY & CONTRAINDICATIONS,Saxenda,0.0,,0.0,0.0,0.0,
P0230,R1,"I was diagnosed with Type 2 back in March. My A1C and glucose were low enough that my doctor told me to just manage it with diet rather than medications, which I've been doing. However, I now find myself pregnant, and cannot get in for my first appointment until July (I'll be around week 10-11). Can anyone that has been pregnant with Type 2 give me any advice on what to do until my first appointment?",SAFETY & CONTRAINDICATIONS,Trulicity,0.0,,0.0,0.0,0.0,
P0230,R1,"I was diagnosed with Type 2 back in March. My A1C and glucose were low enough that my doctor told me to just manage it with diet rather than medications, which I've been doing. However, I now find myself pregnant, and cannot get in for my first appointment until July (I'll be around week 10-11). Can anyone that has been pregnant with Type 2 give me any advice on what to do until my first appointment?",SAFETY & CONTRAINDICATIONS,Victoza,0.0,,0.0,0.0,0.0,
P0230,R1,"I was diagnosed with Type 2 back in March. My A1C and glucose were low enough that my doctor told me to just manage it with diet rather than medications, which I've been doing. However, I now find myself pregnant, and cannot get in for my first appointment until July (I'll be around week 10-11). Can anyone that has been pregnant with Type 2 give me any advice on what to do until my first appointment?",SAFETY & CONTRAINDICATIONS,Wegovy,0.0,,0.0,0.0,0.0,
P0230,R1,"I was diagnosed with Type 2 back in March. My A1C and glucose were low enough that my doctor told me to just manage it with diet rather than medications, which I've been doing. However, I now find myself pregnant, and cannot get in for my first appointment until July (I'll be around week 10-11). Can anyone that has been pregnant with Type 2 give me any advice on what to do until my first appointment?",SAFETY & CONTRAINDICATIONS,Zepbound,0.0,,0.0,0.0,0.0,
P0231,R1,My blood sugar averages 250-280 daily. I've been trying to stick to 50 carbs a day or less and swim 2-3x a week. I take 500mg of metformin but idk if it's working — it's been a month since my diagnosis. My sugar spiked to 280 in the morning and stayed high all day. I'm not sure what I can do to keep it down. Anyone else have this experience?,BLOOD SUGAR & GLYCEMIC CONTROL,Farxiga,0.0,,0.0,0.0,0.0,
P0231,R1,My blood sugar averages 250-280 daily. I've been trying to stick to 50 carbs a day or less and swim 2-3x a week. I take 500mg of metformin but idk if it's working — it's been a month since my diagnosis. My sugar spiked to 280 in the morning and stayed high all day. I'm not sure what I can do to keep it down. Anyone else have this experience?,BLOOD SUGAR & GLYCEMIC CONTROL,Invokana,0.0,,0.0,0.0,0.0,
P0231,R1,My blood sugar averages 250-280 daily. I've been trying to stick to 50 carbs a day or less and swim 2-3x a week. I take 500mg of metformin but idk if it's working — it's been a month since my diagnosis. My sugar spiked to 280 in the morning and stayed high all day. I'm not sure what I can do to keep it down. Anyone else have this experience?,BLOOD SUGAR & GLYCEMIC CONTROL,Januvia,0.0,,0.0,0.0,0.0,
P0231,R1,My blood sugar averages 250-280 daily. I've been trying to stick to 50 carbs a day or less and swim 2-3x a week. I take 500mg of metformin but idk if it's working — it's been a month since my diagnosis. My sugar spiked to 280 in the morning and stayed high all day. I'm not sure what I can do to keep it down. Anyone else have this experience?,BLOOD SUGAR & GLYCEMIC CONTROL,Jardiance,0.0,,0.0,0.0,0.0,
P0231,R1,My blood sugar averages 250-280 daily. I've been trying to stick to 50 carbs a day or less and swim 2-3x a week. I take 500mg of metformin but idk if it's working — it's been a month since my diagnosis. My sugar spiked to 280 in the morning and stayed high all day. I'm not sure what I can do to keep it down. Anyone else have this experience?,BLOOD SUGAR & GLYCEMIC CONTROL,Mounjaro,0.0,,0.0,0.0,0.0,
P0231,R1,My blood sugar averages 250-280 daily. I've been trying to stick to 50 carbs a day or less and swim 2-3x a week. I take 500mg of metformin but idk if it's working — it's been a month since my diagnosis. My sugar spiked to 280 in the morning and stayed high all day. I'm not sure what I can do to keep it down. Anyone else have this experience?,BLOOD SUGAR & GLYCEMIC CONTROL,Rybelsus,0.0,,0.0,0.0,0.0,
P0231,R1,My blood sugar averages 250-280 daily. I've been trying to stick to 50 carbs a day or less and swim 2-3x a week. I take 500mg of metformin but idk if it's working — it's been a month since my diagnosis. My sugar spiked to 280 in the morning and stayed high all day. I'm not sure what I can do to keep it down. Anyone else have this experience?,BLOOD SUGAR & GLYCEMIC CONTROL,Saxenda,0.0,,0.0,0.0,0.0,
P0231,R1,My blood sugar averages 250-280 daily. I've been trying to stick to 50 carbs a day or less and swim 2-3x a week. I take 500mg of metformin but idk if it's working — it's been a month since my diagnosis. My sugar spiked to 280 in the morning and stayed high all day. I'm not sure what I can do to keep it down. Anyone else have this experience?,BLOOD SUGAR & GLYCEMIC CONTROL,Trulicity,0.0,,0.0,0.0,0.0,
P0231,R1,My blood sugar averages 250-280 daily. I've been trying to stick to 50 carbs a day or less and swim 2-3x a week. I take 500mg of metformin but idk if it's working — it's been a month since my diagnosis. My sugar spiked to 280 in the morning and stayed high all day. I'm not sure what I can do to keep it down. Anyone else have this experience?,BLOOD SUGAR & GLYCEMIC CONTROL,Victoza,0.0,,0.0,0.0,0.0,
P0231,R1,My blood sugar averages 250-280 daily. I've been trying to stick to 50 carbs a day or less and swim 2-3x a week. I take 500mg of metformin but idk if it's working — it's been a month since my diagnosis. My sugar spiked to 280 in the morning and stayed high all day. I'm not sure what I can do to keep it down. Anyone else have this experience?,BLOOD SUGAR & GLYCEMIC CONTROL,Wegovy,0.0,,0.0,0.0,0.0,
P0231,R1,My blood sugar averages 250-280 daily. I've been trying to stick to 50 carbs a day or less and swim 2-3x a week. I take 500mg of metformin but idk if it's working — it's been a month since my diagnosis. My sugar spiked to 280 in the morning and stayed high all day. I'm not sure what I can do to keep it down. Anyone else have this experience?,BLOOD SUGAR & GLYCEMIC CONTROL,Zepbound,0.0,,0.0,0.0,0.0,
P0232,R1,"I failed metformin therapy, tried for six weeks, will see my doc next month. In the meantime, any ideas to lower FBS? My first morning glucose is usually the highest of my day, 150. What has helped you?",BLOOD SUGAR & GLYCEMIC CONTROL,Farxiga,0.0,,0.0,0.0,0.0,
P0232,R1,"I failed metformin therapy, tried for six weeks, will see my doc next month. In the meantime, any ideas to lower FBS? My first morning glucose is usually the highest of my day, 150. What has helped you?",BLOOD SUGAR & GLYCEMIC CONTROL,Invokana,0.0,,0.0,0.0,0.0,
P0232,R1,"I failed metformin therapy, tried for six weeks, will see my doc next month. In the meantime, any ideas to lower FBS? My first morning glucose is usually the highest of my day, 150. What has helped you?",BLOOD SUGAR & GLYCEMIC CONTROL,Januvia,0.0,,0.0,0.0,0.0,
P0232,R1,"I failed metformin therapy, tried for six weeks, will see my doc next month. In the meantime, any ideas to lower FBS? My first morning glucose is usually the highest of my day, 150. What has helped you?",BLOOD SUGAR & GLYCEMIC CONTROL,Jardiance,0.0,,0.0,0.0,0.0,
P0232,R1,"I failed metformin therapy, tried for six weeks, will see my doc next month. In the meantime, any ideas to lower FBS? My first morning glucose is usually the highest of my day, 150. What has helped you?",BLOOD SUGAR & GLYCEMIC CONTROL,Mounjaro,0.0,,0.0,0.0,0.0,
P0232,R1,"I failed metformin therapy, tried for six weeks, will see my doc next month. In the meantime, any ideas to lower FBS? My first morning glucose is usually the highest of my day, 150. What has helped you?",BLOOD SUGAR & GLYCEMIC CONTROL,Rybelsus,0.0,,0.08333333333333333,0.0,0.08333333333333333,
P0232,R1,"I failed metformin therapy, tried for six weeks, will see my doc next month. In the meantime, any ideas to lower FBS? My first morning glucose is usually the highest of my day, 150. What has helped you?",BLOOD SUGAR & GLYCEMIC CONTROL,Saxenda,0.0,,0.0,0.0,0.0,
P0232,R1,"I failed metformin therapy, tried for six weeks, will see my doc next month. In the meantime, any ideas to lower FBS? My first morning glucose is usually the highest of my day, 150. What has helped you?",BLOOD SUGAR & GLYCEMIC CONTROL,Trulicity,0.0,,0.0,0.0,0.0,
P0232,R1,"I failed metformin therapy, tried for six weeks, will see my doc next month. In the meantime, any ideas to lower FBS? My first morning glucose is usually the highest of my day, 150. What has helped you?",BLOOD SUGAR & GLYCEMIC CONTROL,Victoza,0.0,,0.0,0.0,0.0,
P0232,R1,"I failed metformin therapy, tried for six weeks, will see my doc next month. In the meantime, any ideas to lower FBS? My first morning glucose is usually the highest of my day, 150. What has helped you?",BLOOD SUGAR & GLYCEMIC CONTROL,Wegovy,0.0,,0.0,0.0,0.0,
P0232,R1,"I failed metformin therapy, tried for six weeks, will see my doc next month. In the meantime, any ideas to lower FBS? My first morning glucose is usually the highest of my day, 150. What has helped you?",BLOOD SUGAR & GLYCEMIC CONTROL,Zepbound,0.0,,0.0,0.0,0.0,
P0233,R1,I've been trying to get my blood sugar under control for the past few months. This past week I had high morning readings — I went to bed at 208 and woke up at 400. I've been eating a low carb diet and it still seems like I'm having trouble. Idk what to do.,BLOOD SUGAR & GLYCEMIC CONTROL,Farxiga,0.0,,0.08333333333333333,0.0,0.08333333333333333,
P0233,R1,I've been trying to get my blood sugar under control for the past few months. This past week I had high morning readings — I went to bed at 208 and woke up at 400. I've been eating a low carb diet and it still seems like I'm having trouble. Idk what to do.,BLOOD SUGAR & GLYCEMIC CONTROL,Invokana,0.0,,0.08333333333333333,0.0,0.08333333333333333,
P0233,R1,I've been trying to get my blood sugar under control for the past few months. This past week I had high morning readings — I went to bed at 208 and woke up at 400. I've been eating a low carb diet and it still seems like I'm having trouble. Idk what to do.,BLOOD SUGAR & GLYCEMIC CONTROL,Januvia,0.0,,0.0,0.0,0.0,
P0233,R1,I've been trying to get my blood sugar under control for the past few months. This past week I had high morning readings — I went to bed at 208 and woke up at 400. I've been eating a low carb diet and it still seems like I'm having trouble. Idk what to do.,BLOOD SUGAR & GLYCEMIC CONTROL,Jardiance,0.0,,0.08333333333333333,0.0,0.08333333333333333,
P0233,R1,I've been trying to get my blood sugar under control for the past few months. This past week I had high morning readings — I went to bed at 208 and woke up at 400. I've been eating a low carb diet and it still seems like I'm having trouble. Idk what to do.,BLOOD SUGAR & GLYCEMIC CONTROL,Mounjaro,0.0,,0.0,0.0,0.0,
P0233,R1,I've been trying to get my blood sugar under control for the past few months. This past week I had high morning readings — I went to bed at 208 and woke up at 400. I've been eating a low carb diet and it still seems like I'm having trouble. Idk what to do.,BLOOD SUGAR & GLYCEMIC CONTROL,Rybelsus,0.0,,0.0,0.0,0.0,
P0233,R1,I've been trying to get my blood sugar under control for the past few months. This past week I had high morning readings — I went to bed at 208 and woke up at 400. I've been eating a low carb diet and it still seems like I'm having trouble. Idk what to do.,BLOOD SUGAR & GLYCEMIC CONTROL,Saxenda,0.0,,0.0,0.0,0.0,
P0233,R1,I've been trying to get my blood sugar under control for the past few months. This past week I had high morning readings — I went to bed at 208 and woke up at 400. I've been eating a low carb diet and it still seems like I'm having trouble. Idk what to do.,BLOOD SUGAR & GLYCEMIC CONTROL,Trulicity,0.0,,0.0,0.0,0.0,
P0233,R1,I've been trying to get my blood sugar under control for the past few months. This past week I had high morning readings — I went to bed at 208 and woke up at 400. I've been eating a low carb diet and it still seems like I'm having trouble. Idk what to do.,BLOOD SUGAR & GLYCEMIC CONTROL,Victoza,0.0,,0.0,0.0,0.0,
P0233,R1,I've been trying to get my blood sugar under control for the past few months. This past week I had high morning readings — I went to bed at 208 and woke up at 400. I've been eating a low carb diet and it still seems like I'm having trouble. Idk what to do.,BLOOD SUGAR & GLYCEMIC CONTROL,Wegovy,0.0,,0.0,0.0,0.0,
P0233,R1,I've been trying to get my blood sugar under control for the past few months. This past week I had high morning readings — I went to bed at 208 and woke up at 400. I've been eating a low carb diet and it still seems like I'm having trouble. Idk what to do.,BLOOD SUGAR & GLYCEMIC CONTROL,Zepbound,0.0,,0.0,0.0,0.0,
P0234,R1,"I was diagnosed with t2d in late September. My A1c was 6.5%, and I've brought it to 6.0% with diet and exercise alone, no meds — I run 4 days a week, do weight training, stopped desserts and cut down carbs, and went from 140 lbs to 130 lbs. I don't have much room for improvement. What else can I do? Can my A1c continue to go down?",WEIGHT LOSS,Farxiga,0.0,,0.0,0.0,0.0,
P0234,R1,"I was diagnosed with t2d in late September. My A1c was 6.5%, and I've brought it to 6.0% with diet and exercise alone, no meds — I run 4 days a week, do weight training, stopped desserts and cut down carbs, and went from 140 lbs to 130 lbs. I don't have much room for improvement. What else can I do? Can my A1c continue to go down?",WEIGHT LOSS,Invokana,0.0,,0.0,0.0,0.0,
P0234,R1,"I was diagnosed with t2d in late September. My A1c was 6.5%, and I've brought it to 6.0% with diet and exercise alone, no meds — I run 4 days a week, do weight training, stopped desserts and cut down carbs, and went from 140 lbs to 130 lbs. I don't have much room for improvement. What else can I do? Can my A1c continue to go down?",WEIGHT LOSS,Januvia,0.0,,0.0,0.0,0.0,
P0234,R1,"I was diagnosed with t2d in late September. My A1c was 6.5%, and I've brought it to 6.0% with diet and exercise alone, no meds — I run 4 days a week, do weight training, stopped desserts and cut down carbs, and went from 140 lbs to 130 lbs. I don't have much room for improvement. What else can I do? Can my A1c continue to go down?",WEIGHT LOSS,Jardiance,0.0,,0.0,0.0,0.0,
P0234,R1,"I was diagnosed with t2d in late September. My A1c was 6.5%, and I've brought it to 6.0% with diet and exercise alone, no meds — I run 4 days a week, do weight training, stopped desserts and cut down carbs, and went from 140 lbs to 130 lbs. I don't have much room for improvement. What else can I do? Can my A1c continue to go down?",WEIGHT LOSS,Mounjaro,0.0,,0.0,0.0,0.0,
P0234,R1,"I was diagnosed with t2d in late September. My A1c was 6.5%, and I've brought it to 6.0% with diet and exercise alone, no meds — I run 4 days a week, do weight training, stopped desserts and cut down carbs, and went from 140 lbs to 130 lbs. I don't have much room for improvement. What else can I do? Can my A1c continue to go down?",WEIGHT LOSS,Rybelsus,0.0,,0.0,0.0,0.0,
P0234,R1,"I was diagnosed with t2d in late September. My A1c was 6.5%, and I've brought it to 6.0% with diet and exercise alone, no meds — I run 4 days a week, do weight training, stopped desserts and cut down carbs, and went from 140 lbs to 130 lbs. I don't have much room for improvement. What else can I do? Can my A1c continue to go down?",WEIGHT LOSS,Saxenda,0.0,,0.0,0.0,0.0,
P0234,R1,"I was diagnosed with t2d in late September. My A1c was 6.5%, and I've brought it to 6.0% with diet and exercise alone, no meds — I run 4 days a week, do weight training, stopped desserts and cut down carbs, and went from 140 lbs to 130 lbs. I don't have much room for improvement. What else can I do? Can my A1c continue to go down?",WEIGHT LOSS,Trulicity,0.0,,0.0,0.0,0.0,
P0234,R1,"I was diagnosed with t2d in late September. My A1c was 6.5%, and I've brought it to 6.0% with diet and exercise alone, no meds — I run 4 days a week, do weight training, stopped desserts and cut down carbs, and went from 140 lbs to 130 lbs. I don't have much room for improvement. What else can I do? Can my A1c continue to go down?",WEIGHT LOSS,Victoza,0.0,,0.0,0.0,0.0,
P0234,R1,"I was diagnosed with t2d in late September. My A1c was 6.5%, and I've brought it to 6.0% with diet and exercise alone, no meds — I run 4 days a week, do weight training, stopped desserts and cut down carbs, and went from 140 lbs to 130 lbs. I don't have much room for improvement. What else can I do? Can my A1c continue to go down?",WEIGHT LOSS,Wegovy,0.0,,0.0,0.0,0.0,
P0234,R1,"I was diagnosed with t2d in late September. My A1c was 6.5%, and I've brought it to 6.0% with diet and exercise alone, no meds — I run 4 days a week, do weight training, stopped desserts and cut down carbs, and went from 140 lbs to 130 lbs. I don't have much room for improvement. What else can I do? Can my A1c continue to go down?",WEIGHT LOSS,Zepbound,0.0,,0.0,0.0,0.0,
P0235,R1,What is the latest discovered drugs for diabetes?,STARTING & SWITCHING,Farxiga,0.16666666666666666,1.0,0.0,0.0,0.0,1.0
P0235,R1,What is the latest discovered drugs for diabetes?,STARTING & SWITCHING,Invokana,0.16666666666666666,1.0,0.0,0.0,0.0,1.0
P0235,R1,What is the latest discovered drugs for diabetes?,STARTING & SWITCHING,Januvia,0.0,,0.0,0.0,0.0,
P0235,R1,What is the latest discovered drugs for diabetes?,STARTING & SWITCHING,Jardiance,0.16666666666666666,1.0,0.0,0.0,0.0,1.0
P0235,R1,What is the latest discovered drugs for diabetes?,STARTING & SWITCHING,Mounjaro,0.5833333333333334,0.611111111111111,0.5416666666666666,0.29166666666666663,0.25,0.7222222222222222
P0235,R1,What is the latest discovered drugs for diabetes?,STARTING & SWITCHING,Rybelsus,0.5833333333333334,0.611111111111111,0.29166666666666663,0.29166666666666663,0.0,0.7222222222222222
P0235,R1,What is the latest discovered drugs for diabetes?,STARTING & SWITCHING,Saxenda,0.0,,0.0,0.0,0.0,
P0235,R1,What is the latest discovered drugs for diabetes?,STARTING & SWITCHING,Trulicity,0.0,,0.0,0.0,0.0,
P0235,R1,What is the latest discovered drugs for diabetes?,STARTING & SWITCHING,Victoza,0.0,,0.0,0.0,0.0,
P0235,R1,What is the latest discovered drugs for diabetes?,STARTING & SWITCHING,Wegovy,0.20833333333333331,1.0,0.0,0.0,0.0,1.0
P0235,R1,What is the latest discovered drugs for diabetes?,STARTING & SWITCHING,Zepbound,0.16666666666666666,0.5,0.08333333333333333,0.08333333333333333,0.0,0.5
P0236,R1,What medications do you need if you have diabetes?,STARTING & SWITCHING,Farxiga,0.38888888888888884,0.5,0.2222222222222222,0.2222222222222222,0.0,1.0
P0236,R1,What medications do you need if you have diabetes?,STARTING & SWITCHING,Invokana,0.2222222222222222,0.0,0.2222222222222222,0.2222222222222222,0.0,1.0
P0236,R1,What medications do you need if you have diabetes?,STARTING & SWITCHING,Januvia,0.27777777777777773,0.5,0.1111111111111111,0.1111111111111111,0.0,1.0
P0236,R1,What medications do you need if you have diabetes?,STARTING & SWITCHING,Jardiance,0.38888888888888884,0.5,0.2222222222222222,0.2222222222222222,0.0,1.0
P0236,R1,What medications do you need if you have diabetes?,STARTING & SWITCHING,Mounjaro,0.27777777777777773,1.0,0.16666666666666666,0.0,0.16666666666666666,1.0
P0236,R1,What medications do you need if you have diabetes?,STARTING & SWITCHING,Rybelsus,0.38888888888888884,0.5,0.3333333333333333,0.16666666666666666,0.16666666666666666,1.0
P0236,R1,What medications do you need if you have diabetes?,STARTING & SWITCHING,Saxenda,0.1111111111111111,0.0,0.1111111111111111,0.1111111111111111,0.0,1.0
P0236,R1,What medications do you need if you have diabetes?,STARTING & SWITCHING,Trulicity,0.2222222222222222,0.0,0.2222222222222222,0.2222222222222222,0.0,1.0
P0236,R1,What medications do you need if you have diabetes?,STARTING & SWITCHING,Victoza,0.38888888888888884,0.5,0.2222222222222222,0.2222222222222222,0.0,1.0
P0236,R1,What medications do you need if you have diabetes?,STARTING & SWITCHING,Wegovy,0.2222222222222222,1.0,0.0,0.0,0.0,1.0
P0236,R1,What medications do you need if you have diabetes?,STARTING & SWITCHING,Zepbound,0.0,,0.0,0.0,0.0,
P0237,R1,What is the safest diabetes drug? whats the lowest dosage i can take?,STARTING & SWITCHING,Farxiga,0.0,,0.0,0.0,0.0,
P0237,R1,What is the safest diabetes drug? whats the lowest dosage i can take?,STARTING & SWITCHING,Invokana,0.0,,0.0,0.0,0.0,
P0237,R1,What is the safest diabetes drug? whats the lowest dosage i can take?,STARTING & SWITCHING,Januvia,0.0,,0.0,0.0,0.0,
P0237,R1,What is the safest diabetes drug? whats the lowest dosage i can take?,STARTING & SWITCHING,Jardiance,0.25,0.5,0.125,0.125,0.0,0.5
P0237,R1,What is the safest diabetes drug? whats the lowest dosage i can take?,STARTING & SWITCHING,Mounjaro,0.125,1.0,0.0,0.0,0.0,1.0
P0237,R1,What is the safest diabetes drug? whats the lowest dosage i can take?,STARTING & SWITCHING,Rybelsus,0.0,,0.0,0.0,0.0,
P0237,R1,What is the safest diabetes drug? whats the lowest dosage i can take?,STARTING & SWITCHING,Saxenda,0.08333333333333333,1.0,0.0,0.0,0.0,1.0
P0237,R1,What is the safest diabetes drug? whats the lowest dosage i can take?,STARTING & SWITCHING,Trulicity,0.20833333333333331,1.0,0.0,0.0,0.0,1.0
P0237,R1,What is the safest diabetes drug? whats the lowest dosage i can take?,STARTING & SWITCHING,Victoza,0.3333333333333333,1.0,0.0,0.0,0.0,1.0
P0237,R1,What is the safest diabetes drug? whats the lowest dosage i can take?,STARTING & SWITCHING,Wegovy,0.08333333333333333,1.0,0.0,0.0,0.0,1.0
P0237,R1,What is the safest diabetes drug? whats the lowest dosage i can take?,STARTING & SWITCHING,Zepbound,0.0,,0.0,0.0,0.0,
P0238,R1,What is the newest most effective weight suppressant prescribed by your physician ?,WEIGHT LOSS,Farxiga,0.0,,0.0,0.0,0.0,
P0238,R1,What is the newest most effective weight suppressant prescribed by your physician ?,WEIGHT LOSS,Invokana,0.0,,0.0,0.0,0.0,
P0238,R1,What is the newest most effective weight suppressant prescribed by your physician ?,WEIGHT LOSS,Januvia,0.0,,0.0,0.0,0.0,
P0238,R1,What is the newest most effective weight suppressant prescribed by your physician ?,WEIGHT LOSS,Jardiance,0.0,,0.0,0.0,0.0,
P0238,R1,What is the newest most effective weight suppressant prescribed by your physician ?,WEIGHT LOSS,Mounjaro,0.25,0.0,0.5,0.25,0.25,1.0
P0238,R1,What is the newest most effective weight suppressant prescribed by your physician ?,WEIGHT LOSS,Rybelsus,0.08333333333333333,0.0,0.08333333333333333,0.08333333333333333,0.0,1.0
P0238,R1,What is the newest most effective weight suppressant prescribed by your physician ?,WEIGHT LOSS,Saxenda,0.08333333333333333,1.0,0.16666666666666666,0.0,0.16666666666666666,1.0
P0238,R1,What is the newest most effective weight suppressant prescribed by your physician ?,WEIGHT LOSS,Trulicity,0.0,,0.0,0.0,0.0,
P0238,R1,What is the newest most effective weight suppressant prescribed by your physician ?,WEIGHT LOSS,Victoza,0.0,,0.0,0.0,0.0,
P0238,R1,What is the newest most effective weight suppressant prescribed by your physician ?,WEIGHT LOSS,Wegovy,0.25,0.0,1.0,0.25,0.75,1.0
P0238,R1,What is the newest most effective weight suppressant prescribed by your physician ?,WEIGHT LOSS,Zepbound,0.25,0.0,1.0,0.25,0.75,1.0
P0239,R1,Got blood work done for life insurance. my levels look like i have pre diabetes. what can i do to either lower my levels or prevent full blown diabete?,PRICE & ACCESS,Farxiga,0.0,,0.0,0.0,0.0,
P0239,R1,Got blood work done for life insurance. my levels look like i have pre diabetes. what can i do to either lower my levels or prevent full blown diabete?,PRICE & ACCESS,Invokana,0.0,,0.0,0.0,0.0,
P0239,R1,Got blood work done for life insurance. my levels look like i have pre diabetes. what can i do to either lower my levels or prevent full blown diabete?,PRICE & ACCESS,Januvia,0.0,,0.0,0.0,0.0,
P0239,R1,Got blood work done for life insurance. my levels look like i have pre diabetes. what can i do to either lower my levels or prevent full blown diabete?,PRICE & ACCESS,Jardiance,0.0,,0.0,0.0,0.0,
P0239,R1,Got blood work done for life insurance. my levels look like i have pre diabetes. what can i do to either lower my levels or prevent full blown diabete?,PRICE & ACCESS,Mounjaro,0.0,,0.0,0.0,0.0,
P0239,R1,Got blood work done for life insurance. my levels look like i have pre diabetes. what can i do to either lower my levels or prevent full blown diabete?,PRICE & ACCESS,Rybelsus,0.0,,0.0,0.0,0.0,
P0239,R1,Got blood work done for life insurance. my levels look like i have pre diabetes. what can i do to either lower my levels or prevent full blown diabete?,PRICE & ACCESS,Saxenda,0.0,,0.0,0.0,0.0,
P0239,R1,Got blood work done for life insurance. my levels look like i have pre diabetes. what can i do to either lower my levels or prevent full blown diabete?,PRICE & ACCESS,Trulicity,0.0,,0.0,0.0,0.0,
P0239,R1,Got blood work done for life insurance. my levels look like i have pre diabetes. what can i do to either lower my levels or prevent full blown diabete?,PRICE & ACCESS,Victoza,0.0,,0.0,0.0,0.0,
P0239,R1,Got blood work done for life insurance. my levels look like i have pre diabetes. what can i do to either lower my levels or prevent full blown diabete?,PRICE & ACCESS,Wegovy,0.0,,0.0,0.0,0.0,
P0239,R1,Got blood work done for life insurance. my levels look like i have pre diabetes. what can i do to either lower my levels or prevent full blown diabete?,PRICE & ACCESS,Zepbound,0.0,,0.0,0.0,0.0,
P0240,R1,Blood report: glucose fasting (god/pap)- plasma 104 mg/dl hba1c (hplc)-edta 5.8 % am i diabetic? should i be on medication ? thank you.,BLOOD SUGAR & GLYCEMIC CONTROL,Farxiga,0.0,,0.0,0.0,0.0,
P0240,R1,Blood report: glucose fasting (god/pap)- plasma 104 mg/dl hba1c (hplc)-edta 5.8 % am i diabetic? should i be on medication ? thank you.,BLOOD SUGAR & GLYCEMIC CONTROL,Invokana,0.0,,0.0,0.0,0.0,
P0240,R1,Blood report: glucose fasting (god/pap)- plasma 104 mg/dl hba1c (hplc)-edta 5.8 % am i diabetic? should i be on medication ? thank you.,BLOOD SUGAR & GLYCEMIC CONTROL,Januvia,0.0,,0.0,0.0,0.0,
P0240,R1,Blood report: glucose fasting (god/pap)- plasma 104 mg/dl hba1c (hplc)-edta 5.8 % am i diabetic? should i be on medication ? thank you.,BLOOD SUGAR & GLYCEMIC CONTROL,Jardiance,0.0,,0.0,0.0,0.0,
P0240,R1,Blood report: glucose fasting (god/pap)- plasma 104 mg/dl hba1c (hplc)-edta 5.8 % am i diabetic? should i be on medication ? thank you.,BLOOD SUGAR & GLYCEMIC CONTROL,Mounjaro,0.0,,0.0,0.0,0.0,
P0240,R1,Blood report: glucose fasting (god/pap)- plasma 104 mg/dl hba1c (hplc)-edta 5.8 % am i diabetic? should i be on medication ? thank you.,BLOOD SUGAR & GLYCEMIC CONTROL,Rybelsus,0.0,,0.0,0.0,0.0,
P0240,R1,Blood report: glucose fasting (god/pap)- plasma 104 mg/dl hba1c (hplc)-edta 5.8 % am i diabetic? should i be on medication ? thank you.,BLOOD SUGAR & GLYCEMIC CONTROL,Saxenda,0.0,,0.0,0.0,0.0,
P0240,R1,Blood report: glucose fasting (god/pap)- plasma 104 mg/dl hba1c (hplc)-edta 5.8 % am i diabetic? should i be on medication ? thank you.,BLOOD SUGAR & GLYCEMIC CONTROL,Trulicity,0.0,,0.0,0.0,0.0,
P0240,R1,Blood report: glucose fasting (god/pap)- plasma 104 mg/dl hba1c (hplc)-edta 5.8 % am i diabetic? should i be on medication ? thank you.,BLOOD SUGAR & GLYCEMIC CONTROL,Victoza,0.0,,0.0,0.0,0.0,
P0240,R1,Blood report: glucose fasting (god/pap)- plasma 104 mg/dl hba1c (hplc)-edta 5.8 % am i diabetic? should i be on medication ? thank you.,BLOOD SUGAR & GLYCEMIC CONTROL,Wegovy,0.0,,0.0,0.0,0.0,
P0240,R1,Blood report: glucose fasting (god/pap)- plasma 104 mg/dl hba1c (hplc)-edta 5.8 % am i diabetic? should i be on medication ? thank you.,BLOOD SUGAR & GLYCEMIC CONTROL,Zepbound,0.0,,0.0,0.0,0.0,
P0241,R1,Has anyone taken weight loss medication to manage pcos and get their period back?,WEIGHT LOSS,Farxiga,0.0,,0.0,0.0,0.0,
P0241,R1,Has anyone taken weight loss medication to manage pcos and get their period back?,WEIGHT LOSS,Invokana,0.0,,0.0,0.0,0.0,
P0241,R1,Has anyone taken weight loss medication to manage pcos and get their period back?,WEIGHT LOSS,Januvia,0.0,,0.0,0.0,0.0,
P0241,R1,Has anyone taken weight loss medication to manage pcos and get their period back?,WEIGHT LOSS,Jardiance,0.0,,0.0,0.0,0.0,
P0241,R1,Has anyone taken weight loss medication to manage pcos and get their period back?,WEIGHT LOSS,Mounjaro,0.8333333333333334,1.0,0.0,0.0,0.0,1.0
P0241,R1,Has anyone taken weight loss medication to manage pcos and get their period back?,WEIGHT LOSS,Rybelsus,0.0,,0.0,0.0,0.0,
P0241,R1,Has anyone taken weight loss medication to manage pcos and get their period back?,WEIGHT LOSS,Saxenda,0.08333333333333333,1.0,0.0,0.0,0.0,1.0
P0241,R1,Has anyone taken weight loss medication to manage pcos and get their period back?,WEIGHT LOSS,Trulicity,0.0,,0.0,0.0,0.0,
P0241,R1,Has anyone taken weight loss medication to manage pcos and get their period back?,WEIGHT LOSS,Victoza,0.0,,0.0,0.0,0.0,
P0241,R1,Has anyone taken weight loss medication to manage pcos and get their period back?,WEIGHT LOSS,Wegovy,0.8333333333333334,0.75,0.16666666666666666,0.08333333333333333,0.08333333333333333,1.0
P0241,R1,Has anyone taken weight loss medication to manage pcos and get their period back?,WEIGHT LOSS,Zepbound,0.5833333333333334,1.0,0.0,0.0,0.0,1.0
P0242,R1,I'm relatively average weight with fat around my midriff — no matter how little I eat or how much I exercise it barely makes a difference. I think it's related to PCOS. Does anyone have any suggestions of how I can lose the weight? I've tried MANY diets and exercise plans and nothing has seemed to change my weight/belly fat.,PRICE & ACCESS,Farxiga,0.0,,0.0,0.0,0.0,
P0242,R1,I'm relatively average weight with fat around my midriff — no matter how little I eat or how much I exercise it barely makes a difference. I think it's related to PCOS. Does anyone have any suggestions of how I can lose the weight? I've tried MANY diets and exercise plans and nothing has seemed to change my weight/belly fat.,PRICE & ACCESS,Invokana,0.0,,0.0,0.0,0.0,
P0242,R1,I'm relatively average weight with fat around my midriff — no matter how little I eat or how much I exercise it barely makes a difference. I think it's related to PCOS. Does anyone have any suggestions of how I can lose the weight? I've tried MANY diets and exercise plans and nothing has seemed to change my weight/belly fat.,PRICE & ACCESS,Januvia,0.0,,0.0,0.0,0.0,
P0242,R1,I'm relatively average weight with fat around my midriff — no matter how little I eat or how much I exercise it barely makes a difference. I think it's related to PCOS. Does anyone have any suggestions of how I can lose the weight? I've tried MANY diets and exercise plans and nothing has seemed to change my weight/belly fat.,PRICE & ACCESS,Jardiance,0.0,,0.0,0.0,0.0,
P0242,R1,I'm relatively average weight with fat around my midriff — no matter how little I eat or how much I exercise it barely makes a difference. I think it's related to PCOS. Does anyone have any suggestions of how I can lose the weight? I've tried MANY diets and exercise plans and nothing has seemed to change my weight/belly fat.,PRICE & ACCESS,Mounjaro,0.16666666666666666,1.0,0.1111111111111111,0.0,0.1111111111111111,1.0
P0242,R1,I'm relatively average weight with fat around my midriff — no matter how little I eat or how much I exercise it barely makes a difference. I think it's related to PCOS. Does anyone have any suggestions of how I can lose the weight? I've tried MANY diets and exercise plans and nothing has seemed to change my weight/belly fat.,PRICE & ACCESS,Rybelsus,0.0,,0.0,0.0,0.0,
P0242,R1,I'm relatively average weight with fat around my midriff — no matter how little I eat or how much I exercise it barely makes a difference. I think it's related to PCOS. Does anyone have any suggestions of how I can lose the weight? I've tried MANY diets and exercise plans and nothing has seemed to change my weight/belly fat.,PRICE & ACCESS,Saxenda,0.0,,0.38888888888888884,0.0,0.38888888888888884,
P0242,R1,I'm relatively average weight with fat around my midriff — no matter how little I eat or how much I exercise it barely makes a difference. I think it's related to PCOS. Does anyone have any suggestions of how I can lose the weight? I've tried MANY diets and exercise plans and nothing has seemed to change my weight/belly fat.,PRICE & ACCESS,Trulicity,0.0,,0.0,0.0,0.0,
P0242,R1,I'm relatively average weight with fat around my midriff — no matter how little I eat or how much I exercise it barely makes a difference. I think it's related to PCOS. Does anyone have any suggestions of how I can lose the weight? I've tried MANY diets and exercise plans and nothing has seemed to change my weight/belly fat.,PRICE & ACCESS,Victoza,0.0,,0.0,0.0,0.0,
P0242,R1,I'm relatively average weight with fat around my midriff — no matter how little I eat or how much I exercise it barely makes a difference. I think it's related to PCOS. Does anyone have any suggestions of how I can lose the weight? I've tried MANY diets and exercise plans and nothing has seemed to change my weight/belly fat.,PRICE & ACCESS,Wegovy,0.0,,0.38888888888888884,0.0,0.38888888888888884,
P0242,R1,I'm relatively average weight with fat around my midriff — no matter how little I eat or how much I exercise it barely makes a difference. I think it's related to PCOS. Does anyone have any suggestions of how I can lose the weight? I've tried MANY diets and exercise plans and nothing has seemed to change my weight/belly fat.,PRICE & ACCESS,Zepbound,0.0,,0.2222222222222222,0.0,0.2222222222222222,
P0243,R1,"I have PCOS, I'm trying to work on losing weight but I have such a hard time with having no energy, no motivation and crave a lot. Is there anything people are doing to help with this? Any pill recommendations? Or anything that has been helping them lose weight?",WEIGHT LOSS,Farxiga,0.0,,0.0,0.0,0.0,
P0243,R1,"I have PCOS, I'm trying to work on losing weight but I have such a hard time with having no energy, no motivation and crave a lot. Is there anything people are doing to help with this? Any pill recommendations? Or anything that has been helping them lose weight?",WEIGHT LOSS,Invokana,0.0,,0.0,0.0,0.0,
P0243,R1,"I have PCOS, I'm trying to work on losing weight but I have such a hard time with having no energy, no motivation and crave a lot. Is there anything people are doing to help with this? Any pill recommendations? Or anything that has been helping them lose weight?",WEIGHT LOSS,Januvia,0.0,,0.0,0.0,0.0,
P0243,R1,"I have PCOS, I'm trying to work on losing weight but I have such a hard time with having no energy, no motivation and crave a lot. Is there anything people are doing to help with this? Any pill recommendations? Or anything that has been helping them lose weight?",WEIGHT LOSS,Jardiance,0.0,,0.0,0.0,0.0,
P0243,R1,"I have PCOS, I'm trying to work on losing weight but I have such a hard time with having no energy, no motivation and crave a lot. Is there anything people are doing to help with this? Any pill recommendations? Or anything that has been helping them lose weight?",WEIGHT LOSS,Mounjaro,0.27777777777777773,1.0,0.0,0.0,0.0,1.0
P0243,R1,"I have PCOS, I'm trying to work on losing weight but I have such a hard time with having no energy, no motivation and crave a lot. Is there anything people are doing to help with this? Any pill recommendations? Or anything that has been helping them lose weight?",WEIGHT LOSS,Rybelsus,0.0,,0.0,0.0,0.0,
P0243,R1,"I have PCOS, I'm trying to work on losing weight but I have such a hard time with having no energy, no motivation and crave a lot. Is there anything people are doing to help with this? Any pill recommendations? Or anything that has been helping them lose weight?",WEIGHT LOSS,Saxenda,0.1111111111111111,0.0,0.2222222222222222,0.1111111111111111,0.1111111111111111,1.0
P0243,R1,"I have PCOS, I'm trying to work on losing weight but I have such a hard time with having no energy, no motivation and crave a lot. Is there anything people are doing to help with this? Any pill recommendations? Or anything that has been helping them lose weight?",WEIGHT LOSS,Trulicity,0.0,,0.0,0.0,0.0,
P0243,R1,"I have PCOS, I'm trying to work on losing weight but I have such a hard time with having no energy, no motivation and crave a lot. Is there anything people are doing to help with this? Any pill recommendations? Or anything that has been helping them lose weight?",WEIGHT LOSS,Victoza,0.0,,0.0,0.0,0.0,
P0243,R1,"I have PCOS, I'm trying to work on losing weight but I have such a hard time with having no energy, no motivation and crave a lot. Is there anything people are doing to help with this? Any pill recommendations? Or anything that has been helping them lose weight?",WEIGHT LOSS,Wegovy,0.4444444444444444,0.5,0.2222222222222222,0.1111111111111111,0.1111111111111111,1.0
P0243,R1,"I have PCOS, I'm trying to work on losing weight but I have such a hard time with having no energy, no motivation and crave a lot. Is there anything people are doing to help with this? Any pill recommendations? Or anything that has been helping them lose weight?",WEIGHT LOSS,Zepbound,0.1111111111111111,0.0,0.2222222222222222,0.1111111111111111,0.1111111111111111,1.0
P0244,R1,"I'm 330lbs and have PCOS and hypothyroidism. I've done all the diets, calorie counting and workouts, and nothing has worked. I'm considering going on weight loss medication because the natural way has not worked, but I'm scared of side effects. What medications or supplements have helped y'all lose weight? What were your side effects? What exercise did you incorporate?",SAFETY & CONTRAINDICATIONS,Farxiga,0.0,,0.0,0.0,0.0,
P0244,R1,"I'm 330lbs and have PCOS and hypothyroidism. I've done all the diets, calorie counting and workouts, and nothing has worked. I'm considering going on weight loss medication because the natural way has not worked, but I'm scared of side effects. What medications or supplements have helped y'all lose weight? What were your side effects? What exercise did you incorporate?",SAFETY & CONTRAINDICATIONS,Invokana,0.0,,0.0,0.0,0.0,
P0244,R1,"I'm 330lbs and have PCOS and hypothyroidism. I've done all the diets, calorie counting and workouts, and nothing has worked. I'm considering going on weight loss medication because the natural way has not worked, but I'm scared of side effects. What medications or supplements have helped y'all lose weight? What were your side effects? What exercise did you incorporate?",SAFETY & CONTRAINDICATIONS,Januvia,0.0,,0.0,0.0,0.0,
P0244,R1,"I'm 330lbs and have PCOS and hypothyroidism. I've done all the diets, calorie counting and workouts, and nothing has worked. I'm considering going on weight loss medication because the natural way has not worked, but I'm scared of side effects. What medications or supplements have helped y'all lose weight? What were your side effects? What exercise did you incorporate?",SAFETY & CONTRAINDICATIONS,Jardiance,0.0,,0.0,0.0,0.0,
P0244,R1,"I'm 330lbs and have PCOS and hypothyroidism. I've done all the diets, calorie counting and workouts, and nothing has worked. I'm considering going on weight loss medication because the natural way has not worked, but I'm scared of side effects. What medications or supplements have helped y'all lose weight? What were your side effects? What exercise did you incorporate?",SAFETY & CONTRAINDICATIONS,Mounjaro,0.5555555555555555,0.6666666666666666,0.2222222222222222,0.1111111111111111,0.1111111111111111,1.0
P0244,R1,"I'm 330lbs and have PCOS and hypothyroidism. I've done all the diets, calorie counting and workouts, and nothing has worked. I'm considering going on weight loss medication because the natural way has not worked, but I'm scared of side effects. What medications or supplements have helped y'all lose weight? What were your side effects? What exercise did you incorporate?",SAFETY & CONTRAINDICATIONS,Rybelsus,0.0,,0.0,0.0,0.0,
P0244,R1,"I'm 330lbs and have PCOS and hypothyroidism. I've done all the diets, calorie counting and workouts, and nothing has worked. I'm considering going on weight loss medication because the natural way has not worked, but I'm scared of side effects. What medications or supplements have helped y'all lose weight? What were your side effects? What exercise did you incorporate?",SAFETY & CONTRAINDICATIONS,Saxenda,0.2222222222222222,0.5,0.4444444444444444,0.1111111111111111,0.3333333333333333,1.0
P0244,R1,"I'm 330lbs and have PCOS and hypothyroidism. I've done all the diets, calorie counting and workouts, and nothing has worked. I'm considering going on weight loss medication because the natural way has not worked, but I'm scared of side effects. What medications or supplements have helped y'all lose weight? What were your side effects? What exercise did you incorporate?",SAFETY & CONTRAINDICATIONS,Trulicity,0.0,,0.0,0.0,0.0,
P0244,R1,"I'm 330lbs and have PCOS and hypothyroidism. I've done all the diets, calorie counting and workouts, and nothing has worked. I'm considering going on weight loss medication because the natural way has not worked, but I'm scared of side effects. What medications or supplements have helped y'all lose weight? What were your side effects? What exercise did you incorporate?",SAFETY & CONTRAINDICATIONS,Victoza,0.1111111111111111,1.0,0.0,0.0,0.0,1.0
P0244,R1,"I'm 330lbs and have PCOS and hypothyroidism. I've done all the diets, calorie counting and workouts, and nothing has worked. I'm considering going on weight loss medication because the natural way has not worked, but I'm scared of side effects. What medications or supplements have helped y'all lose weight? What were your side effects? What exercise did you incorporate?",SAFETY & CONTRAINDICATIONS,Wegovy,0.6666666666666666,0.5,0.5555555555555555,0.2222222222222222,0.3333333333333333,0.8333333333333334
P0244,R1,"I'm 330lbs and have PCOS and hypothyroidism. I've done all the diets, calorie counting and workouts, and nothing has worked. I'm considering going on weight loss medication because the natural way has not worked, but I'm scared of side effects. What medications or supplements have helped y'all lose weight? What were your side effects? What exercise did you incorporate?",SAFETY & CONTRAINDICATIONS,Zepbound,0.6666666666666666,0.5,0.4444444444444444,0.2222222222222222,0.2222222222222222,0.8333333333333334
P0245,R1,"I was diagnosed with PCOS nearly 10 years ago — weight has always been an issue along with facial hair and absent periods. I wanted to ask for people's experiences with weight loss medication and the effects on their PCOS: side effects (any vomiting/diarrhea?), physical changes besides weight loss like facial hair, and mental health changes. I'm basically trying to see if the negative side effects outweigh the positives.",WEIGHT LOSS,Farxiga,0.0,,0.0,0.0,0.0,
P0245,R1,"I was diagnosed with PCOS nearly 10 years ago — weight has always been an issue along with facial hair and absent periods. I wanted to ask for people's experiences with weight loss medication and the effects on their PCOS: side effects (any vomiting/diarrhea?), physical changes besides weight loss like facial hair, and mental health changes. I'm basically trying to see if the negative side effects outweigh the positives.",WEIGHT LOSS,Invokana,0.0,,0.0,0.0,0.0,
P0245,R1,"I was diagnosed with PCOS nearly 10 years ago — weight has always been an issue along with facial hair and absent periods. I wanted to ask for people's experiences with weight loss medication and the effects on their PCOS: side effects (any vomiting/diarrhea?), physical changes besides weight loss like facial hair, and mental health changes. I'm basically trying to see if the negative side effects outweigh the positives.",WEIGHT LOSS,Januvia,0.0,,0.0,0.0,0.0,
P0245,R1,"I was diagnosed with PCOS nearly 10 years ago — weight has always been an issue along with facial hair and absent periods. I wanted to ask for people's experiences with weight loss medication and the effects on their PCOS: side effects (any vomiting/diarrhea?), physical changes besides weight loss like facial hair, and mental health changes. I'm basically trying to see if the negative side effects outweigh the positives.",WEIGHT LOSS,Jardiance,0.0,,0.0,0.0,0.0,
P0245,R1,"I was diagnosed with PCOS nearly 10 years ago — weight has always been an issue along with facial hair and absent periods. I wanted to ask for people's experiences with weight loss medication and the effects on their PCOS: side effects (any vomiting/diarrhea?), physical changes besides weight loss like facial hair, and mental health changes. I'm basically trying to see if the negative side effects outweigh the positives.",WEIGHT LOSS,Mounjaro,0.7777777777777778,1.0,0.1111111111111111,0.0,0.1111111111111111,1.0
P0245,R1,"I was diagnosed with PCOS nearly 10 years ago — weight has always been an issue along with facial hair and absent periods. I wanted to ask for people's experiences with weight loss medication and the effects on their PCOS: side effects (any vomiting/diarrhea?), physical changes besides weight loss like facial hair, and mental health changes. I'm basically trying to see if the negative side effects outweigh the positives.",WEIGHT LOSS,Rybelsus,0.0,,0.0,0.0,0.0,
P0245,R1,"I was diagnosed with PCOS nearly 10 years ago — weight has always been an issue along with facial hair and absent periods. I wanted to ask for people's experiences with weight loss medication and the effects on their PCOS: side effects (any vomiting/diarrhea?), physical changes besides weight loss like facial hair, and mental health changes. I'm basically trying to see if the negative side effects outweigh the positives.",WEIGHT LOSS,Saxenda,0.0,,0.1111111111111111,0.0,0.1111111111111111,
P0245,R1,"I was diagnosed with PCOS nearly 10 years ago — weight has always been an issue along with facial hair and absent periods. I wanted to ask for people's experiences with weight loss medication and the effects on their PCOS: side effects (any vomiting/diarrhea?), physical changes besides weight loss like facial hair, and mental health changes. I'm basically trying to see if the negative side effects outweigh the positives.",WEIGHT LOSS,Trulicity,0.0,,0.0,0.0,0.0,
P0245,R1,"I was diagnosed with PCOS nearly 10 years ago — weight has always been an issue along with facial hair and absent periods. I wanted to ask for people's experiences with weight loss medication and the effects on their PCOS: side effects (any vomiting/diarrhea?), physical changes besides weight loss like facial hair, and mental health changes. I'm basically trying to see if the negative side effects outweigh the positives.",WEIGHT LOSS,Victoza,0.0,,0.0,0.0,0.0,
P0245,R1,"I was diagnosed with PCOS nearly 10 years ago — weight has always been an issue along with facial hair and absent periods. I wanted to ask for people's experiences with weight loss medication and the effects on their PCOS: side effects (any vomiting/diarrhea?), physical changes besides weight loss like facial hair, and mental health changes. I'm basically trying to see if the negative side effects outweigh the positives.",WEIGHT LOSS,Wegovy,0.7777777777777778,1.0,0.2222222222222222,0.0,0.2222222222222222,1.0
P0245,R1,"I was diagnosed with PCOS nearly 10 years ago — weight has always been an issue along with facial hair and absent periods. I wanted to ask for people's experiences with weight loss medication and the effects on their PCOS: side effects (any vomiting/diarrhea?), physical changes besides weight loss like facial hair, and mental health changes. I'm basically trying to see if the negative side effects outweigh the positives.",WEIGHT LOSS,Zepbound,0.4444444444444444,1.0,0.1111111111111111,0.0,0.1111111111111111,1.0
P0246,R1,"I have PCOS and losing weight has been really frustrating — the scale barely changes. For those of you who successfully lost weight with PCOS, what actually worked for you? Did you follow a specific diet (low carb, calorie deficit)? What kind of workouts helped the most? Did medications, birth control, or supplements make a difference?",WEIGHT LOSS,Farxiga,0.0,,0.0,0.0,0.0,
P0246,R1,"I have PCOS and losing weight has been really frustrating — the scale barely changes. For those of you who successfully lost weight with PCOS, what actually worked for you? Did you follow a specific diet (low carb, calorie deficit)? What kind of workouts helped the most? Did medications, birth control, or supplements make a difference?",WEIGHT LOSS,Invokana,0.0,,0.0,0.0,0.0,
P0246,R1,"I have PCOS and losing weight has been really frustrating — the scale barely changes. For those of you who successfully lost weight with PCOS, what actually worked for you? Did you follow a specific diet (low carb, calorie deficit)? What kind of workouts helped the most? Did medications, birth control, or supplements make a difference?",WEIGHT LOSS,Januvia,0.0,,0.0,0.0,0.0,
P0246,R1,"I have PCOS and losing weight has been really frustrating — the scale barely changes. For those of you who successfully lost weight with PCOS, what actually worked for you? Did you follow a specific diet (low carb, calorie deficit)? What kind of workouts helped the most? Did medications, birth control, or supplements make a difference?",WEIGHT LOSS,Jardiance,0.0,,0.0,0.0,0.0,
P0246,R1,"I have PCOS and losing weight has been really frustrating — the scale barely changes. For those of you who successfully lost weight with PCOS, what actually worked for you? Did you follow a specific diet (low carb, calorie deficit)? What kind of workouts helped the most? Did medications, birth control, or supplements make a difference?",WEIGHT LOSS,Mounjaro,0.1111111111111111,1.0,0.0,0.0,0.0,1.0
P0246,R1,"I have PCOS and losing weight has been really frustrating — the scale barely changes. For those of you who successfully lost weight with PCOS, what actually worked for you? Did you follow a specific diet (low carb, calorie deficit)? What kind of workouts helped the most? Did medications, birth control, or supplements make a difference?",WEIGHT LOSS,Rybelsus,0.0,,0.0,0.0,0.0,
P0246,R1,"I have PCOS and losing weight has been really frustrating — the scale barely changes. For those of you who successfully lost weight with PCOS, what actually worked for you? Did you follow a specific diet (low carb, calorie deficit)? What kind of workouts helped the most? Did medications, birth control, or supplements make a difference?",WEIGHT LOSS,Saxenda,0.1111111111111111,1.0,0.1111111111111111,0.0,0.1111111111111111,1.0
P0246,R1,"I have PCOS and losing weight has been really frustrating — the scale barely changes. For those of you who successfully lost weight with PCOS, what actually worked for you? Did you follow a specific diet (low carb, calorie deficit)? What kind of workouts helped the most? Did medications, birth control, or supplements make a difference?",WEIGHT LOSS,Trulicity,0.0,,0.0,0.0,0.0,
P0246,R1,"I have PCOS and losing weight has been really frustrating — the scale barely changes. For those of you who successfully lost weight with PCOS, what actually worked for you? Did you follow a specific diet (low carb, calorie deficit)? What kind of workouts helped the most? Did medications, birth control, or supplements make a difference?",WEIGHT LOSS,Victoza,0.0,,0.0,0.0,0.0,
P0246,R1,"I have PCOS and losing weight has been really frustrating — the scale barely changes. For those of you who successfully lost weight with PCOS, what actually worked for you? Did you follow a specific diet (low carb, calorie deficit)? What kind of workouts helped the most? Did medications, birth control, or supplements make a difference?",WEIGHT LOSS,Wegovy,0.38888888888888884,1.0,0.1111111111111111,0.0,0.1111111111111111,1.0
P0246,R1,"I have PCOS and losing weight has been really frustrating — the scale barely changes. For those of you who successfully lost weight with PCOS, what actually worked for you? Did you follow a specific diet (low carb, calorie deficit)? What kind of workouts helped the most? Did medications, birth control, or supplements make a difference?",WEIGHT LOSS,Zepbound,0.27777777777777773,1.0,0.1111111111111111,0.0,0.1111111111111111,1.0
P0247,R1,"I am 27F, 270 lbs. I've been on birth control consistently and many different antidepressants. I eat at a calorie deficit (1200-1500 a day) and go to the gym — cardio, weight training, yoga and pilates. I don't see any progress no matter how long I stick to it. What can I do? Is it my IUD and antidepressants that are effecting my weight?",WEIGHT LOSS,Farxiga,0.0,,0.0,0.0,0.0,
P0247,R1,"I am 27F, 270 lbs. I've been on birth control consistently and many different antidepressants. I eat at a calorie deficit (1200-1500 a day) and go to the gym — cardio, weight training, yoga and pilates. I don't see any progress no matter how long I stick to it. What can I do? Is it my IUD and antidepressants that are effecting my weight?",WEIGHT LOSS,Invokana,0.0,,0.0,0.0,0.0,
P0247,R1,"I am 27F, 270 lbs. I've been on birth control consistently and many different antidepressants. I eat at a calorie deficit (1200-1500 a day) and go to the gym — cardio, weight training, yoga and pilates. I don't see any progress no matter how long I stick to it. What can I do? Is it my IUD and antidepressants that are effecting my weight?",WEIGHT LOSS,Januvia,0.0,,0.0,0.0,0.0,
P0247,R1,"I am 27F, 270 lbs. I've been on birth control consistently and many different antidepressants. I eat at a calorie deficit (1200-1500 a day) and go to the gym — cardio, weight training, yoga and pilates. I don't see any progress no matter how long I stick to it. What can I do? Is it my IUD and antidepressants that are effecting my weight?",WEIGHT LOSS,Jardiance,0.0,,0.0,0.0,0.0,
P0247,R1,"I am 27F, 270 lbs. I've been on birth control consistently and many different antidepressants. I eat at a calorie deficit (1200-1500 a day) and go to the gym — cardio, weight training, yoga and pilates. I don't see any progress no matter how long I stick to it. What can I do? Is it my IUD and antidepressants that are effecting my weight?",WEIGHT LOSS,Mounjaro,0.0,,0.0,0.0,0.0,
P0247,R1,"I am 27F, 270 lbs. I've been on birth control consistently and many different antidepressants. I eat at a calorie deficit (1200-1500 a day) and go to the gym — cardio, weight training, yoga and pilates. I don't see any progress no matter how long I stick to it. What can I do? Is it my IUD and antidepressants that are effecting my weight?",WEIGHT LOSS,Rybelsus,0.0,,0.0,0.0,0.0,
P0247,R1,"I am 27F, 270 lbs. I've been on birth control consistently and many different antidepressants. I eat at a calorie deficit (1200-1500 a day) and go to the gym — cardio, weight training, yoga and pilates. I don't see any progress no matter how long I stick to it. What can I do? Is it my IUD and antidepressants that are effecting my weight?",WEIGHT LOSS,Saxenda,0.0,,0.0,0.0,0.0,
P0247,R1,"I am 27F, 270 lbs. I've been on birth control consistently and many different antidepressants. I eat at a calorie deficit (1200-1500 a day) and go to the gym — cardio, weight training, yoga and pilates. I don't see any progress no matter how long I stick to it. What can I do? Is it my IUD and antidepressants that are effecting my weight?",WEIGHT LOSS,Trulicity,0.0,,0.0,0.0,0.0,
P0247,R1,"I am 27F, 270 lbs. I've been on birth control consistently and many different antidepressants. I eat at a calorie deficit (1200-1500 a day) and go to the gym — cardio, weight training, yoga and pilates. I don't see any progress no matter how long I stick to it. What can I do? Is it my IUD and antidepressants that are effecting my weight?",WEIGHT LOSS,Victoza,0.0,,0.0,0.0,0.0,
P0247,R1,"I am 27F, 270 lbs. I've been on birth control consistently and many different antidepressants. I eat at a calorie deficit (1200-1500 a day) and go to the gym — cardio, weight training, yoga and pilates. I don't see any progress no matter how long I stick to it. What can I do? Is it my IUD and antidepressants that are effecting my weight?",WEIGHT LOSS,Wegovy,0.0,,0.08333333333333333,0.0,0.08333333333333333,
P0247,R1,"I am 27F, 270 lbs. I've been on birth control consistently and many different antidepressants. I eat at a calorie deficit (1200-1500 a day) and go to the gym — cardio, weight training, yoga and pilates. I don't see any progress no matter how long I stick to it. What can I do? Is it my IUD and antidepressants that are effecting my weight?",WEIGHT LOSS,Zepbound,0.0,,0.08333333333333333,0.0,0.08333333333333333,
P0248,R1,"I'm a 28F, 252 lbs, trying to lose weight. I lift weights/walk about 3x a week and watch what I eat. I have tried two different weight loss injections and one stimulant, to no avail — they helped me maintain my weight but never lose any. My new insurance does not cover any of the injections anymore, so I can't do another round even if I wanted to. Should I try a different med? What can I do for myself that will help?",PRICE & ACCESS,Farxiga,0.0,,0.0,0.0,0.0,
P0248,R1,"I'm a 28F, 252 lbs, trying to lose weight. I lift weights/walk about 3x a week and watch what I eat. I have tried two different weight loss injections and one stimulant, to no avail — they helped me maintain my weight but never lose any. My new insurance does not cover any of the injections anymore, so I can't do another round even if I wanted to. Should I try a different med? What can I do for myself that will help?",PRICE & ACCESS,Invokana,0.0,,0.0,0.0,0.0,
P0248,R1,"I'm a 28F, 252 lbs, trying to lose weight. I lift weights/walk about 3x a week and watch what I eat. I have tried two different weight loss injections and one stimulant, to no avail — they helped me maintain my weight but never lose any. My new insurance does not cover any of the injections anymore, so I can't do another round even if I wanted to. Should I try a different med? What can I do for myself that will help?",PRICE & ACCESS,Januvia,0.0,,0.0,0.0,0.0,
P0248,R1,"I'm a 28F, 252 lbs, trying to lose weight. I lift weights/walk about 3x a week and watch what I eat. I have tried two different weight loss injections and one stimulant, to no avail — they helped me maintain my weight but never lose any. My new insurance does not cover any of the injections anymore, so I can't do another round even if I wanted to. Should I try a different med? What can I do for myself that will help?",PRICE & ACCESS,Jardiance,0.0,,0.0,0.0,0.0,
P0248,R1,"I'm a 28F, 252 lbs, trying to lose weight. I lift weights/walk about 3x a week and watch what I eat. I have tried two different weight loss injections and one stimulant, to no avail — they helped me maintain my weight but never lose any. My new insurance does not cover any of the injections anymore, so I can't do another round even if I wanted to. Should I try a different med? What can I do for myself that will help?",PRICE & ACCESS,Mounjaro,0.0,,0.0,0.0,0.0,
P0248,R1,"I'm a 28F, 252 lbs, trying to lose weight. I lift weights/walk about 3x a week and watch what I eat. I have tried two different weight loss injections and one stimulant, to no avail — they helped me maintain my weight but never lose any. My new insurance does not cover any of the injections anymore, so I can't do another round even if I wanted to. Should I try a different med? What can I do for myself that will help?",PRICE & ACCESS,Rybelsus,0.0,,0.1111111111111111,0.0,0.1111111111111111,
P0248,R1,"I'm a 28F, 252 lbs, trying to lose weight. I lift weights/walk about 3x a week and watch what I eat. I have tried two different weight loss injections and one stimulant, to no avail — they helped me maintain my weight but never lose any. My new insurance does not cover any of the injections anymore, so I can't do another round even if I wanted to. Should I try a different med? What can I do for myself that will help?",PRICE & ACCESS,Saxenda,0.0,,0.1111111111111111,0.0,0.1111111111111111,
P0248,R1,"I'm a 28F, 252 lbs, trying to lose weight. I lift weights/walk about 3x a week and watch what I eat. I have tried two different weight loss injections and one stimulant, to no avail — they helped me maintain my weight but never lose any. My new insurance does not cover any of the injections anymore, so I can't do another round even if I wanted to. Should I try a different med? What can I do for myself that will help?",PRICE & ACCESS,Trulicity,0.0,,0.0,0.0,0.0,
P0248,R1,"I'm a 28F, 252 lbs, trying to lose weight. I lift weights/walk about 3x a week and watch what I eat. I have tried two different weight loss injections and one stimulant, to no avail — they helped me maintain my weight but never lose any. My new insurance does not cover any of the injections anymore, so I can't do another round even if I wanted to. Should I try a different med? What can I do for myself that will help?",PRICE & ACCESS,Victoza,0.0,,0.0,0.0,0.0,
P0248,R1,"I'm a 28F, 252 lbs, trying to lose weight. I lift weights/walk about 3x a week and watch what I eat. I have tried two different weight loss injections and one stimulant, to no avail — they helped me maintain my weight but never lose any. My new insurance does not cover any of the injections anymore, so I can't do another round even if I wanted to. Should I try a different med? What can I do for myself that will help?",PRICE & ACCESS,Wegovy,0.0,,0.6666666666666666,0.0,0.6666666666666666,
P0248,R1,"I'm a 28F, 252 lbs, trying to lose weight. I lift weights/walk about 3x a week and watch what I eat. I have tried two different weight loss injections and one stimulant, to no avail — they helped me maintain my weight but never lose any. My new insurance does not cover any of the injections anymore, so I can't do another round even if I wanted to. Should I try a different med? What can I do for myself that will help?",PRICE & ACCESS,Zepbound,0.0,,0.1111111111111111,0.0,0.1111111111111111,
P0249,R1,"I am still pre-diabetic. My fasting glucose is usually high (120's-140's) but my most recent A1C was only 5.9. I also have hypothyroidism. I already had diarrhea issues BEFORE Metformin, but it has made them significantly worse. I also haven't seen any reduction in glucose levels from the Metformin. What other options are there? I know I don't need insulin yet. What else would they prescribe if I'm not diagnosed Type 2 yet?",SAFETY & CONTRAINDICATIONS,Farxiga,0.5555555555555555,1.0,0.0,0.0,0.0,1.0
P0249,R1,"I am still pre-diabetic. My fasting glucose is usually high (120's-140's) but my most recent A1C was only 5.9. I also have hypothyroidism. I already had diarrhea issues BEFORE Metformin, but it has made them significantly worse. I also haven't seen any reduction in glucose levels from the Metformin. What other options are there? I know I don't need insulin yet. What else would they prescribe if I'm not diagnosed Type 2 yet?",SAFETY & CONTRAINDICATIONS,Invokana,0.4444444444444444,1.0,0.0,0.0,0.0,1.0
P0249,R1,"I am still pre-diabetic. My fasting glucose is usually high (120's-140's) but my most recent A1C was only 5.9. I also have hypothyroidism. I already had diarrhea issues BEFORE Metformin, but it has made them significantly worse. I also haven't seen any reduction in glucose levels from the Metformin. What other options are there? I know I don't need insulin yet. What else would they prescribe if I'm not diagnosed Type 2 yet?",SAFETY & CONTRAINDICATIONS,Januvia,0.5555555555555555,0.75,0.16666666666666666,0.16666666666666666,0.0,0.75
P0249,R1,"I am still pre-diabetic. My fasting glucose is usually high (120's-140's) but my most recent A1C was only 5.9. I also have hypothyroidism. I already had diarrhea issues BEFORE Metformin, but it has made them significantly worse. I also haven't seen any reduction in glucose levels from the Metformin. What other options are there? I know I don't need insulin yet. What else would they prescribe if I'm not diagnosed Type 2 yet?",SAFETY & CONTRAINDICATIONS,Jardiance,0.5555555555555555,1.0,0.0,0.0,0.0,1.0
P0249,R1,"I am still pre-diabetic. My fasting glucose is usually high (120's-140's) but my most recent A1C was only 5.9. I also have hypothyroidism. I already had diarrhea issues BEFORE Metformin, but it has made them significantly worse. I also haven't seen any reduction in glucose levels from the Metformin. What other options are there? I know I don't need insulin yet. What else would they prescribe if I'm not diagnosed Type 2 yet?",SAFETY & CONTRAINDICATIONS,Mounjaro,0.4444444444444444,1.0,0.0,0.0,0.0,1.0
P0249,R1,"I am still pre-diabetic. My fasting glucose is usually high (120's-140's) but my most recent A1C was only 5.9. I also have hypothyroidism. I already had diarrhea issues BEFORE Metformin, but it has made them significantly worse. I also haven't seen any reduction in glucose levels from the Metformin. What other options are there? I know I don't need insulin yet. What else would they prescribe if I'm not diagnosed Type 2 yet?",SAFETY & CONTRAINDICATIONS,Rybelsus,0.5555555555555555,1.0,0.0,0.0,0.0,1.0
P0249,R1,"I am still pre-diabetic. My fasting glucose is usually high (120's-140's) but my most recent A1C was only 5.9. I also have hypothyroidism. I already had diarrhea issues BEFORE Metformin, but it has made them significantly worse. I also haven't seen any reduction in glucose levels from the Metformin. What other options are there? I know I don't need insulin yet. What else would they prescribe if I'm not diagnosed Type 2 yet?",SAFETY & CONTRAINDICATIONS,Saxenda,0.0,,0.0,0.0,0.0,
P0249,R1,"I am still pre-diabetic. My fasting glucose is usually high (120's-140's) but my most recent A1C was only 5.9. I also have hypothyroidism. I already had diarrhea issues BEFORE Metformin, but it has made them significantly worse. I also haven't seen any reduction in glucose levels from the Metformin. What other options are there? I know I don't need insulin yet. What else would they prescribe if I'm not diagnosed Type 2 yet?",SAFETY & CONTRAINDICATIONS,Trulicity,0.5555555555555555,1.0,0.0,0.0,0.0,1.0
P0249,R1,"I am still pre-diabetic. My fasting glucose is usually high (120's-140's) but my most recent A1C was only 5.9. I also have hypothyroidism. I already had diarrhea issues BEFORE Metformin, but it has made them significantly worse. I also haven't seen any reduction in glucose levels from the Metformin. What other options are there? I know I don't need insulin yet. What else would they prescribe if I'm not diagnosed Type 2 yet?",SAFETY & CONTRAINDICATIONS,Victoza,0.5555555555555555,1.0,0.0,0.0,0.0,1.0
P0249,R1,"I am still pre-diabetic. My fasting glucose is usually high (120's-140's) but my most recent A1C was only 5.9. I also have hypothyroidism. I already had diarrhea issues BEFORE Metformin, but it has made them significantly worse. I also haven't seen any reduction in glucose levels from the Metformin. What other options are there? I know I don't need insulin yet. What else would they prescribe if I'm not diagnosed Type 2 yet?",SAFETY & CONTRAINDICATIONS,Wegovy,0.16666666666666666,1.0,0.0,0.0,0.0,1.0
P0249,R1,"I am still pre-diabetic. My fasting glucose is usually high (120's-140's) but my most recent A1C was only 5.9. I also have hypothyroidism. I already had diarrhea issues BEFORE Metformin, but it has made them significantly worse. I also haven't seen any reduction in glucose levels from the Metformin. What other options are there? I know I don't need insulin yet. What else would they prescribe if I'm not diagnosed Type 2 yet?",SAFETY & CONTRAINDICATIONS,Zepbound,0.3333333333333333,1.0,0.0,0.0,0.0,1.0
P0250,R1,"my pcp said that i am maxxed out on metformin

she didn't talk about any alternatives, but my a1c is 7.4

what alternatives are there",BLOOD SUGAR & GLYCEMIC CONTROL,Farxiga,0.8333333333333334,0.75,0.25,0.25,0.0,1.0
P0250,R1,"my pcp said that i am maxxed out on metformin

she didn't talk about any alternatives, but my a1c is 7.4

what alternatives are there",BLOOD SUGAR & GLYCEMIC CONTROL,Invokana,0.8333333333333334,0.75,0.25,0.25,0.0,1.0
P0250,R1,"my pcp said that i am maxxed out on metformin

she didn't talk about any alternatives, but my a1c is 7.4

what alternatives are there",BLOOD SUGAR & GLYCEMIC CONTROL,Januvia,0.8333333333333334,0.8333333333333333,0.16666666666666666,0.16666666666666666,0.0,0.9166666666666666
P0250,R1,"my pcp said that i am maxxed out on metformin

she didn't talk about any alternatives, but my a1c is 7.4

what alternatives are there",BLOOD SUGAR & GLYCEMIC CONTROL,Jardiance,0.8333333333333334,0.75,0.25,0.25,0.0,1.0
P0250,R1,"my pcp said that i am maxxed out on metformin

she didn't talk about any alternatives, but my a1c is 7.4

what alternatives are there",BLOOD SUGAR & GLYCEMIC CONTROL,Mounjaro,0.8333333333333334,1.0,0.0,0.0,0.0,1.0
P0250,R1,"my pcp said that i am maxxed out on metformin

she didn't talk about any alternatives, but my a1c is 7.4

what alternatives are there",BLOOD SUGAR & GLYCEMIC CONTROL,Rybelsus,0.41666666666666663,1.0,0.0,0.0,0.0,1.0
P0250,R1,"my pcp said that i am maxxed out on metformin

she didn't talk about any alternatives, but my a1c is 7.4

what alternatives are there",BLOOD SUGAR & GLYCEMIC CONTROL,Saxenda,0.0,,0.0,0.0,0.0,
P0250,R1,"my pcp said that i am maxxed out on metformin

she didn't talk about any alternatives, but my a1c is 7.4

what alternatives are there",BLOOD SUGAR & GLYCEMIC CONTROL,Trulicity,0.8333333333333334,0.9166666666666666,0.08333333333333333,0.08333333333333333,0.0,0.9166666666666666
P0250,R1,"my pcp said that i am maxxed out on metformin

she didn't talk about any alternatives, but my a1c is 7.4

what alternatives are there",BLOOD SUGAR & GLYCEMIC CONTROL,Victoza,0.8333333333333334,0.9166666666666666,0.08333333333333333,0.08333333333333333,0.0,0.9166666666666666
P0250,R1,"my pcp said that i am maxxed out on metformin

she didn't talk about any alternatives, but my a1c is 7.4

what alternatives are there",BLOOD SUGAR & GLYCEMIC CONTROL,Wegovy,0.3333333333333333,1.0,0.0,0.0,0.0,1.0
P0250,R1,"my pcp said that i am maxxed out on metformin

she didn't talk about any alternatives, but my a1c is 7.4

what alternatives are there",BLOOD SUGAR & GLYCEMIC CONTROL,Zepbound,0.08333333333333333,1.0,0.0,0.0,0.0,1.0
